GENDER,AGE,NETMONTHLYINCOME,Credit_Score,num_times_delinquent
M,48,51000.0,696,11
F,23,19000.0,685,0
M,40,18.0,693,9
M,34,10000.0,673,0
M,48,15000.0,753,0
M,35,30000.0,703,0
M,30,27000.0,676,3
F,39,18000.0,658,3
M,28,18000.0,705,0
M,27,20000.0,685,0
F,57,30000.0,682,0
M,30,55000.0,669,1
M,39,25000.0,687,0
M,27,30000.0,692,0
M,44,25000.0,643,0
M,30,30000.0,678,0
M,33,32000.0,682,0
M,31,28000.0,691,0
M,31,48000.0,720,8
M,25,65000.0,669,1
F,35,64000.0,699,1
M,24,15000.0,678,0
M,21,16000.0,689,0
M,22,30000.0,702,0
M,21,35000.0,677,0
M,28,20000.0,660,10
F,30,10000.0,685,0
F,37,25000.0,740,1
M,33,50000.0,678,0
M,22,50000.0,671,4
M,52,21000.0,638,0
M,41,18000.0,689,0
M,25,15000.0,663,0
M,25,12000.0,692,0
M,26,30000.0,693,0
F,30,25000.0,678,0
M,38,55000.0,705,0
M,57,40000.0,657,0
M,48,25000.0,693,0
M,25,25000.0,672,0
M,31,15000.0,663,0
F,25,18500.0,673,0
M,52,13000.0,662,4
M,31,45000.0,659,4
M,25,20000.0,651,1
M,51,12000.0,679,0
F,25,18000.0,655,2
M,24,18000.0,664,0
M,26,17000.0,691,0
M,33,25000.0,671,5
M,34,30000.0,660,5
M,27,16000.0,660,4
M,23,15000.0,655,0
M,34,35000.0,654,0
M,53,20000.0,690,0
M,28,15000.0,679,0
F,28,10000.0,673,1
M,43,28000.0,694,0
M,26,20000.0,675,0
M,30,51000.0,670,0
F,32,20000.0,684,0
M,35,15000.0,687,0
F,38,7000.0,684,0
M,30,25000.0,697,0
M,28,25000.0,672,0
F,34,30000.0,673,0
M,47,20000.0,688,0
M,29,20000.0,695,0
M,32,20000.0,686,0
M,31,40900.0,618,2
M,41,65000.0,707,0
F,45,20000.0,678,1
M,38,10000.0,697,0
M,26,20000.0,710,0
M,27,15500.0,684,0
M,27,50000.0,699,0
M,55,13000.0,684,0
M,26,20000.0,672,2
F,29,15000.0,698,0
M,43,19000.0,679,0
M,32,9000.0,685,0
M,34,14500.0,691,0
M,35,33000.0,647,1
F,29,10000.0,679,0
M,31,54000.0,660,0
M,63,8500.0,694,0
M,26,25000.0,682,1
M,39,25000.0,693,0
M,35,43000.0,647,1
M,29,20000.0,684,0
M,38,12.0,680,0
F,35,40000.0,686,0
M,41,23000.0,687,18
M,28,30000.0,693,1
M,23,18000.0,692,0
M,33,40000.0,675,14
M,27,35000.0,697,1
M,46,25000.0,703,0
M,33,38500.0,695,0
M,25,34200.0,668,0
F,41,10000.0,662,4
M,30,24000.0,662,4
M,32,19000.0,659,0
M,24,11500.0,678,0
M,45,14300.0,720,4
M,26,15000.0,685,0
M,42,80000.0,678,0
M,31,25000.0,692,0
F,37,45000.0,668,16
M,49,28000.0,690,0
M,35,35000.0,690,14
M,21,30000.0,677,0
M,36,15000.0,666,13
M,22,23000.0,638,0
F,47,20000.0,693,0
M,32,32000.0,665,4
M,31,15000.0,688,0
M,39,25000.0,677,0
M,25,25000.0,681,0
F,46,28000.0,679,0
M,36,25000.0,679,0
M,42,27000.0,673,0
M,48,15000.0,677,0
M,54,21000.0,746,0
M,33,28000.0,676,0
M,32,20000.0,693,0
M,21,28000.0,688,0
M,31,17002.0,663,3
M,35,20000.0,652,1
M,45,20000.0,694,0
M,23,15500.0,676,0
M,26,17000.0,685,0
M,21,25000.0,648,0
M,46,27000.0,630,0
M,30,50000.0,694,0
M,35,18000.0,664,9
M,33,30000.0,671,0
M,21,25000.0,635,1
M,27,12000.0,685,0
M,25,15000.0,682,0
M,44,30000.0,708,0
M,33,15000.0,683,0
M,28,9000.0,703,0
M,43,30000.0,720,0
M,27,24500.0,646,4
M,25,35000.0,669,0
M,25,18326.0,686,0
M,26,14000.0,686,0
M,23,12000.0,669,0
M,32,36000.0,682,0
M,36,35000.0,689,0
M,24,20000.0,671,0
M,39,29000.0,694,0
M,33,33000.0,665,2
M,33,20000.0,673,2
M,38,45000.0,706,0
M,27,55000.0,698,0
M,52,25000.0,715,0
M,23,19000.0,665,2
M,41,20000.0,704,0
M,38,20000.0,698,0
M,43,20000.0,716,0
M,24,11000.0,673,2
M,39,20000.0,659,0
M,31,20000.0,664,3
M,47,25000.0,691,1
M,48,15000.0,680,1
M,64,60000.0,707,0
M,24,30000.0,681,0
M,33,15000.0,623,1
M,26,25000.0,673,0
F,34,15000.0,672,11
M,44,40000.0,685,0
M,39,40000.0,670,0
M,27,35000.0,691,0
M,29,15000.0,699,0
M,25,48000.0,684,2
M,31,25000.0,658,0
F,44,13000.0,670,2
M,32,25000.0,679,0
M,30,60000.0,686,0
M,34,32000.0,700,0
M,32,35000.0,672,7
M,37,30000.0,681,0
M,31,30000.0,693,0
M,43,65000.0,684,0
M,33,12000.0,691,1
M,28,45000.0,691,0
M,25,20000.0,659,0
M,35,45000.0,718,0
M,30,45000.0,685,0
M,23,52000.0,652,0
M,30,35000.0,689,0
M,38,20000.0,678,0
M,23,19000.0,669,0
M,32,25000.0,706,0
M,38,28000.0,709,0
M,34,28000.0,676,13
M,21,24000.0,648,1
F,29,18000.0,659,1
M,22,11000.0,685,0
M,27,22000.0,695,0
M,24,45000.0,639,0
M,27,35000.0,676,0
M,37,25000.0,668,0
M,26,28000.0,686,0
F,24,20000.0,686,0
F,36,22000.0,666,0
M,55,25000.0,700,6
F,32,20000.0,680,0
M,32,21000.0,667,0
F,41,13500.0,693,0
M,46,15000.0,683,0
M,23,18000.0,672,0
M,27,21000.0,678,0
M,29,19000.0,710,0
M,23,20500.0,658,3
M,30,25000.0,668,0
M,43,14500.0,699,0
M,39,25000.0,675,0
F,22,30000.0,665,0
F,34,16000.0,682,0
M,46,23800.0,677,18
F,48,18000.0,689,14
F,22,16400.0,649,0
M,43,28000.0,698,2
M,25,17000.0,675,0
M,35,35000.0,703,0
M,46,59000.0,664,8
M,26,9653.0,690,0
M,23,44000.0,691,0
M,29,31000.0,684,0
M,43,40000.0,684,0
M,37,29000.0,673,0
M,30,12000.0,674,0
M,36,30000.0,700,1
M,38,48000.0,707,0
M,32,28000.0,667,0
M,27,14000.0,683,0
M,27,15000.0,658,0
M,31,20000.0,668,0
M,33,28000.0,687,0
M,34,58000.0,708,22
M,22,12000.0,693,0
F,49,25000.0,689,5
M,37,75000.0,651,0
M,28,25000.0,674,10
M,42,32000.0,721,0
M,42,28000.0,714,2
M,47,26000.0,683,0
M,56,26000.0,675,0
M,44,40000.0,696,0
M,54,20000.0,684,3
M,28,15000.0,658,0
M,34,30000.0,671,0
M,29,18000.0,680,1
M,30,25000.0,650,1
M,30,20000.0,659,1
M,31,20000.0,677,0
M,46,95000.0,677,0
M,48,19500.0,704,0
M,41,33000.0,701,0
M,27,34000.0,657,0
M,48,16000.0,673,0
M,46,40000.0,677,0
M,33,15000.0,679,0
M,57,28000.0,676,2
M,28,26500.0,670,0
M,55,25000.0,720,6
F,38,15000.0,688,0
M,31,25000.0,681,0
M,29,40000.0,666,11
M,28,20000.0,691,0
M,29,30000.0,676,18
F,46,25000.0,670,1
M,28,28000.0,662,1
M,31,20000.0,663,0
M,27,20000.0,692,0
M,30,25000.0,651,7
M,44,25000.0,699,0
M,37,25000.0,692,0
M,41,15000.0,690,0
M,33,14500.0,690,0
M,32,20000.0,664,0
M,23,75000.0,655,1
M,31,20000.0,729,0
M,23,18500.0,687,0
M,26,50000.0,675,0
M,51,27000.0,687,2
M,24,10000.0,686,0
M,32,22000.0,665,0
M,28,15000.0,668,0
M,24,40000.0,675,3
M,55,20000.0,669,0
M,25,85000.0,655,0
F,52,20000.0,671,2
M,22,19500.0,642,0
M,22,26000.0,675,0
M,26,17000.0,673,1
M,36,30000.0,671,7
M,27,50000.0,658,0
M,48,50000.0,754,0
F,36,15000.0,570,20
F,38,30000.0,694,5
M,30,25000.0,669,0
F,29,18000.0,698,0
F,34,38000.0,679,0
M,43,18000.0,700,0
F,38,22000.0,673,0
F,55,18000.0,682,0
M,31,60000.0,688,0
M,29,12000.0,686,0
M,33,24000.0,734,0
M,22,22000.0,688,0
M,32,25000.0,643,1
M,58,35500.0,681,0
F,27,28000.0,679,1
M,48,20000.0,662,12
M,50,31000.0,710,0
M,48,45000.0,657,0
M,29,30000.0,664,1
M,30,19000.0,689,0
M,37,26000.0,712,0
M,35,15000.0,682,0
F,26,15000.0,676,0
M,28,18000.0,656,0
M,32,34000.0,653,4
M,23,17000.0,681,0
M,39,28000.0,668,0
M,42,8000.0,685,0
M,39,30000.0,722,0
M,26,18000.0,683,0
M,27,14500.0,672,0
M,39,45000.0,710,0
M,24,25000.0,673,1
M,30,18000.0,658,3
M,28,11000.0,695,0
F,39,11000.0,694,0
M,29,12000.0,693,0
M,27,15000.0,680,0
M,39,50000.0,691,1
M,28,30000.0,672,0
F,41,22000.0,681,1
M,24,18000.0,673,0
M,23,15500.0,632,0
M,22,15000.0,671,0
M,39,25000.0,704,15
M,23,20000.0,661,0
M,48,10000.0,672,0
M,44,35000.0,653,12
M,34,45000.0,689,3
F,42,25000.0,664,0
M,58,64000.0,710,0
M,57,16000.0,707,0
M,28,20000.0,686,0
M,31,45000.0,662,0
M,44,16000.0,679,0
M,23,13000.0,685,0
M,36,16000.0,716,0
M,23,10000.0,681,0
M,31,30000.0,707,0
M,35,22000.0,624,1
M,32,19000.0,677,0
F,24,19000.0,696,2
F,31,35000.0,676,7
M,25,20000.0,665,0
F,38,35000.0,644,1
M,48,20000.0,675,0
M,31,30000.0,724,0
M,40,20000.0,715,0
M,37,30000.0,677,0
M,33,13000.0,687,5
M,29,28000.0,661,0
M,25,30000.0,642,1
M,32,20000.0,676,0
M,27,21756.0,670,1
M,26,18000.0,666,0
M,41,30000.0,693,0
M,33,12.0,666,2
M,53,30000.0,699,1
M,29,14000.0,663,2
M,23,68000.0,656,0
M,32,40000.0,690,0
F,56,35000.0,651,0
F,46,28000.0,731,0
M,31,13800.0,666,0
F,41,45000.0,693,0
M,23,20000.0,667,4
M,33,35000.0,698,10
M,34,15000.0,671,0
M,36,6.0,645,9
M,38,28000.0,701,12
M,25,28000.0,687,0
M,40,40000.0,673,0
M,21,38000.0,657,1
M,47,35000.0,680,1
M,57,60000.0,759,4
M,24,18000.0,675,8
M,49,20000.0,679,0
M,34,28000.0,659,1
M,30,21890.0,647,1
M,21,15000.0,683,0
M,28,60000.0,649,57
M,46,15000.0,701,0
M,51,20000.0,699,0
M,35,15000.0,674,0
M,50,35000.0,693,0
F,23,18000.0,633,2
M,26,64000.0,693,0
M,21,20000.0,680,4
F,26,19000.0,672,0
M,25,13000.0,677,1
M,29,35000.0,686,4
M,37,55000.0,706,0
M,35,28000.0,705,0
M,33,18000.0,692,0
M,32,23000.0,664,7
F,27,13500.0,682,0
F,42,30000.0,730,0
M,58,13000.0,704,0
M,26,12500.0,664,1
M,31,30000.0,679,0
M,26,20000.0,655,0
M,48,43000.0,661,0
F,37,50000.0,662,1
M,21,30000.0,662,0
M,23,18000.0,683,0
M,38,15500.0,706,0
F,46,21000.0,656,8
M,24,26350.0,658,0
F,26,15000.0,681,0
M,30,28000.0,695,0
M,59,25000.0,678,0
M,26,25000.0,658,5
F,37,18000.0,684,0
M,28,30000.0,691,0
F,26,13000.0,679,0
M,31,20000.0,663,0
F,24,15000.0,688,0
M,25,28000.0,670,0
M,30,40000.0,650,6
M,27,24000.0,680,0
M,30,20000.0,669,0
M,32,25000.0,660,12
M,30,19000.0,681,2
M,26,12000.0,708,0
M,24,35000.0,674,0
M,34,20000.0,724,0
M,24,30000.0,643,0
M,29,18000.0,649,2
M,27,18000.0,669,0
F,24,16000.0,688,0
M,37,18000.0,668,0
M,22,18000.0,696,0
M,24,18000.0,678,0
M,26,25000.0,621,2
M,31,30000.0,667,0
M,37,25000.0,679,0
M,24,28000.0,671,0
F,27,15000.0,629,0
M,40,22000.0,670,0
M,43,35000.0,684,0
M,33,40000.0,666,1
M,36,17000.0,656,3
M,46,35000.0,668,0
M,21,5000.0,672,0
M,26,25000.0,670,12
M,23,40000.0,633,4
M,41,52000.0,679,4
M,32,22000.0,683,0
M,53,15500.0,646,1
M,39,27500.0,719,0
M,41,15000.0,698,0
F,33,11500.0,698,0
M,44,20000.0,701,0
M,38,28000.0,644,0
M,32,25000.0,665,2
M,29,28000.0,691,0
M,43,16000.0,677,1
M,22,20000.0,679,0
M,29,22500.0,659,12
M,22,30000.0,680,0
F,33,20000.0,716,0
M,26,10000.0,683,0
M,53,24000.0,701,0
M,36,19000.0,695,0
M,30,13000.0,699,0
M,45,44000.0,725,21
M,27,35000.0,674,0
M,40,35000.0,681,0
M,38,30000.0,702,0
M,25,39000.0,662,4
M,35,20000.0,699,0
M,34,32000.0,670,0
M,37,20000.0,712,0
M,22,28000.0,674,0
M,29,15800.0,671,0
M,38,55000.0,680,0
M,25,18000.0,644,0
M,24,23500.0,674,3
M,23,15000.0,679,0
M,62,2000.0,665,6
M,29,20000.0,683,0
M,34,30000.0,702,0
F,26,20000.0,673,0
M,31,23000.0,691,4
M,45,35000.0,698,3
M,46,32000.0,663,2
M,34,15500.0,689,0
F,36,14000.0,689,0
M,24,25000.0,590,0
F,33,38000.0,691,0
M,27,18000.0,643,1
M,36,70000.0,655,8
M,33,80000.0,694,0
M,47,29000.0,700,6
M,37,23000.0,686,1
M,47,15000.0,682,1
M,21,8000.0,688,0
M,21,18000.0,642,2
F,52,40000.0,734,0
M,35,18000.0,692,0
M,33,18000.0,646,3
M,37,15000.0,677,2
M,29,18000.0,678,0
F,40,10000.0,685,0
F,43,20500.0,665,0
F,49,24000.0,679,0
M,31,19500.0,688,0
M,42,33000.0,690,0
F,50,16500.0,699,0
M,21,20000.0,680,0
M,55,27000.0,686,0
M,23,65000.0,699,0
M,23,18000.0,676,0
M,36,22000.0,682,0
M,24,30000.0,653,5
M,32,15000.0,681,7
M,29,45000.0,665,5
F,36,20000.0,671,0
M,34,40000.0,677,0
M,33,17500.0,684,0
M,25,11000.0,648,1
F,28,23300.0,650,9
M,42,35000.0,719,0
M,22,10000.0,681,0
M,33,22000.0,734,0
M,29,25000.0,723,0
M,26,15500.0,675,0
M,36,30000.0,660,0
M,42,30000.0,668,6
M,30,25000.0,693,0
M,28,30000.0,679,0
M,30,38000.0,708,3
M,25,50000.0,677,0
M,22,15000.0,664,2
M,26,20000.0,654,5
M,37,17000.0,677,0
M,26,39000.0,696,1
F,31,25000.0,697,0
M,51,17000.0,685,0
M,26,12000.0,689,0
M,40,20000.0,680,2
M,53,15000.0,675,0
M,40,22000.0,639,17
M,46,32800.0,669,1
M,23,20000.0,676,1
M,33,47000.0,694,0
M,32,20000.0,693,2
M,50,35000.0,659,34
M,41,18000.0,685,3
M,31,42000.0,674,0
M,43,27500.0,690,0
M,25,16000.0,680,0
M,45,37000.0,737,0
M,30,30000.0,654,0
M,24,12500.0,678,0
M,31,15500.0,684,0
M,28,50000.0,670,2
M,26,14000.0,669,1
F,46,10.0,651,3
M,21,12500.0,681,0
M,24,25000.0,674,0
M,31,21000.0,682,3
M,26,15000.0,690,0
M,29,15500.0,675,0
M,24,30000.0,679,0
M,28,18500.0,714,11
M,38,10000.0,689,0
M,31,20500.0,663,0
M,39,23500.0,687,2
M,31,59000.0,671,1
M,27,16000.0,693,0
M,39,25000.0,716,0
M,34,20000.0,661,0
M,44,28000.0,717,0
M,27,28000.0,678,1
M,25,15000.0,676,0
M,46,3650.0,674,1
M,45,28000.0,699,0
M,24,35000.0,649,0
F,46,13500.0,708,0
M,24,18000.0,667,1
M,22,12000.0,682,0
M,26,27500.0,635,1
M,38,18000.0,697,0
M,32,15000.0,666,0
M,29,25000.0,702,12
M,30,19000.0,685,0
M,28,43000.0,710,0
M,47,49000.0,720,0
M,35,30000.0,685,31
M,29,45000.0,613,21
M,26,90000.0,674,3
F,53,37500.0,687,0
M,27,12500.0,677,0
M,30,15000.0,680,0
M,34,18000.0,676,0
M,33,32000.0,680,2
M,37,45500.0,647,4
M,25,35000.0,689,0
M,52,55000.0,675,5
M,33,25000.0,664,6
M,32,25000.0,685,0
M,27,13000.0,671,0
M,43,16000.0,686,0
M,31,40000.0,662,0
M,26,23500.0,669,0
M,45,25000.0,739,0
M,39,20000.0,674,1
M,31,58000.0,693,0
M,27,30000.0,677,4
M,38,15000.0,682,0
M,27,48000.0,675,0
M,22,24000.0,687,0
M,39,15000.0,698,0
M,26,16000.0,689,1
M,26,19000.0,681,0
M,32,28000.0,671,0
M,31,18000.0,682,0
F,31,28000.0,664,4
M,35,60000.0,682,0
M,35,25000.0,662,2
F,32,11200.0,678,0
M,34,41000.0,711,0
M,52,60000.0,723,0
M,22,22000.0,659,0
M,22,24000.0,680,0
M,23,31000.0,668,8
M,28,32458.0,656,0
M,38,13000.0,661,0
M,22,23000.0,671,0
M,49,40000.0,693,0
M,29,30000.0,659,0
M,47,35000.0,710,0
M,26,20000.0,663,4
F,44,42000.0,695,0
F,28,20000.0,670,0
M,35,39000.0,692,0
M,28,19000.0,685,0
M,26,24000.0,680,0
M,48,40000.0,688,5
F,29,19800.0,665,1
M,29,15000.0,677,0
M,45,9000.0,668,6
M,37,30000.0,672,1
M,27,25000.0,708,0
M,29,40000.0,643,0
M,34,35000.0,695,0
M,25,38000.0,671,1
M,32,28000.0,628,1
M,28,28000.0,650,2
M,37,16000.0,658,2
M,27,18000.0,690,0
M,40,30000.0,688,0
M,22,11000.0,676,0
M,32,38000.0,706,8
M,27,15000.0,666,0
M,28,19500.0,699,0
M,43,26000.0,715,0
M,24,12000.0,696,0
F,40,12800.0,693,0
M,23,22000.0,682,0
M,36,18000.0,724,0
M,31,65000.0,704,0
M,34,20700.0,668,0
M,39,34000.0,698,0
M,32,15000.0,685,0
M,28,20000.0,678,0
M,38,35000.0,685,0
M,27,18000.0,680,1
M,41,25000.0,706,0
M,24,20000.0,688,0
M,27,32500.0,680,0
F,31,10000.0,671,0
M,53,25000.0,711,8
M,51,69500.0,715,0
F,30,20000.0,692,0
M,33,22500.0,686,1
M,28,18000.0,663,2
M,33,10000.0,673,5
F,36,15000.0,692,0
M,30,22000.0,661,0
M,30,14500.0,674,0
M,32,3000.0,687,0
M,31,36500.0,670,1
M,50,30000.0,676,11
M,29,22000.0,653,2
F,31,19000.0,666,0
M,33,20000.0,678,13
M,54,74000.0,686,1
M,28,5000.0,678,2
M,25,25000.0,628,0
M,37,16000.0,683,0
M,30,35000.0,687,0
M,41,95000.0,678,0
M,41,15000.0,681,0
M,29,45000.0,670,13
M,55,52200.0,721,1
M,28,19000.0,713,0
M,55,30000.0,673,0
M,46,26000.0,695,0
M,23,20000.0,688,0
M,33,21500.0,681,0
M,23,38000.0,679,0
M,25,18500.0,688,0
M,59,45000.0,610,0
M,46,30000.0,665,4
M,25,30000.0,671,0
M,24,13000.0,683,0
M,24,16000.0,685,0
F,34,6000.0,655,2
M,50,16800.0,692,0
F,34,25000.0,669,0
M,48,50000.0,650,1
M,21,22000.0,663,0
M,29,37652.0,725,0
M,43,56500.0,698,0
M,28,18500.0,673,0
M,43,19000.0,712,12
M,30,10500.0,680,0
M,25,26000.0,677,0
M,41,31000.0,680,4
M,21,12000.0,686,0
F,47,18000.0,695,0
M,35,35000.0,678,0
M,48,21000.0,682,0
M,46,20000.0,704,5
M,36,35000.0,690,2
M,36,12000.0,702,6
M,56,17500.0,678,1
M,48,15000.0,682,0
M,27,19000.0,690,0
M,23,40000.0,670,0
M,31,27000.0,678,7
F,45,25000.0,646,0
M,46,55000.0,709,4
M,54,22000.0,678,5
M,23,35000.0,640,0
M,34,18000.0,702,0
M,45,32000.0,684,0
M,34,16800.0,660,2
M,26,50000.0,683,0
M,23,22000.0,644,0
M,28,20500.0,680,0
M,46,20000.0,685,0
M,31,28000.0,668,5
M,56,54000.0,710,0
M,42,23000.0,661,1
M,22,23000.0,673,0
M,33,100000.0,666,0
M,29,25000.0,695,0
M,40,10000.0,685,0
F,25,10000.0,661,0
M,53,15000.0,694,2
M,34,27000.0,667,33
M,26,20000.0,664,0
M,34,22000.0,694,0
M,25,25000.0,683,17
M,35,15000.0,717,1
M,34,12500.0,690,0
M,23,40000.0,643,0
M,57,24000.0,695,0
M,27,20000.0,632,9
M,36,17000.0,675,0
M,31,25000.0,675,0
F,21,15000.0,685,0
M,24,27000.0,680,0
M,39,25000.0,727,0
F,28,25000.0,679,0
M,33,20000.0,671,0
M,25,15000.0,665,3
M,29,26000.0,670,0
M,43,16000.0,670,14
F,22,25000.0,677,3
F,25,25000.0,660,0
M,40,45000.0,687,0
F,35,17990.0,686,0
M,36,25000.0,675,0
M,29,50000.0,672,0
M,28,25000.0,669,0
M,21,13500.0,679,0
M,25,37000.0,674,0
M,22,35000.0,694,0
M,24,16000.0,671,9
M,24,12000.0,671,0
M,33,13000.0,697,0
M,38,15000.0,726,0
M,23,22000.0,656,0
M,21,33000.0,648,1
M,36,23000.0,677,0
M,61,31000.0,700,0
M,24,23000.0,656,2
F,24,9000.0,681,0
M,53,13000.0,684,5
M,32,23000.0,683,7
M,28,35000.0,674,1
M,27,12000.0,696,0
M,24,15000.0,673,0
M,32,25000.0,672,7
M,51,18000.0,688,0
F,49,30000.0,720,5
M,33,30000.0,686,0
M,24,16000.0,696,0
M,34,26500.0,680,0
M,64,75000.0,699,1
M,26,60000.0,679,0
M,29,20000.0,663,0
F,38,22000.0,687,1
M,26,20000.0,652,0
M,31,15000.0,695,0
M,43,25000.0,696,0
M,41,71000.0,713,0
M,33,20000.0,663,0
M,52,35000.0,666,1
F,35,10000.0,669,0
M,36,19000.0,688,1
M,43,32000.0,699,0
M,22,10293.0,658,1
M,31,13000.0,684,0
M,34,13000.0,691,0
M,26,32000.0,707,0
M,34,30000.0,654,0
M,40,20000.0,665,2
M,41,25000.0,696,0
M,51,58000.0,667,0
M,32,34000.0,653,4
M,23,19000.0,670,0
M,36,15000.0,678,4
F,32,8100.0,690,0
M,28,15000.0,689,0
M,27,29650.0,679,0
F,29,18000.0,671,0
M,39,18000.0,672,28
M,41,45000.0,693,0
F,45,24000.0,688,0
M,29,150000.0,691,0
M,54,23000.0,683,0
M,55,15000.0,678,0
M,39,25000.0,689,0
M,31,24000.0,696,0
M,27,15000.0,676,12
M,52,42950.0,678,1
M,29,15000.0,697,0
M,42,65000.0,667,3
M,31,38000.0,698,0
M,46,38000.0,744,35
M,46,95000.0,646,8
M,23,30000.0,675,1
M,25,22800.0,660,0
M,41,33000.0,704,0
M,47,15000.0,636,0
M,24,25000.0,686,0
F,27,24000.0,686,13
M,33,50000.0,697,0
M,31,30000.0,661,0
M,24,12000.0,669,0
M,45,19500.0,685,0
M,36,55000.0,691,0
M,35,38000.0,674,6
M,26,12000.0,649,11
M,38,38000.0,677,1
M,27,40000.0,682,3
M,47,28000.0,695,0
M,24,30000.0,670,0
M,31,18000.0,685,0
F,24,15000.0,678,2
F,41,21500.0,695,0
M,46,20000.0,700,0
M,26,30000.0,691,0
M,60,38000.0,655,0
M,23,17000.0,691,0
M,30,48000.0,664,12
M,23,23000.0,685,0
M,38,20000.0,697,3
M,33,20000.0,680,0
M,53,30000.0,676,0
M,31,25000.0,725,0
M,37,20000.0,674,0
M,32,17000.0,680,0
M,28,16000.0,686,0
M,32,50000.0,666,0
M,23,12000.0,681,0
M,24,29000.0,674,0
M,28,30000.0,673,0
M,29,70000.0,700,0
M,31,20000.0,658,1
M,34,21500.0,681,0
F,38,35000.0,690,0
M,47,40000.0,707,2
M,39,50000.0,677,0
M,38,42000.0,675,0
M,39,25000.0,670,0
M,28,50000.0,644,4
M,26,23000.0,663,0
M,21,16000.0,665,0
M,23,25000.0,685,0
M,43,28000.0,702,0
M,45,20000.0,673,0
M,33,45000.0,671,3
M,34,21000.0,677,0
M,40,60000.0,666,0
M,42,19000.0,678,0
M,35,30000.0,689,0
M,23,13000.0,680,0
M,33,26500.0,688,0
M,33,33500.0,722,0
M,24,20000.0,675,0
M,53,50000.0,679,0
M,29,28000.0,681,4
M,27,15000.0,684,0
M,25,24000.0,685,0
M,55,35000.0,685,0
M,33,17000.0,690,0
M,29,18000.0,708,0
M,39,19000.0,678,2
M,22,9500.0,671,0
M,36,13000.0,703,0
M,27,12500.0,679,0
M,40,20000.0,678,1
M,23,9500.0,669,0
M,35,40000.0,682,0
F,38,22000.0,688,0
M,27,18500.0,670,10
M,24,18600.0,662,0
M,32,32400.0,684,0
M,37,35600.0,689,0
M,32,90000.0,695,0
M,32,25000.0,676,0
M,25,21500.0,677,0
M,27,32000.0,663,0
M,22,40000.0,686,0
M,32,25000.0,632,0
M,29,20000.0,697,0
M,35,20000.0,694,0
M,28,35000.0,657,0
M,52,60000.0,704,0
M,33,17000.0,669,0
M,28,23000.0,688,0
M,39,20000.0,687,0
M,33,30000.0,704,0
M,44,34000.0,678,0
M,30,35000.0,666,1
M,28,18000.0,683,0
M,24,35000.0,659,9
M,37,23000.0,705,0
M,33,28000.0,719,0
M,46,26000.0,680,1
M,26,20000.0,649,1
M,36,30000.0,715,12
F,22,33000.0,684,0
M,41,20500.0,664,6
M,38,31000.0,636,0
F,31,30000.0,679,0
M,23,15500.0,684,0
M,22,19500.0,666,0
M,38,30000.0,689,0
M,37,23000.0,684,0
M,25,25000.0,681,0
M,34,40000.0,658,4
M,25,15000.0,678,0
M,22,11000.0,691,0
M,42,22000.0,674,0
M,21,32254.0,673,0
M,41,29000.0,671,0
M,25,13000.0,676,0
M,44,25000.0,685,26
M,25,18000.0,679,0
F,21,15000.0,665,1
M,55,22000.0,674,13
M,25,15000.0,684,0
M,37,30000.0,674,0
M,26,70000.0,670,0
M,33,60000.0,690,0
M,51,25000.0,645,3
M,30,16500.0,653,1
M,26,42000.0,682,0
M,36,43000.0,687,0
M,26,24000.0,664,34
M,55,40000.0,693,0
M,28,73000.0,676,0
M,26,10000.0,670,0
M,25,17000.0,674,0
M,25,13000.0,687,1
M,26,33000.0,669,0
M,26,23000.0,678,0
F,40,30000.0,669,2
M,35,13500.0,665,0
M,28,32000.0,682,0
M,27,60000.0,663,0
F,39,50000.0,704,0
M,28,11000.0,700,0
F,44,16000.0,699,0
F,41,25000.0,688,0
M,31,30000.0,674,0
M,52,30000.0,710,0
M,32,18000.0,677,0
M,32,18200.0,692,0
M,22,23000.0,649,0
M,32,26000.0,679,0
M,40,24000.0,693,0
M,30,20000.0,672,0
M,39,12000.0,723,0
M,29,42000.0,652,2
M,51,18000.0,689,1
M,31,18000.0,662,1
M,35,30000.0,686,0
M,43,18000.0,673,9
M,61,20000.0,680,21
M,26,18000.0,700,0
M,50,20000.0,653,0
M,25,50000.0,680,0
M,37,26000.0,695,0
M,44,12000.0,678,3
M,24,22000.0,684,0
M,30,14885.0,663,0
M,24,29466.0,661,11
F,36,9000.0,685,0
M,29,17000.0,679,0
M,24,16000.0,661,1
M,28,22000.0,678,0
M,35,25000.0,690,0
M,36,25000.0,664,0
M,42,20000.0,666,4
M,30,21000.0,664,2
M,41,20000.0,718,0
M,58,30000.0,688,0
M,34,70000.0,701,1
M,48,17000.0,691,8
M,28,60000.0,679,0
M,30,20000.0,647,0
M,28,25000.0,693,0
M,36,16000.0,669,1
M,23,15000.0,681,0
M,53,15000.0,678,0
M,23,40000.0,673,2
M,48,25000.0,706,2
M,46,15000.0,708,0
M,38,20000.0,721,0
F,33,13500.0,664,0
M,28,13000.0,693,0
M,28,25000.0,700,0
M,35,45000.0,710,0
M,37,18200.0,687,0
M,31,11000.0,677,0
M,24,15000.0,674,0
M,31,20000.0,662,1
M,36,25000.0,698,0
F,29,15000.0,663,0
F,59,25000.0,684,0
M,33,23000.0,691,0
M,22,18000.0,662,0
M,28,14000.0,721,0
M,23,14000.0,675,0
M,28,50000.0,631,4
M,37,20000.0,682,9
M,40,30000.0,656,0
M,21,25000.0,673,0
M,25,26000.0,654,5
M,49,25000.0,724,10
F,46,65000.0,696,0
M,38,19000.0,630,0
M,29,20000.0,686,0
M,26,29500.0,682,0
M,32,35000.0,671,15
M,25,20000.0,666,7
M,26,26000.0,697,0
M,26,45000.0,646,0
F,25,10000.0,666,0
M,32,9000.0,673,0
F,21,15000.0,614,0
M,45,40000.0,680,0
F,54,23000.0,677,0
M,60,23000.0,649,0
M,50,35000.0,714,7
F,31,15000.0,678,0
M,31,12000.0,700,0
M,52,28000.0,700,0
M,37,22000.0,674,0
M,46,25000.0,690,3
M,29,10000.0,690,0
M,26,18000.0,663,1
F,42,22000.0,683,0
M,37,2000.0,664,2
M,31,25000.0,686,0
M,44,12000.0,676,3
M,50,14600.0,676,1
M,41,30000.0,670,0
M,36,25000.0,653,5
M,53,15000.0,693,0
F,53,25000.0,669,0
M,26,33000.0,689,0
M,39,32000.0,683,0
M,32,27500.0,642,17
M,27,15000.0,652,11
M,47,25000.0,765,0
M,33,15000.0,698,0
M,25,75000.0,672,8
M,33,19000.0,676,0
M,23,13000.0,678,0
M,33,48000.0,692,0
M,36,15000.0,673,0
M,31,35000.0,703,0
M,33,25000.0,686,0
M,52,45000.0,650,1
M,27,24000.0,687,0
M,41,20000.0,674,0
M,36,18000.0,675,0
M,25,55000.0,667,0
F,37,26730.0,687,3
M,31,50000.0,627,3
F,36,18000.0,676,0
M,31,25000.0,689,0
M,25,25000.0,667,0
M,45,40000.0,672,11
M,24,45000.0,666,0
M,26,15000.0,669,0
F,57,28000.0,733,0
M,40,48000.0,675,0
M,26,25000.0,682,0
M,32,70000.0,676,0
M,35,25000.0,683,0
M,42,40000.0,705,4
M,22,9000.0,650,1
M,31,50000.0,659,0
M,25,12800.0,679,0
F,35,35000.0,663,2
M,43,38000.0,724,0
M,30,15000.0,639,4
M,31,14000.0,660,1
M,38,18000.0,700,0
M,23,22000.0,682,0
M,36,15000.0,680,0
M,25,22000.0,697,0
M,21,25000.0,674,0
M,38,18000.0,664,0
M,23,30000.0,615,5
M,35,15000.0,657,0
M,28,25000.0,700,0
F,45,34000.0,691,0
M,42,20000.0,715,0
M,25,10000.0,668,2
M,34,18000.0,648,6
M,24,16400.0,675,0
M,46,25000.0,682,0
M,32,14000.0,675,0
M,24,14500.0,653,0
F,40,20000.0,682,0
M,30,18000.0,662,0
M,37,18000.0,658,2
M,32,15000.0,700,0
M,24,8490.0,676,0
M,32,33000.0,676,17
M,39,25000.0,696,0
M,52,30000.0,608,1
M,23,25000.0,660,3
M,43,20000.0,714,0
M,26,15000.0,698,0
M,25,15000.0,657,0
F,24,15000.0,675,1
M,27,20000.0,678,0
M,25,30850.0,672,0
M,28,30000.0,694,4
M,31,15000.0,687,0
M,42,38000.0,681,0
M,51,40000.0,681,0
M,30,47000.0,700,0
M,32,26000.0,683,14
M,27,25000.0,681,1
F,32,8000.0,670,0
M,30,35000.0,651,14
M,47,18500.0,702,15
M,37,24000.0,678,0
M,44,32000.0,688,0
M,26,18000.0,692,0
M,43,30000.0,686,1
M,37,39000.0,691,0
M,30,32000.0,666,0
M,37,20000.0,649,5
M,22,12000.0,675,0
M,29,23000.0,697,0
M,31,35000.0,664,0
M,24,15500.0,622,0
M,28,30000.0,685,0
M,26,20000.0,671,0
M,34,30000.0,671,0
F,43,21000.0,693,0
M,39,10000.0,686,13
M,49,18000.0,684,0
M,24,15000.0,666,1
M,28,35000.0,661,2
M,43,51000.0,679,0
F,44,27500.0,680,0
M,34,30000.0,710,0
M,30,25000.0,672,0
M,31,30000.0,612,1
M,29,33000.0,662,2
M,38,30000.0,721,0
M,31,15000.0,688,0
M,42,19000.0,689,0
M,40,7000.0,682,0
M,38,14000.0,687,0
M,28,15000.0,675,3
M,41,45000.0,682,0
M,41,15000.0,677,0
F,32,13000.0,690,0
M,46,20000.0,691,13
M,49,30000.0,645,2
M,53,72000.0,701,0
M,31,25000.0,672,9
M,31,23000.0,674,3
M,27,13000.0,693,0
M,36,25000.0,687,2
M,24,100000.0,687,0
M,61,30000.0,680,0
M,38,30000.0,691,0
F,22,25000.0,668,7
M,29,15000.0,702,0
M,55,25000.0,632,0
M,30,28000.0,672,11
M,39,15500.0,690,0
F,39,55000.0,685,0
M,27,30000.0,621,0
M,31,12000.0,665,0
M,34,23000.0,678,0
M,29,30000.0,676,1
M,26,40000.0,686,0
M,36,55000.0,691,35
F,26,20000.0,667,1
M,37,32000.0,690,13
F,28,12000.0,667,0
M,36,22000.0,668,1
M,48,10000.0,673,0
M,33,27000.0,663,1
M,30,29000.0,670,0
M,44,17000.0,689,0
M,34,20000.0,681,0
M,41,15500.0,666,7
M,21,8500.0,695,0
M,45,40000.0,700,0
M,32,32000.0,654,2
M,28,32000.0,691,0
M,34,27000.0,671,0
M,34,42500.0,691,0
M,30,20000.0,679,0
M,27,20000.0,662,0
M,34,31000.0,673,0
M,36,30000.0,675,1
M,29,27000.0,685,0
M,24,12000.0,678,0
M,24,30000.0,696,0
M,32,21000.0,681,0
F,31,10000.0,702,0
M,25,12000.0,658,2
M,28,13500.0,679,0
M,36,15000.0,680,0
M,34,78000.0,665,0
M,34,15000.0,718,0
M,21,40000.0,674,0
M,32,28000.0,675,1
M,37,50000.0,671,0
F,39,20000.0,684,0
M,46,28000.0,680,8
M,35,30000.0,695,0
M,38,35400.0,692,0
M,36,24000.0,652,0
M,33,18000.0,664,1
M,35,15000.0,681,0
M,30,29000.0,666,4
M,27,15000.0,678,0
M,35,21000.0,694,0
M,23,17000.0,673,1
M,28,20000.0,665,3
F,21,12000.0,682,0
M,47,35000.0,693,0
F,27,20000.0,637,7
M,24,30000.0,661,0
M,33,41000.0,682,15
M,27,15000.0,664,0
M,22,18000.0,676,0
M,29,25000.0,713,0
M,33,18000.0,721,0
M,22,17000.0,669,0
M,36,15000.0,676,0
M,55,23000.0,701,0
M,49,22000.0,704,3
M,32,35000.0,642,0
M,48,25000.0,687,0
M,34,25000.0,718,2
M,53,47000.0,688,0
M,31,20000.0,702,0
F,38,16000.0,679,0
M,25,40000.0,659,0
F,51,39000.0,700,2
F,30,13000.0,670,0
F,25,15000.0,659,1
M,53,13000.0,676,0
M,57,25500.0,688,0
M,36,20000.0,680,7
M,40,70000.0,745,0
M,32,40000.0,702,0
F,27,40000.0,680,0
M,25,43500.0,678,0
F,41,20000.0,684,0
M,40,40000.0,680,0
M,21,15000.0,676,0
M,34,18000.0,673,0
M,35,50000.0,679,0
M,41,30000.0,677,0
M,44,35000.0,692,0
M,25,18000.0,680,1
M,23,30000.0,656,0
M,34,60000.0,676,0
F,28,35000.0,647,0
M,29,22000.0,685,0
M,31,37000.0,671,11
M,34,37000.0,679,0
M,27,25000.0,663,1
M,48,40000.0,664,9
M,22,35000.0,653,0
M,34,25000.0,646,7
M,42,25000.0,670,2
M,39,28000.0,695,0
M,34,32569.0,678,0
M,24,15000.0,687,0
M,26,18000.0,642,0
M,39,35000.0,707,0
M,37,16500.0,672,0
M,36,12000.0,679,6
M,26,60000.0,693,20
M,29,35000.0,651,4
M,30,8690.0,666,0
M,32,24000.0,687,0
M,34,30000.0,676,2
M,53,40000.0,682,0
M,37,28000.0,682,0
M,28,30000.0,678,0
M,38,34000.0,690,0
F,61,40000.0,729,0
M,40,55000.0,664,16
M,41,30000.0,729,16
M,28,12500.0,675,0
M,27,13000.0,686,0
M,28,30000.0,701,0
M,42,23040.0,679,0
M,34,25000.0,675,0
M,41,60000.0,692,0
M,41,32500.0,698,2
M,28,25000.0,659,0
M,38,30000.0,690,2
M,51,20000.0,675,0
M,47,19000.0,737,0
M,33,75000.0,649,5
M,28,21000.0,665,0
M,33,21000.0,703,0
M,31,12800.0,660,0
M,49,90000.0,715,0
M,29,17000.0,669,2
M,22,17000.0,687,0
M,36,26000.0,670,0
M,29,17000.0,656,0
M,32,60000.0,702,0
M,22,27600.0,702,0
M,24,20000.0,681,0
M,44,23000.0,685,0
M,30,18500.0,690,0
F,48,50000.0,708,1
M,44,35000.0,678,13
M,27,45000.0,656,1
F,24,10000.0,664,0
M,23,95000.0,679,0
M,36,30000.0,691,6
M,24,15000.0,667,0
M,34,26000.0,661,0
M,35,15000.0,684,0
M,24,15000.0,732,0
F,32,35000.0,675,0
M,59,30000.0,709,8
M,36,25000.0,697,0
M,38,33000.0,692,0
M,45,25000.0,666,0
M,21,25000.0,671,0
M,25,25000.0,675,0
M,21,26000.0,660,1
M,45,12990.0,725,0
M,37,30000.0,689,27
M,30,61000.0,669,0
M,23,30000.0,683,0
M,28,42500.0,672,5
M,26,27000.0,643,1
M,27,15012.0,690,0
M,24,30000.0,676,0
M,42,19000.0,671,9
F,27,24000.0,668,0
M,38,18000.0,696,0
M,38,20000.0,695,3
M,46,45000.0,658,0
M,29,16000.0,683,1
M,44,25000.0,656,0
M,38,30000.0,698,0
M,22,15000.0,687,0
M,29,15000.0,682,0
M,23,28500.0,682,0
M,28,58000.0,661,11
M,36,23000.0,675,0
M,38,28000.0,681,8
M,23,75000.0,673,0
M,49,12000.0,682,0
M,33,10000.0,650,0
M,37,23500.0,721,0
M,29,37000.0,687,0
M,44,45000.0,675,0
M,29,45000.0,679,0
M,29,25000.0,674,1
M,24,18000.0,692,0
M,23,18950.0,672,0
M,55,25000.0,699,0
M,41,40000.0,678,0
F,47,12500.0,715,0
M,27,25000.0,664,2
M,43,25000.0,667,0
M,36,22000.0,650,2
M,28,28000.0,690,4
F,50,68500.0,714,7
M,45,22500.0,710,0
M,29,28000.0,675,0
M,33,18000.0,697,0
M,32,25000.0,671,0
M,28,25000.0,677,0
M,37,22000.0,720,39
M,33,35000.0,667,15
M,24,15000.0,668,0
M,28,28500.0,652,9
M,27,25000.0,654,0
M,29,20000.0,692,0
M,26,40000.0,647,1
M,25,15000.0,683,0
M,42,20000.0,685,1
M,26,18000.0,664,1
M,30,23000.0,679,0
M,41,28500.0,687,0
F,26,28000.0,671,0
M,26,20000.0,691,0
M,32,15000.0,675,0
M,46,19000.0,646,8
M,31,13500.0,657,3
M,43,25000.0,676,0
M,21,22500.0,643,0
M,34,16000.0,680,11
M,26,45000.0,677,0
M,48,16000.0,690,0
F,32,11500.0,673,0
M,21,21000.0,655,0
F,40,12000.0,692,0
M,27,25000.0,700,0
M,29,32000.0,657,6
M,37,21500.0,700,2
M,32,28000.0,662,0
M,43,30000.0,688,0
F,32,18500.0,709,0
M,33,10.0,661,9
M,39,15000.0,701,0
M,41,55000.0,650,7
M,21,33000.0,666,0
M,51,30000.0,729,0
M,24,32000.0,664,26
M,35,45000.0,672,0
M,27,45000.0,656,0
M,31,25000.0,666,0
M,33,24116.0,701,0
M,36,15500.0,741,0
M,25,18500.0,656,2
M,26,42000.0,703,0
F,35,50000.0,679,6
M,31,30000.0,660,4
M,44,30000.0,637,0
M,27,25000.0,675,0
M,49,28000.0,721,7
M,39,32000.0,688,0
M,36,15000.0,698,0
M,34,41000.0,685,0
M,36,12000.0,692,0
M,37,13000.0,672,0
F,45,30000.0,679,0
M,22,22000.0,642,0
M,36,27000.0,661,0
M,31,15000.0,645,2
M,29,30000.0,667,0
M,23,16500.0,686,0
M,27,15000.0,675,1
M,40,32000.0,706,13
M,36,26500.0,698,0
M,28,40000.0,653,1
M,38,51000.0,691,2
M,43,27000.0,720,21
M,27,40000.0,638,1
M,27,22000.0,713,0
M,45,28000.0,675,0
M,26,24300.0,654,0
M,48,25000.0,689,0
M,37,22500.0,671,0
F,41,8500.0,663,4
M,32,23000.0,684,0
M,28,28000.0,682,0
M,28,46000.0,680,0
M,29,16000.0,675,0
M,25,32000.0,691,0
M,24,16000.0,657,0
M,35,24000.0,686,0
M,27,30000.0,685,0
M,24,22500.0,677,1
M,29,16000.0,657,0
M,29,21000.0,657,0
M,50,50000.0,697,3
M,23,12000.0,676,0
M,45,18000.0,725,0
M,26,23000.0,683,0
M,41,25000.0,698,4
M,36,25000.0,673,1
M,27,28000.0,671,0
M,25,20000.0,679,0
M,28,22000.0,690,0
F,38,16000.0,673,0
M,39,11000.0,667,10
F,30,30000.0,678,0
M,29,15000.0,665,1
M,44,15000.0,684,20
M,46,35000.0,681,2
M,28,35000.0,699,0
M,45,56000.0,668,9
M,38,20500.0,681,10
M,32,23900.0,679,0
M,27,10000.0,684,0
M,21,37000.0,659,0
M,22,3000.0,688,0
M,44,27000.0,704,0
M,22,20000.0,683,15
F,55,35000.0,675,0
M,23,25000.0,650,0
M,24,16500.0,652,7
M,54,20000.0,749,9
M,28,27000.0,639,5
M,22,21000.0,670,0
M,46,23500.0,668,8
F,48,18000.0,677,0
M,35,20000.0,667,2
M,42,28000.0,683,0
M,39,30000.0,659,2
M,36,25800.0,699,0
M,34,13420.0,669,0
M,21,33500.0,662,0
M,43,16800.0,691,0
M,28,23000.0,693,7
M,31,16000.0,688,0
F,34,9500.0,689,0
M,24,35000.0,677,0
M,31,18000.0,683,0
M,24,20000.0,660,2
M,24,17000.0,656,0
M,30,16000.0,667,3
M,25,30000.0,648,2
M,27,18000.0,675,0
M,32,18000.0,689,3
M,29,15000.0,683,0
F,28,95000.0,584,0
F,29,18000.0,668,23
M,35,9000.0,703,0
M,27,45000.0,647,0
M,33,33000.0,682,2
M,26,25000.0,704,0
M,28,30000.0,678,0
M,26,20000.0,666,1
M,37,35000.0,658,7
M,55,30000.0,727,0
M,23,25000.0,682,0
M,27,28000.0,717,0
F,29,25000.0,631,18
M,28,25000.0,631,0
M,23,12000.0,684,0
M,22,20000.0,696,0
M,26,26000.0,684,0
M,25,29600.0,656,0
M,29,38000.0,698,0
M,21,95000.0,667,0
M,34,20000.0,684,0
M,52,44000.0,697,4
M,37,15000.0,654,1
F,24,14500.0,667,1
M,35,29000.0,671,0
M,34,25000.0,685,0
M,34,25000.0,698,0
M,39,35000.0,678,0
M,44,25000.0,701,33
M,36,25000.0,675,1
F,32,10000.0,666,1
M,33,40000.0,686,0
M,34,15000.0,695,0
M,27,34000.0,679,0
M,25,25000.0,671,0
M,24,25000.0,669,10
M,23,30000.0,679,6
M,36,30000.0,713,15
M,41,35000.0,672,1
M,29,25000.0,719,0
M,25,15000.0,679,0
M,27,30000.0,677,7
F,34,18000.0,677,0
M,31,32000.0,669,1
M,34,24000.0,685,0
F,45,18000.0,678,0
M,29,35000.0,670,0
M,43,40000.0,670,0
M,25,16000.0,679,0
M,31,16000.0,694,19
M,29,20000.0,674,0
F,23,12000.0,669,0
F,49,18000.0,700,0
M,38,18000.0,673,0
M,22,25000.0,697,0
M,32,19000.0,661,6
M,34,12000.0,683,0
M,35,16000.0,679,0
M,34,30000.0,687,0
M,22,12000.0,656,0
M,36,12000.0,707,0
M,27,18000.0,679,0
M,21,24000.0,668,0
M,56,23000.0,670,9
M,28,18000.0,692,0
M,37,25000.0,694,0
F,58,15000.0,666,0
M,44,15000.0,677,0
M,52,48000.0,721,0
M,36,18000.0,652,0
M,27,15000.0,681,3
M,26,18000.0,632,0
M,30,13000.0,675,1
M,31,22000.0,695,1
M,36,18000.0,675,0
F,37,18500.0,677,0
M,29,30000.0,653,4
M,25,150000.0,656,4
M,25,34500.0,686,0
M,28,20000.0,652,4
M,24,35000.0,676,0
M,38,35000.0,674,0
M,57,25000.0,687,0
M,53,15000.0,675,0
M,35,25000.0,714,0
M,30,35000.0,683,0
M,54,31500.0,699,0
M,25,10000.0,684,0
M,40,43000.0,720,1
M,29,40000.0,660,1
M,36,15000.0,703,0
M,27,10000.0,658,1
F,38,14000.0,675,3
F,21,12000.0,674,0
M,60,35000.0,696,0
M,22,18000.0,669,0
M,46,28000.0,685,0
M,27,11701.0,656,3
M,26,50000.0,685,0
M,33,30000.0,672,0
M,38,18000.0,689,0
M,37,24000.0,688,0
M,49,24000.0,671,0
M,35,20000.0,675,0
M,29,15000.0,668,0
M,28,34000.0,681,2
M,28,30000.0,682,0
M,27,30000.0,679,0
M,25,15000.0,673,0
M,25,32000.0,696,0
M,42,25000.0,676,0
M,55,60000.0,680,0
M,32,40000.0,663,0
M,41,18000.0,674,0
M,35,30000.0,652,0
M,32,30000.0,676,2
M,32,20000.0,682,0
M,29,40000.0,687,0
M,37,37000.0,721,0
F,35,25000.0,674,0
F,30,10000.0,662,0
F,39,15000.0,637,0
M,34,28500.0,683,1
M,41,11000.0,685,0
M,26,17000.0,682,0
M,27,30000.0,679,22
M,26,45000.0,710,0
M,30,28000.0,691,5
M,23,26500.0,670,0
M,23,12000.0,671,2
M,22,25000.0,654,7
M,41,25000.0,684,0
M,25,50000.0,665,8
M,35,17500.0,677,0
M,34,35000.0,678,0
M,43,18000.0,698,0
M,24,21000.0,689,16
M,24,6000.0,660,1
M,27,14000.0,666,0
M,22,15000.0,681,0
M,42,17000.0,684,0
M,34,16500.0,685,0
M,32,50000.0,691,8
F,24,10000.0,669,0
M,29,38000.0,686,0
M,22,10000.0,680,0
M,23,30000.0,682,0
M,34,15000.0,641,2
F,28,45000.0,686,0
M,37,22000.0,660,2
M,30,32000.0,672,0
M,37,18000.0,698,0
M,34,50000.0,679,0
F,44,18000.0,700,0
M,30,85000.0,695,0
M,60,25000.0,701,0
M,40,11000.0,686,1
M,28,24000.0,655,1
M,28,50000.0,651,0
M,21,15000.0,666,2
M,22,14500.0,651,0
M,34,31000.0,690,10
M,23,17500.0,643,0
M,36,20000.0,680,0
M,40,20000.0,650,0
M,30,55000.0,695,0
M,39,36500.0,700,0
M,39,25000.0,678,19
M,25,35000.0,668,6
M,25,20000.0,675,0
F,27,15000.0,663,0
F,38,25000.0,685,0
M,28,17000.0,701,0
F,49,20000.0,673,0
M,52,50000.0,695,8
F,34,27000.0,684,0
M,37,20000.0,740,0
M,32,15000.0,680,0
M,30,23000.0,674,1
M,26,15900.0,649,0
M,29,28000.0,689,0
M,26,25000.0,686,0
M,30,25000.0,660,6
M,21,20000.0,682,0
M,33,15000.0,660,0
F,34,16000.0,713,1
M,25,13200.0,672,0
M,23,10000.0,677,0
M,31,43000.0,679,0
M,34,21000.0,657,7
M,29,30000.0,670,21
M,45,35000.0,684,0
M,42,18000.0,672,0
M,53,24000.0,686,0
F,36,29000.0,690,0
F,24,20000.0,669,0
M,22,25000.0,672,0
M,22,25000.0,691,3
M,33,50000.0,670,0
M,24,20000.0,700,0
M,29,25000.0,674,17
F,56,12000.0,698,1
M,37,30000.0,686,0
M,29,35000.0,674,0
M,49,18000.0,710,0
M,33,35000.0,655,4
M,29,20000.0,740,0
M,27,22500.0,658,1
M,38,13500.0,691,3
M,38,28000.0,707,0
M,29,14000.0,690,0
M,34,45000.0,692,0
M,43,12000.0,679,7
M,30,20000.0,676,0
M,29,17000.0,658,1
M,30,14000.0,660,3
M,46,30000.0,729,0
M,39,34500.0,675,0
M,38,25000.0,721,0
M,29,14000.0,697,0
M,22,20000.0,658,0
F,38,15000.0,679,0
M,31,16000.0,648,5
M,48,53000.0,688,2
M,23,15000.0,669,0
M,46,24600.0,658,6
M,28,13000.0,681,0
M,52,70000.0,716,11
F,32,20000.0,677,0
M,57,65000.0,694,0
M,44,28000.0,660,0
M,42,40000.0,697,0
M,27,26000.0,673,0
M,27,35000.0,695,0
M,29,53000.0,657,0
M,38,25000.0,667,1
M,50,18000.0,688,0
M,28,38000.0,679,7
M,39,50000.0,672,21
M,25,25000.0,675,4
M,31,23000.0,643,2
M,44,19000.0,707,0
F,24,28000.0,673,0
M,31,24000.0,613,0
M,32,20000.0,672,4
M,27,32000.0,668,1
M,21,18000.0,676,0
M,21,16800.0,669,4
M,24,18500.0,671,0
M,32,25000.0,680,8
M,24,25000.0,630,0
M,24,30000.0,652,0
M,48,15000.0,672,2
M,34,12250.0,673,0
M,22,45000.0,680,0
M,24,23000.0,708,4
F,24,40000.0,675,0
M,32,16000.0,670,0
M,30,20000.0,668,3
M,42,12000.0,663,2
M,32,48000.0,701,0
F,48,4000.0,702,6
M,42,55000.0,733,1
M,38,50000.0,667,1
F,42,32000.0,655,1
M,43,50000.0,679,0
M,41,30000.0,646,0
M,35,42500.0,706,2
M,30,35000.0,707,0
M,49,17000.0,706,0
M,55,42090.0,722,0
M,27,32000.0,667,9
M,45,30000.0,673,0
M,21,16503.0,678,0
M,29,17600.0,672,0
M,42,30000.0,694,0
M,23,20000.0,680,0
M,22,10000.0,666,0
M,23,10000.0,690,0
M,29,40000.0,675,1
M,58,18000.0,729,8
M,28,85000.0,682,0
M,36,45000.0,726,0
M,26,15500.0,686,0
F,28,23500.0,706,0
M,28,23000.0,669,1
M,38,30000.0,656,0
M,35,25000.0,683,0
M,25,35000.0,685,0
F,33,45000.0,668,0
M,26,28000.0,662,0
M,29,22000.0,660,0
M,31,28000.0,679,5
M,22,15000.0,669,0
M,36,21000.0,704,0
M,34,23200.0,679,0
M,29,98600.0,670,4
M,27,20000.0,674,0
M,55,30000.0,682,36
M,26,25000.0,674,0
M,29,20000.0,704,0
M,34,30000.0,700,6
M,30,18000.0,650,11
M,22,16000.0,687,0
M,23,14000.0,653,0
M,41,16000.0,673,13
M,27,33000.0,651,5
M,31,25000.0,650,13
M,41,30000.0,646,0
M,36,35000.0,662,0
M,33,40000.0,678,0
M,29,25000.0,644,0
F,37,12000.0,693,0
M,26,52000.0,682,0
M,46,45000.0,702,7
M,27,15000.0,693,0
M,31,22000.0,695,0
M,28,15000.0,671,1
M,41,20000.0,696,0
M,43,45000.0,670,0
M,54,40000.0,696,0
M,21,22000.0,675,0
M,34,60000.0,690,3
M,40,19000.0,680,0
F,29,18000.0,683,0
M,29,30000.0,687,0
M,29,25000.0,694,18
M,54,6000.0,699,0
M,27,22000.0,673,0
M,25,30000.0,645,4
M,27,25000.0,690,0
F,46,28000.0,677,0
M,28,20000.0,692,0
M,31,14000.0,685,5
M,25,18000.0,638,1
M,32,16900.0,684,0
M,43,12000.0,691,0
M,30,20000.0,698,0
M,40,16000.0,677,0
M,28,34000.0,644,5
M,28,24500.0,676,0
M,38,25000.0,677,0
M,27,18000.0,658,0
M,25,17000.0,645,1
F,32,14000.0,687,0
M,31,22000.0,693,0
M,35,39500.0,673,0
F,27,25000.0,701,0
M,26,17000.0,684,0
M,30,35000.0,690,0
M,28,20000.0,716,7
M,29,18000.0,676,0
M,38,22000.0,711,1
M,26,18500.0,615,3
M,39,39000.0,711,0
F,33,18000.0,676,0
M,32,27000.0,715,0
M,29,42000.0,661,1
M,37,19000.0,685,0
F,30,23500.0,698,0
M,56,68000.0,669,0
M,42,40000.0,639,1
F,35,15000.0,684,0
M,25,25000.0,668,1
M,22,30000.0,698,0
F,42,20000.0,684,0
M,33,15000.0,680,2
M,24,20000.0,667,0
M,42,15000.0,674,1
M,46,26000.0,691,0
M,45,29000.0,778,30
M,34,20000.0,674,0
M,30,30000.0,692,0
M,28,30000.0,664,7
M,42,18000.0,716,1
M,33,16000.0,685,0
M,42,12000.0,688,0
M,63,45000.0,752,0
M,24,35000.0,678,0
M,29,40000.0,704,0
F,40,30000.0,651,0
M,45,15000.0,714,0
M,48,48000.0,727,0
F,37,11500.0,692,0
M,46,30000.0,665,0
M,27,20000.0,670,1
M,23,68000.0,673,0
M,26,16000.0,650,0
F,22,18000.0,691,0
M,39,23000.0,679,5
M,27,18523.0,675,0
F,23,25500.0,682,0
M,24,38000.0,674,0
M,45,22000.0,726,0
F,30,31000.0,663,2
M,32,40000.0,692,0
M,28,18000.0,657,2
M,57,18578.0,686,0
M,31,23500.0,672,2
M,31,54000.0,656,0
M,32,18000.0,690,0
M,39,40000.0,706,0
F,30,60000.0,682,0
M,44,18000.0,674,0
M,30,18000.0,640,4
M,42,35000.0,682,0
M,26,32400.0,674,0
M,32,45000.0,669,0
M,33,22000.0,693,0
M,22,30000.0,645,0
M,39,25000.0,678,0
M,33,25000.0,679,0
M,57,15000.0,697,0
M,27,15000.0,682,3
F,39,18000.0,683,0
F,22,25600.0,666,2
M,46,50000.0,675,4
M,29,48000.0,650,0
M,48,30000.0,666,1
F,35,25000.0,674,0
M,23,35000.0,672,0
M,30,308568.0,599,0
M,35,60000.0,671,17
M,25,45000.0,689,0
M,53,15000.0,684,0
M,26,32000.0,683,0
F,28,15800.0,676,0
M,24,22000.0,669,2
M,53,42500.0,684,0
M,30,20000.0,684,0
M,32,18000.0,670,0
F,52,18000.0,674,0
M,44,14000.0,672,13
M,46,35574.0,702,1
M,27,15000.0,646,1
M,32,30000.0,753,0
M,41,16500.0,667,0
M,36,18000.0,688,0
M,34,45000.0,679,0
M,43,25000.0,666,1
M,25,35000.0,695,0
M,29,30000.0,685,1
M,33,48000.0,677,0
M,29,18590.0,684,4
M,44,17000.0,675,3
M,29,16000.0,672,0
M,30,10000.0,700,0
M,32,12000.0,686,0
M,46,25000.0,673,0
M,29,24500.0,693,0
M,32,12500.0,672,0
M,38,18000.0,683,0
M,50,19940.0,772,0
M,28,13000.0,681,0
M,26,35000.0,689,0
M,33,25000.0,672,2
M,23,13500.0,695,2
M,41,25000.0,706,0
M,31,30000.0,685,0
M,42,33946.0,705,0
M,45,45000.0,705,0
M,30,19500.0,712,0
M,30,20000.0,669,7
M,35,20000.0,689,0
F,25,15000.0,671,0
M,34,20000.0,677,0
M,38,16500.0,669,2
M,23,15000.0,666,0
M,29,15000.0,693,0
M,27,14500.0,678,0
M,23,22000.0,643,1
F,25,16000.0,709,0
M,36,23500.0,684,0
M,37,17000.0,671,0
M,27,18000.0,672,0
M,27,22000.0,632,1
M,34,27000.0,669,0
M,22,15000.0,677,0
M,32,32000.0,695,3
M,43,40000.0,658,1
F,38,40000.0,684,0
M,25,25000.0,668,0
F,22,28000.0,674,0
M,49,32000.0,719,0
M,27,32430.0,659,27
F,44,45000.0,669,0
M,26,17000.0,694,0
M,26,24500.0,692,0
M,40,20000.0,685,0
M,34,32000.0,677,0
M,35,40000.0,688,3
M,32,35000.0,686,11
M,27,35000.0,642,3
M,25,15000.0,672,0
M,23,21000.0,655,13
F,35,20000.0,676,0
M,30,25000.0,638,3
M,28,20000.0,682,0
M,56,20000.0,697,1
M,24,20000.0,660,0
M,26,24000.0,674,0
M,47,51000.0,708,1
M,38,40000.0,671,0
M,46,25000.0,681,0
M,35,22000.0,683,2
F,26,25000.0,674,0
M,25,40000.0,646,0
M,32,30000.0,665,2
M,30,24000.0,688,0
M,52,22000.0,651,3
M,33,16000.0,684,0
M,41,15000.0,686,0
M,23,14000.0,619,22
M,24,12000.0,680,0
M,33,30000.0,670,0
M,22,34000.0,691,0
M,32,15000.0,658,0
M,55,60000.0,679,0
M,38,42000.0,730,0
M,58,30000.0,675,0
M,27,20000.0,698,0
M,39,20000.0,681,2
M,32,23500.0,702,0
M,25,15000.0,687,0
M,21,30000.0,664,0
M,22,30000.0,680,3
M,55,25000.0,685,0
M,38,25000.0,711,0
M,24,25000.0,690,0
M,24,12000.0,654,3
M,36,13000.0,694,0
M,25,25000.0,656,0
M,47,22000.0,661,1
M,21,22000.0,680,0
M,34,10500.0,705,61
M,39,25000.0,668,7
M,22,19300.0,666,0
M,35,17000.0,646,10
M,27,20000.0,671,0
M,41,40000.0,660,8
M,32,11000.0,697,0
M,37,25000.0,667,1
M,33,20000.0,670,0
M,25,35000.0,678,5
M,47,25000.0,704,0
M,29,28000.0,680,0
M,23,30000.0,676,0
F,29,12500.0,753,0
M,41,25500.0,679,0
M,33,40000.0,690,0
M,26,27000.0,668,3
F,27,12000.0,656,1
M,27,18000.0,686,0
M,21,18000.0,675,0
M,43,19199.0,676,0
M,38,25000.0,715,0
M,24,15000.0,686,0
M,48,25000.0,681,12
M,27,18000.0,689,0
M,22,32000.0,675,0
M,32,15500.0,686,0
F,29,26000.0,641,4
M,25,8000.0,695,4
M,30,21700.0,664,2
M,26,40000.0,669,0
M,35,25000.0,722,8
M,45,45000.0,688,6
F,57,19500.0,675,0
M,25,30000.0,669,0
M,22,17000.0,674,0
M,32,50000.0,692,19
M,40,28000.0,688,1
F,43,20000.0,699,0
M,30,39000.0,707,0
M,21,10500.0,684,0
M,40,29000.0,648,26
M,33,20000.0,682,0
M,27,30000.0,665,2
M,26,33000.0,692,1
M,50,43000.0,721,0
M,32,15000.0,690,0
M,22,15000.0,680,0
M,26,27500.0,656,0
M,30,35000.0,643,0
M,39,16000.0,689,0
M,30,12700.0,702,0
M,28,15000.0,711,7
M,49,20000.0,722,0
M,42,24000.0,695,0
M,46,29000.0,704,13
F,41,40000.0,677,1
M,35,14000.0,698,10
M,37,15500.0,689,0
M,34,27000.0,690,0
M,25,11000.0,663,0
F,50,85000.0,693,0
M,34,24000.0,705,0
M,28,17000.0,672,3
M,21,16000.0,666,0
M,29,22000.0,669,0
M,30,18700.0,684,0
F,31,50000.0,661,3
F,46,25000.0,660,0
F,34,18000.0,675,0
F,40,12500.0,695,0
M,34,28500.0,699,0
M,32,40000.0,697,0
M,31,26000.0,655,0
F,56,15000.0,695,0
M,28,12000.0,646,0
M,51,11000.0,676,0
M,30,38000.0,682,0
M,38,22000.0,682,0
M,22,22000.0,674,2
M,30,10000.0,671,0
M,26,30000.0,668,0
M,45,22000.0,661,1
F,41,12000.0,676,0
M,46,12000.0,660,0
M,40,45000.0,671,10
M,30,25000.0,678,0
M,29,14000.0,671,1
F,35,20000.0,717,0
M,30,50000.0,682,0
M,30,35000.0,674,9
M,24,14000.0,695,0
M,29,25000.0,666,15
F,34,15000.0,688,0
M,35,18000.0,656,3
M,30,7000.0,705,0
M,38,24000.0,683,0
M,21,28000.0,692,0
F,47,18000.0,666,1
M,29,25000.0,675,0
F,57,25000.0,657,3
F,34,10500.0,690,0
M,30,22000.0,677,0
M,53,96000.0,699,0
M,25,19000.0,694,0
M,31,20000.0,695,31
F,25,65000.0,685,0
M,48,18500.0,703,0
M,29,15000.0,689,0
M,26,36000.0,644,0
M,24,3000.0,678,0
M,38,13500.0,685,0
M,24,16500.0,650,0
M,37,48000.0,727,0
F,51,45000.0,707,0
M,33,35000.0,688,0
M,32,15000.0,713,0
M,36,45000.0,665,0
F,32,23000.0,683,0
F,22,15000.0,631,1
M,28,30000.0,665,0
M,23,18500.0,671,0
M,31,14000.0,684,5
M,38,20000.0,690,0
M,33,16.0,704,0
M,43,35000.0,665,6
M,45,40000.0,658,0
M,34,38000.0,677,0
M,25,14000.0,677,0
M,44,12.0,721,0
M,35,14000.0,684,0
M,36,25000.0,677,6
M,28,40000.0,697,0
M,25,25000.0,679,0
M,33,20000.0,720,0
F,27,25000.0,698,0
M,29,17000.0,722,0
M,46,40000.0,650,3
M,29,30000.0,674,0
M,45,35000.0,692,0
M,27,20000.0,685,0
M,33,35000.0,695,0
F,41,14000.0,695,0
M,33,33000.0,692,0
M,31,17500.0,688,0
M,41,10000.0,680,1
M,24,14000.0,683,0
M,40,42000.0,685,0
M,25,40000.0,677,2
M,28,33000.0,674,0
M,25,25000.0,697,0
M,28,35000.0,682,1
F,49,18000.0,679,4
M,28,22500.0,640,1
M,29,25000.0,681,16
M,29,19500.0,660,0
M,42,11100.0,672,0
M,25,45000.0,674,9
M,32,31000.0,690,0
M,36,21000.0,695,0
M,51,38500.0,661,8
M,23,12000.0,679,0
M,26,48000.0,674,2
M,29,23000.0,693,0
M,48,17235.0,696,3
M,50,107000.0,718,12
M,43,34000.0,674,0
M,53,30000.0,732,6
M,27,30000.0,675,2
M,33,25000.0,698,1
M,45,25000.0,758,0
M,31,28000.0,680,0
M,31,30000.0,671,0
F,43,12000.0,686,0
M,39,25000.0,597,0
M,60,38000.0,695,0
M,32,25000.0,685,0
M,43,40000.0,665,1
M,26,18000.0,677,0
M,32,22000.0,674,0
F,30,25000.0,696,0
M,22,32000.0,672,0
M,24,26000.0,671,0
F,34,25000.0,690,0
M,38,15000.0,693,0
F,27,43000.0,676,2
M,37,20000.0,665,1
M,30,22000.0,709,0
M,28,45000.0,665,0
M,28,33000.0,691,0
M,38,30000.0,699,0
M,27,20000.0,687,0
F,37,17000.0,692,0
F,28,35000.0,673,0
M,30,14000.0,678,0
M,44,25000.0,672,0
M,47,15000.0,689,0
F,41,20000.0,675,0
M,38,33000.0,672,0
M,27,23800.0,663,5
M,32,30000.0,677,0
M,21,27500.0,668,0
M,38,25000.0,706,0
M,31,13000.0,682,0
M,53,14500.0,678,0
M,26,15000.0,694,0
M,43,15000.0,683,21
M,40,20000.0,670,2
F,40,34500.0,679,5
M,25,15990.0,678,0
M,41,45000.0,718,0
M,45,12000.0,680,0
M,27,27000.0,680,1
M,26,10000.0,675,0
M,45,22890.0,671,3
M,23,13000.0,677,0
M,47,50000.0,702,0
M,38,32000.0,691,3
M,24,13500.0,677,0
M,27,35000.0,677,0
M,22,30000.0,680,0
F,41,45000.0,692,0
M,50,25000.0,701,1
M,31,32000.0,656,3
M,41,25000.0,690,14
F,27,18000.0,700,0
M,26,25000.0,651,2
M,23,22000.0,662,0
M,31,23000.0,676,0
M,26,43000.0,677,0
M,43,48000.0,680,0
M,39,30000.0,678,0
M,24,24000.0,652,0
F,27,29800.0,682,0
M,27,30000.0,674,1
F,34,11500.0,690,0
M,32,28000.0,667,0
M,26,20000.0,678,0
M,31,20000.0,692,0
M,27,10000.0,679,0
M,36,35000.0,635,3
M,38,30000.0,669,0
M,32,15000.0,720,0
F,42,12000.0,701,0
F,24,14500.0,652,6
F,33,20000.0,676,0
M,38,29000.0,680,0
M,39,22000.0,699,0
F,54,25000.0,631,1
M,21,18000.0,673,1
M,32,16800.0,673,0
M,30,40000.0,702,0
M,36,42000.0,670,2
M,39,22000.0,673,0
M,51,23000.0,674,0
M,25,15000.0,661,0
M,37,23500.0,705,0
M,29,30000.0,666,1
F,42,20000.0,692,0
M,26,45000.0,651,0
M,26,20000.0,691,0
M,37,18000.0,728,4
M,57,60000.0,672,0
F,49,67000.0,662,6
M,38,30000.0,665,5
M,24,20000.0,676,0
M,53,48000.0,705,0
M,31,18000.0,698,19
M,53,40000.0,719,3
M,39,18000.0,674,0
M,34,14000.0,645,1
M,49,36501.0,682,0
M,24,23000.0,683,0
M,50,20000.0,707,0
M,55,35000.0,734,9
M,34,35000.0,683,0
M,33,22000.0,688,0
M,26,22000.0,663,0
M,41,35000.0,661,1
M,38,17500.0,670,0
M,25,20000.0,667,0
M,31,15000.0,671,0
M,21,45000.0,680,3
M,29,29000.0,652,0
M,27,35000.0,709,0
M,27,18000.0,679,0
M,26,20000.0,664,0
M,29,25000.0,691,0
M,25,18000.0,587,0
M,40,25000.0,694,0
M,23,23000.0,672,0
M,23,14000.0,677,0
M,47,35000.0,755,0
M,26,22000.0,660,0
M,46,60000.0,693,0
M,25,15000.0,673,0
M,23,15000.0,671,0
M,30,34000.0,634,0
M,25,19500.0,653,2
M,23,28500.0,673,0
M,31,25000.0,664,0
M,28,20000.0,702,0
M,33,18000.0,722,0
M,34,30000.0,689,0
F,33,30000.0,639,0
M,39,25000.0,716,0
M,36,65000.0,707,0
M,26,30000.0,687,0
M,30,13000.0,683,0
M,25,22510.0,668,0
F,33,31000.0,662,7
M,49,27500.0,685,0
M,24,14000.0,677,1
M,34,15209.0,706,0
M,33,25400.0,697,0
M,35,18000.0,686,0
M,43,18000.0,703,0
M,21,18000.0,702,0
M,45,22000.0,722,0
M,39,19500.0,692,0
M,30,20000.0,689,0
M,22,28000.0,675,0
M,26,48000.0,661,0
M,25,25000.0,663,2
M,41,35000.0,715,5
M,25,20000.0,672,0
M,22,15000.0,683,0
M,33,51000.0,698,0
M,37,20000.0,660,3
M,45,30000.0,696,0
M,38,24000.0,696,0
M,22,25000.0,689,0
M,27,40000.0,683,0
M,47,55000.0,670,0
M,33,33000.0,665,1
M,53,35000.0,719,0
M,23,27000.0,687,0
M,30,20000.0,690,0
M,24,28000.0,657,4
M,26,15000.0,683,0
M,30,12000.0,687,0
M,38,20000.0,725,6
M,27,22000.0,639,0
M,35,15000.0,696,0
M,43,40661.0,699,22
M,41,15000.0,690,0
F,26,13500.0,669,0
M,33,30000.0,668,0
M,26,40000.0,665,1
M,48,18000.0,686,0
M,24,25000.0,680,0
M,32,9500.0,692,0
M,23,20000.0,652,1
M,35,20000.0,697,0
M,32,48000.0,679,8
M,21,11500.0,668,1
M,39,21000.0,665,0
M,33,45000.0,721,0
M,25,30000.0,675,0
M,47,40000.0,690,0
M,40,20000.0,683,0
M,30,28000.0,679,0
F,26,43000.0,664,0
F,39,39000.0,674,0
M,29,15000.0,693,0
M,30,70000.0,665,0
M,26,30000.0,678,0
M,30,32975.0,669,0
M,27,11000.0,689,0
M,42,19000.0,683,2
M,49,30000.0,698,0
M,39,30000.0,704,6
M,30,23458.0,711,1
M,39,8000.0,678,7
F,29,25000.0,686,0
F,36,12000.0,683,5
M,32,14000.0,682,1
M,25,20000.0,683,0
M,40,22000.0,703,0
M,33,10000.0,683,1
M,43,25000.0,698,0
M,53,15000.0,710,0
M,21,13000.0,679,0
M,25,15000.0,674,0
M,61,30000.0,703,0
M,31,9000.0,685,0
M,21,45000.0,651,5
M,26,10065.0,670,0
F,35,13000.0,682,1
M,51,50000.0,674,0
M,39,100000.0,706,1
M,24,30000.0,661,1
M,44,32000.0,674,1
M,21,80000.0,696,0
M,38,14000.0,673,14
M,33,15000.0,687,0
M,25,18700.0,680,0
F,40,33500.0,539,0
M,22,10000.0,681,0
M,36,20000.0,687,1
M,32,18000.0,687,2
M,39,30000.0,674,10
M,23,50000.0,684,0
M,22,35000.0,680,0
M,38,25000.0,729,0
M,29,20000.0,670,1
F,31,30000.0,693,0
M,22,40000.0,661,1
M,53,40000.0,694,0
F,52,20000.0,731,0
M,34,58000.0,662,0
F,56,42000.0,541,0
F,42,40000.0,666,0
M,22,10000.0,678,1
M,53,25000.0,694,0
M,36,18000.0,677,0
M,25,28000.0,681,0
M,28,45000.0,681,1
M,49,16500.0,667,0
F,54,25000.0,707,0
M,24,19000.0,675,0
M,37,10800.0,669,0
F,32,20000.0,725,2
F,32,15000.0,689,0
M,31,22000.0,690,2
M,42,20000.0,695,0
M,22,14500.0,663,1
M,37,30000.0,689,0
F,46,20000.0,656,4
M,22,37000.0,664,13
M,27,27000.0,665,8
M,28,40000.0,672,0
M,37,20000.0,683,0
M,44,30000.0,674,2
M,54,25000.0,682,0
M,50,63000.0,724,0
M,30,32000.0,676,1
M,35,29000.0,719,0
M,35,12500.0,669,0
M,37,20000.0,689,0
M,37,15000.0,692,0
M,31,15000.0,676,0
M,33,25000.0,709,0
M,31,54000.0,672,1
M,31,28000.0,649,1
M,48,20000.0,701,0
F,27,22000.0,668,1
M,22,25000.0,674,0
M,41,25000.0,685,0
M,33,35000.0,659,4
M,51,25000.0,690,0
F,25,10000.0,681,0
M,38,20000.0,684,0
F,48,28000.0,684,0
M,29,25000.0,667,0
M,37,20000.0,679,4
M,24,13000.0,667,0
M,31,12000.0,703,0
M,23,20000.0,666,4
M,30,15000.0,671,20
M,40,22000.0,668,4
M,35,25000.0,667,0
M,44,15000.0,690,0
M,36,14550.0,678,0
M,28,13000.0,683,4
M,24,19000.0,682,0
M,25,20000.0,701,0
M,28,22000.0,653,4
M,29,27000.0,690,0
M,33,20000.0,673,0
M,30,13000.0,622,0
M,40,22000.0,720,0
M,27,30000.0,669,0
M,37,90000.0,675,3
M,40,52750.0,689,0
M,29,13000.0,692,0
M,43,35000.0,670,0
M,23,45000.0,670,49
M,23,18000.0,652,2
M,48,29000.0,712,0
M,39,40000.0,706,0
M,30,30000.0,689,7
M,49,30000.0,689,0
M,26,48000.0,679,0
M,53,49000.0,724,0
M,27,25000.0,664,0
M,34,25000.0,712,0
M,34,32000.0,669,0
F,48,14500.0,697,2
M,37,40000.0,651,0
M,52,23500.0,688,0
M,45,25000.0,673,0
M,22,19000.0,664,1
M,33,40000.0,685,5
M,30,10000.0,683,0
F,50,35000.0,703,0
M,45,25000.0,725,0
M,39,75000.0,719,0
M,31,20000.0,677,0
M,28,25000.0,677,1
M,32,35000.0,695,0
M,41,46000.0,659,1
M,38,30000.0,686,0
M,33,19000.0,668,3
M,43,65000.0,688,5
M,26,17000.0,661,2
M,56,100000.0,717,0
M,28,17500.0,648,0
F,34,25000.0,709,0
M,24,26500.0,675,1
M,48,15000.0,707,0
M,26,29121.0,657,0
M,38,15000.0,681,0
M,34,30000.0,665,1
M,22,14300.0,669,1
M,30,32000.0,695,0
M,30,22000.0,654,2
F,25,20000.0,645,0
M,33,18000.0,688,0
M,34,12700.0,669,2
F,42,10500.0,653,0
M,25,20000.0,653,0
F,32,20000.0,667,0
F,34,29000.0,683,0
M,29,20000.0,679,0
M,26,64000.0,684,0
M,46,19000.0,685,0
M,59,20000.0,664,0
M,32,30000.0,689,0
M,30,40000.0,623,0
M,28,12000.0,673,0
F,34,25000.0,671,0
M,24,17000.0,681,0
F,48,20000.0,658,1
M,29,23000.0,693,0
M,58,19000.0,658,2
F,27,25000.0,671,0
M,32,16000.0,680,0
F,26,20000.0,666,0
M,37,20000.0,660,2
M,22,21000.0,690,0
M,30,12000.0,678,0
M,39,43000.0,635,0
M,24,28000.0,668,0
F,30,22000.0,689,0
M,55,20000.0,718,0
M,27,35000.0,685,0
M,21,16000.0,691,0
M,40,30000.0,705,1
M,31,25000.0,637,0
M,26,62000.0,676,0
M,26,20000.0,689,0
F,24,670000.0,675,3
M,63,14000.0,692,0
M,41,15000.0,698,0
M,29,20000.0,661,0
M,23,12000.0,711,0
M,24,25000.0,689,0
M,35,15500.0,664,15
M,28,16000.0,680,2
M,32,30000.0,680,0
M,35,45000.0,735,0
M,45,65000.0,679,0
M,26,10000.0,689,0
M,41,18000.0,692,0
M,21,14000.0,672,0
M,46,15000.0,678,0
M,23,49000.0,685,0
F,25,20000.0,698,0
F,31,12000.0,695,0
M,35,12000.0,668,8
F,30,60000.0,626,0
M,29,30000.0,691,19
M,25,18000.0,681,0
M,29,33000.0,667,0
M,47,58000.0,674,2
M,23,25000.0,684,0
M,56,25000.0,715,0
M,42,45000.0,707,0
M,41,30000.0,652,6
M,44,10000.0,696,0
M,38,20000.0,697,0
M,25,22000.0,648,1
M,48,28000.0,690,0
F,24,23000.0,651,4
F,35,35000.0,672,4
M,29,30000.0,670,1
M,27,25000.0,686,0
F,31,25000.0,680,0
M,38,30000.0,684,0
M,32,35000.0,685,0
F,27,10000.0,681,0
M,51,25000.0,721,0
M,29,26700.0,655,6
M,34,10000.0,688,0
M,31,40000.0,682,0
M,24,40000.0,678,2
M,22,25000.0,691,0
M,39,25000.0,705,0
M,29,35000.0,671,4
F,26,39000.0,687,0
M,36,47000.0,667,12
M,38,22000.0,682,0
M,32,18000.0,676,0
M,38,20000.0,684,0
M,43,43000.0,738,0
M,27,30000.0,642,15
M,52,16000.0,678,0
M,26,45000.0,671,2
M,26,29000.0,660,4
M,38,16000.0,674,4
F,37,18000.0,674,0
F,54,30000.0,659,1
M,42,20000.0,674,20
M,35,15000.0,670,0
M,45,55000.0,713,0
M,34,30000.0,714,0
M,29,32000.0,696,0
M,34,25000.0,684,0
M,51,16000.0,680,0
M,46,26000.0,673,0
F,33,16500.0,660,0
M,26,36000.0,686,0
M,52,38000.0,686,5
M,46,1.0,686,0
M,44,10000.0,661,2
M,36,25000.0,700,0
M,28,25000.0,662,19
M,24,28000.0,688,7
M,33,30000.0,674,0
M,34,20000.0,649,0
M,34,90000.0,691,0
M,33,23000.0,667,0
M,51,25000.0,707,4
M,27,22000.0,687,0
M,24,22000.0,657,0
M,25,15000.0,672,3
M,26,21000.0,677,0
M,39,30000.0,666,0
F,45,19000.0,696,1
M,34,25000.0,699,0
M,33,17000.0,687,0
M,42,32000.0,695,0
F,30,20000.0,697,0
M,25,55000.0,664,2
M,39,45000.0,654,3
M,40,45000.0,697,8
M,35,38000.0,690,6
M,45,19500.0,688,0
F,33,20000.0,724,0
M,31,23000.0,692,1
F,42,11500.0,690,0
M,37,13500.0,709,0
M,32,50000.0,725,13
F,48,57000.0,675,0
M,29,40000.0,673,0
M,41,56000.0,733,0
M,22,30000.0,659,0
M,49,20000.0,700,0
M,26,40000.0,663,0
M,34,18000.0,673,0
M,41,15000.0,700,0
M,36,11000.0,670,0
M,32,75000.0,678,0
F,39,45000.0,694,2
M,27,12000.0,684,0
M,25,18500.0,671,11
M,24,55000.0,614,0
F,36,15000.0,678,0
F,44,35000.0,707,13
F,47,12000.0,716,0
M,48,23000.0,682,0
M,35,25000.0,659,0
M,38,15000.0,682,1
M,40,16000.0,682,0
M,28,20000.0,687,0
M,23,43000.0,688,0
M,24,18000.0,694,0
M,34,33000.0,659,2
M,43,52000.0,729,6
M,36,21500.0,672,0
M,27,31000.0,634,0
M,29,17500.0,668,15
F,26,32000.0,684,0
F,29,23000.0,689,0
F,39,10000.0,683,1
M,59,30000.0,674,0
F,27,15000.0,713,0
M,35,23000.0,681,0
M,32,20000.0,686,0
M,31,20000.0,651,0
F,42,18452.0,669,0
F,46,28000.0,666,1
M,27,15000.0,657,0
M,40,21800.0,674,0
M,29,15000.0,707,0
M,33,15800.0,765,0
F,26,22000.0,646,0
M,30,35000.0,698,0
M,41,20000.0,688,1
M,32,16000.0,677,0
M,38,80000.0,673,0
M,30,15000.0,664,10
M,26,38000.0,661,0
M,34,40000.0,659,0
F,32,12500.0,679,0
M,26,20000.0,675,0
M,58,20000.0,660,2
M,36,40000.0,667,3
M,32,15000.0,670,0
F,37,26000.0,714,3
M,44,10000.0,685,20
F,45,40000.0,654,1
M,43,25000.0,695,2
M,50,30000.0,678,0
M,33,50000.0,668,2
M,32,14000.0,674,0
M,43,40000.0,671,0
M,34,30000.0,680,9
M,24,20000.0,669,0
F,27,12000.0,657,5
M,44,15000.0,694,0
M,38,30000.0,691,0
M,25,65000.0,666,0
F,34,15000.0,678,0
M,41,45000.0,696,0
M,25,60000.0,659,0
F,50,11000.0,708,0
M,37,21500.0,696,3
F,33,11000.0,660,3
F,34,22000.0,690,0
M,30,19000.0,711,0
M,22,22000.0,688,0
M,25,18000.0,641,0
M,28,50000.0,674,0
M,38,72000.0,670,0
M,26,15000.0,677,8
M,47,35000.0,656,0
M,28,18000.0,669,19
M,50,30000.0,688,0
M,42,45000.0,691,0
M,38,45000.0,667,2
M,27,25000.0,662,0
M,31,18000.0,696,3
M,33,20000.0,672,1
M,34,25000.0,674,0
M,43,55000.0,681,7
M,35,30000.0,661,0
M,23,24384.0,668,0
F,59,18500.0,703,0
M,22,13000.0,694,0
M,28,36000.0,671,0
M,48,15000.0,686,0
M,28,78000.0,645,1
M,23,22500.0,685,6
M,46,18000.0,667,1
F,28,36000.0,659,6
M,26,24000.0,679,0
M,25,20000.0,628,0
F,43,45000.0,714,0
M,37,35000.0,682,0
M,27,19000.0,670,1
M,34,60000.0,685,0
M,30,30000.0,618,1
M,47,30000.0,668,1
M,29,18000.0,659,10
M,50,44000.0,651,4
M,33,24000.0,699,8
M,62,20000.0,709,0
M,50,15000.0,668,0
F,27,40000.0,704,0
M,23,18000.0,678,0
M,30,20000.0,699,0
M,23,35000.0,682,0
F,39,30000.0,728,0
M,29,22000.0,692,30
M,31,25000.0,670,16
M,36,18000.0,681,11
M,33,35000.0,662,0
M,30,17000.0,683,3
M,25,27000.0,682,0
M,42,18000.0,638,5
M,25,17000.0,687,0
M,25,30000.0,681,0
M,38,45000.0,675,0
F,23,27000.0,699,0
M,32,48000.0,678,2
F,32,25000.0,683,0
M,37,30000.0,686,0
M,23,19500.0,692,0
M,29,18000.0,721,4
M,30,25000.0,664,0
M,21,10000.0,666,0
M,25,12000.0,689,0
M,33,20000.0,690,0
M,23,18000.0,663,1
F,25,27000.0,695,0
M,23,15000.0,672,1
M,25,23000.0,682,0
M,32,25000.0,694,0
M,31,17000.0,682,2
M,35,14500.0,679,1
M,23,35000.0,671,0
M,29,25000.0,665,2
M,27,40000.0,704,0
F,32,35000.0,665,0
M,34,29000.0,718,0
M,30,30000.0,702,0
M,44,38000.0,673,0
M,31,85000.0,667,1
M,30,20000.0,690,0
F,57,35000.0,698,0
M,25,20000.0,671,0
M,37,26000.0,698,0
M,30,15000.0,689,0
M,38,18000.0,676,0
M,31,24500.0,686,0
M,23,14500.0,686,0
M,26,15000.0,667,1
M,52,45000.0,702,7
M,44,40000.0,686,0
M,22,18700.0,668,0
M,32,32000.0,671,1
F,37,30000.0,701,1
M,23,18000.0,674,0
M,41,35000.0,633,0
M,25,40000.0,686,0
M,27,10000.0,683,0
M,44,25000.0,716,0
M,29,18000.0,681,0
M,28,25000.0,677,0
M,34,15000.0,687,0
M,31,32000.0,681,4
M,27,10000.0,676,3
M,22,30000.0,655,1
M,22,13500.0,689,0
M,26,27000.0,667,0
M,53,18000.0,720,7
M,49,13000.0,678,0
M,36,24000.0,750,0
M,31,22000.0,702,0
M,41,55000.0,708,12
M,35,23000.0,683,0
M,25,22000.0,697,0
M,46,35000.0,696,0
M,21,28000.0,678,0
M,37,15000.0,673,0
M,42,52000.0,725,0
M,46,40000.0,664,0
M,29,18500.0,674,0
M,34,16000.0,684,0
M,27,30000.0,700,0
F,35,13500.0,682,0
M,36,33000.0,669,1
M,24,16500.0,664,1
M,31,22000.0,659,9
M,42,35000.0,749,0
M,40,8500.0,675,0
M,24,12000.0,692,0
M,54,26000.0,685,0
M,35,16000.0,699,0
M,42,14000.0,683,1
M,41,30000.0,697,3
M,34,25000.0,672,0
M,49,20000.0,652,0
M,22,17000.0,681,0
M,31,30000.0,687,20
M,37,30000.0,679,0
M,31,25000.0,679,7
M,27,25000.0,742,0
M,23,17200.0,640,18
M,36,42000.0,704,0
M,42,12000.0,664,0
M,26,15000.0,687,0
M,38,28000.0,704,0
M,27,41000.0,640,0
M,55,20000.0,694,0
F,41,45000.0,714,0
M,26,30000.0,677,11
M,23,11000.0,655,0
M,22,14000.0,687,0
M,35,23000.0,720,0
F,23,11500.0,677,0
M,24,55000.0,663,0
M,36,48000.0,686,23
M,31,35000.0,649,12
M,24,19000.0,666,0
M,42,13000.0,712,0
M,27,16000.0,695,0
M,22,16000.0,685,0
M,29,85000.0,710,0
M,22,10000.0,674,0
M,49,30000.0,781,0
M,35,25000.0,635,0
M,37,23000.0,683,0
M,43,20000.0,685,0
M,31,10000.0,692,0
M,32,23000.0,652,0
M,29,23000.0,681,1
M,39,12000.0,693,0
F,38,14000.0,706,0
M,25,15000.0,717,0
M,33,24000.0,666,0
M,29,15000.0,670,0
M,44,25000.0,687,4
M,22,20000.0,607,1
M,56,48000.0,699,0
M,34,30000.0,678,0
M,48,23000.0,693,5
F,32,20000.0,717,0
M,28,38000.0,689,0
M,35,20168.0,700,4
M,33,45000.0,662,1
M,48,32000.0,698,20
M,40,15000.0,702,0
M,27,20000.0,618,6
M,22,27000.0,610,5
M,47,30000.0,704,0
M,46,20000.0,671,7
M,29,22000.0,656,13
M,33,20000.0,662,0
M,47,30000.0,692,9
M,57,35000.0,683,0
F,31,12000.0,684,0
M,49,40000.0,713,0
M,27,35000.0,666,0
M,38,20000.0,706,0
M,24,15000.0,654,0
M,36,15000.0,691,0
M,37,20000.0,680,0
M,21,25000.0,672,0
M,45,18500.0,688,0
M,28,50000.0,666,0
M,29,15000.0,684,0
M,27,25000.0,648,0
M,29,50000.0,701,0
M,45,16000.0,689,0
F,42,18500.0,692,0
M,36,26000.0,682,0
F,39,1000.0,670,0
M,32,19000.0,694,0
M,26,18000.0,683,1
M,28,20600.0,681,0
M,24,25000.0,640,5
M,29,35000.0,699,0
M,50,16000.0,677,0
M,42,30000.0,713,9
M,26,25000.0,678,1
M,22,18000.0,678,0
M,48,15000.0,699,0
M,27,27000.0,694,1
F,30,16000.0,684,0
M,48,40000.0,676,0
M,44,18000.0,678,0
M,26,15000.0,673,5
M,31,12000.0,689,0
M,28,21500.0,683,0
M,25,13000.0,685,0
M,32,250000.0,681,3
M,38,15000.0,684,0
F,38,28000.0,662,2
M,23,22000.0,635,2
M,33,25000.0,667,0
M,42,29000.0,684,0
M,36,73500.0,708,5
M,25,30000.0,674,0
M,30,13000.0,669,0
M,23,30000.0,680,0
M,34,25000.0,696,0
M,37,22000.0,708,0
M,45,55000.0,724,17
M,28,15000.0,687,0
M,22,15000.0,669,0
M,27,13000.0,675,0
M,29,17700.0,693,0
M,31,35000.0,693,0
M,34,18000.0,687,0
M,29,29000.0,686,0
M,40,40000.0,666,0
M,25,25000.0,681,0
M,35,25000.0,673,0
M,29,25000.0,689,0
M,31,23500.0,683,2
M,33,24000.0,685,0
F,41,22000.0,672,0
M,25,13000.0,671,0
M,36,18000.0,660,8
M,36,36000.0,662,0
M,26,22000.0,676,0
M,30,9500.0,675,0
M,50,13500.0,673,7
M,44,20000.0,665,1
F,22,15000.0,678,0
M,46,25000.0,689,0
M,41,25000.0,681,0
M,29,20000.0,680,0
M,34,19500.0,685,0
M,25,15000.0,689,0
M,31,23000.0,661,1
F,42,35000.0,697,0
M,34,22000.0,691,0
M,42,25000.0,683,0
M,33,35000.0,723,2
M,29,20000.0,616,6
M,48,32000.0,693,0
M,43,25000.0,671,2
M,21,15000.0,675,0
M,40,19500.0,682,0
M,27,20000.0,665,0
M,47,20000.0,677,0
M,40,35000.0,688,11
M,37,30000.0,676,1
F,46,30000.0,695,0
F,32,18000.0,688,0
M,37,45000.0,679,3
F,28,22000.0,663,0
M,46,40000.0,677,0
M,36,22500.0,706,0
M,25,20000.0,691,0
M,29,18000.0,705,0
M,32,30000.0,708,0
M,24,20000.0,667,8
M,24,20000.0,671,0
M,58,36200.0,704,0
M,23,25000.0,686,0
M,46,50000.0,721,12
M,27,46550.0,665,3
M,24,10000.0,696,0
M,28,15000.0,684,0
M,27,25000.0,688,0
M,31,30000.0,665,0
M,55,20000.0,698,0
M,33,15000.0,720,0
F,41,15000.0,701,0
M,30,25000.0,663,1
M,42,21000.0,698,0
M,36,35000.0,678,2
M,26,150000.0,674,0
M,30,25000.0,671,0
M,31,15000.0,684,0
M,28,19200.0,664,0
M,60,45000.0,727,0
F,55,20000.0,694,0
M,33,15000.0,686,1
M,37,51000.0,688,9
M,31,28000.0,684,6
M,27,30000.0,663,5
M,47,30000.0,698,0
M,22,23500.0,689,0
M,30,35600.0,702,1
M,27,20000.0,679,0
M,32,18000.0,695,0
M,29,19000.0,653,1
M,23,18000.0,702,0
M,22,18300.0,674,0
M,29,30000.0,666,2
M,32,32000.0,636,0
M,33,33000.0,679,11
M,38,29000.0,677,0
M,36,15000.0,694,0
M,45,15000.0,688,0
M,41,45000.0,686,0
F,48,25000.0,638,2
M,26,18000.0,700,0
M,23,20000.0,681,0
M,34,20000.0,676,0
M,32,24000.0,687,0
M,27,28000.0,669,0
M,30,18000.0,682,0
F,47,23000.0,657,1
M,21,15000.0,678,0
F,25,15235.0,677,0
M,47,10000.0,693,0
M,39,16800.0,662,9
M,42,28000.0,670,17
M,56,40000.0,676,0
M,48,18000.0,678,0
M,29,20000.0,680,1
M,43,25000.0,680,0
M,30,14000.0,664,0
F,49,23500.0,667,0
M,45,20000.0,707,0
M,37,16000.0,654,0
M,34,20000.0,655,12
M,22,14500.0,682,0
M,35,35000.0,649,0
M,42,35000.0,686,12
M,45,20000.0,692,0
M,24,40000.0,674,0
M,43,15000.0,712,0
M,38,42000.0,678,0
M,24,15000.0,660,2
M,53,24500.0,674,0
M,29,35000.0,614,35
M,42,30000.0,692,0
M,47,28000.0,680,1
M,26,30000.0,694,0
M,37,20000.0,669,1
M,25,35000.0,656,0
M,25,17000.0,687,0
M,30,30000.0,694,0
M,23,12500.0,660,0
M,56,45000.0,688,0
M,38,51000.0,706,2
F,52,30000.0,694,0
M,41,45000.0,677,7
M,38,55000.0,686,18
M,28,22500.0,694,0
M,50,30000.0,680,17
M,45,40000.0,669,0
F,29,40000.0,710,0
M,28,20000.0,689,1
M,25,17000.0,674,0
M,23,10000.0,683,0
M,42,30000.0,671,1
M,22,25000.0,679,0
M,22,17500.0,684,0
M,37,38000.0,683,0
M,27,40000.0,679,0
M,45,16000.0,699,0
M,30,15000.0,676,0
M,48,35000.0,689,0
M,46,25000.0,713,0
M,26,26000.0,688,0
F,37,15000.0,684,4
M,35,25000.0,670,0
F,30,15000.0,674,0
M,23,30000.0,676,0
M,29,70000.0,641,2
M,29,30000.0,664,3
M,39,30000.0,714,3
M,53,55000.0,722,0
M,32,14000.0,683,0
M,36,25000.0,676,0
M,49,20000.0,702,0
M,44,18000.0,675,0
M,23,16500.0,665,0
F,40,26000.0,682,0
M,35,22000.0,683,0
F,34,17000.0,641,6
M,30,22000.0,685,0
M,31,25000.0,668,0
M,50,25000.0,707,0
M,24,15000.0,702,0
M,25,30000.0,675,0
M,22,20000.0,656,6
M,30,15000.0,700,0
M,21,35000.0,670,0
M,38,23000.0,694,0
M,36,29000.0,696,0
M,30,15000.0,667,2
F,44,25000.0,713,0
M,24,35000.0,640,0
M,35,23500.0,684,0
M,37,20000.0,682,0
M,43,24000.0,698,3
M,38,18000.0,678,0
M,24,22000.0,681,0
F,29,45000.0,647,0
M,42,40000.0,709,2
M,34,32000.0,669,4
M,28,40000.0,656,1
M,29,35000.0,667,7
M,29,40000.0,689,0
M,43,30000.0,667,0
F,34,15000.0,672,0
F,22,10500.0,681,0
M,22,33000.0,675,0
M,39,28000.0,702,11
M,27,28000.0,673,0
M,28,20000.0,643,0
M,43,20000.0,686,0
M,37,25000.0,675,0
M,37,24000.0,680,0
M,48,15000.0,711,0
M,29,38000.0,636,0
M,23,25000.0,647,2
M,23,15000.0,684,0
M,33,18600.0,687,0
M,35,30000.0,658,9
M,38,17500.0,671,2
M,45,40000.0,674,0
M,31,60000.0,668,0
M,56,45000.0,659,3
M,22,20000.0,672,0
M,27,48000.0,677,0
M,41,20000.0,661,0
M,41,18000.0,674,6
M,58,28000.0,676,0
M,44,19000.0,673,0
M,29,15000.0,670,5
M,36,40000.0,673,0
M,23,18000.0,688,0
M,26,20000.0,672,0
M,34,12000.0,690,0
M,27,18000.0,674,0
M,41,42500.0,673,1
M,22,19500.0,680,0
M,50,18000.0,687,3
M,42,30000.0,676,1
M,29,30000.0,668,0
M,54,30000.0,714,0
M,30,25000.0,658,1
M,44,15000.0,673,0
M,46,24000.0,668,0
M,30,24365.0,693,0
M,28,20000.0,676,0
M,29,25000.0,656,0
M,23,30000.0,706,0
M,28,31000.0,691,0
M,36,20000.0,676,0
M,32,22000.0,688,0
M,22,32000.0,663,8
M,29,17900.0,664,0
M,33,17000.0,657,16
M,22,16000.0,660,2
M,26,28000.0,691,0
M,30,31500.0,633,1
M,63,20000.0,694,0
M,32,26500.0,695,0
F,26,40000.0,690,0
M,24,28000.0,684,0
M,38,46500.0,716,0
M,33,19000.0,681,0
M,34,55000.0,677,1
M,51,23800.0,689,0
M,23,21000.0,671,0
M,33,28000.0,668,1
M,21,12000.0,660,0
M,54,32000.0,667,0
M,27,40000.0,683,0
M,32,35000.0,682,0
M,27,45000.0,677,2
M,36,35000.0,683,2
M,40,30000.0,658,0
F,24,25000.0,676,0
M,45,45000.0,688,0
M,28,12000.0,658,0
M,28,28000.0,680,0
F,44,12500.0,687,0
M,28,38000.0,664,5
M,53,25000.0,698,0
M,32,20000.0,672,5
M,50,28000.0,676,0
M,27,20000.0,670,0
M,44,24000.0,670,0
M,30,29000.0,711,3
M,35,40000.0,640,1
M,24,25000.0,673,1
M,21,45000.0,694,0
M,48,20000.0,708,0
M,40,30000.0,692,12
M,30,20000.0,696,9
M,24,20000.0,689,0
M,50,48500.0,710,4
M,30,30000.0,663,0
M,27,20000.0,676,12
F,25,15000.0,696,3
M,25,18000.0,669,0
F,52,20000.0,694,0
M,45,40000.0,704,0
M,39,13000.0,687,0
M,45,20000.0,682,0
M,24,20000.0,703,0
M,26,14000.0,677,0
M,30,22500.0,658,0
M,31,20000.0,685,0
M,29,32000.0,692,0
M,46,15000.0,683,0
M,25,35000.0,706,0
M,33,25000.0,689,0
M,31,40000.0,661,0
M,28,25000.0,676,0
F,40,25000.0,661,3
M,33,30000.0,699,0
F,26,15000.0,704,0
M,33,13000.0,676,0
M,24,20000.0,676,0
M,40,22000.0,681,0
M,31,15000.0,638,1
M,30,25000.0,715,0
M,39,20000.0,676,8
M,33,15000.0,656,1
F,31,29500.0,685,6
F,42,79000.0,714,0
M,32,35000.0,654,9
M,27,70000.0,722,0
M,34,26000.0,696,3
M,46,15000.0,678,0
M,31,30000.0,660,0
M,24,16000.0,686,0
F,36,20000.0,668,0
M,45,14000.0,686,0
M,33,17000.0,687,7
M,24,20000.0,598,0
M,46,19000.0,687,0
F,33,25000.0,673,3
M,52,36000.0,707,0
M,26,25000.0,720,0
F,45,19000.0,705,0
M,34,18000.0,674,1
M,30,18900.0,668,0
M,51,28000.0,681,15
M,38,18000.0,666,0
M,21,13500.0,645,2
M,24,35000.0,689,0
M,54,65000.0,733,32
M,34,18452.0,700,33
M,46,35000.0,658,1
M,27,28000.0,660,4
M,29,35000.0,678,8
M,48,65000.0,680,0
F,56,45500.0,677,0
M,26,30000.0,659,0
F,33,16000.0,673,0
M,25,40000.0,684,3
M,34,30000.0,685,0
M,40,20000.0,664,6
F,28,15000.0,678,4
M,37,48000.0,734,0
M,26,150000.0,689,0
M,33,50000.0,670,1
F,33,18000.0,651,2
M,24,18000.0,674,0
M,30,25000.0,699,3
F,22,18000.0,676,8
M,23,25000.0,650,0
M,27,20000.0,696,0
M,33,28500.0,673,1
M,29,47000.0,687,0
M,57,70000.0,690,0
M,40,14000.0,683,0
F,35,14000.0,662,3
M,29,16500.0,677,3
M,23,30000.0,675,0
M,25,3.0,677,0
F,39,17200.0,680,0
M,24,16500.0,663,0
M,23,25000.0,688,0
M,39,50000.0,684,0
M,32,28500.0,658,1
M,35,30000.0,670,2
F,38,19000.0,680,0
M,37,43000.0,697,0
M,44,18000.0,682,0
M,49,20000.0,721,0
M,43,25000.0,693,0
F,53,25000.0,659,5
M,38,18000.0,693,0
M,40,35000.0,676,0
F,52,25000.0,671,6
M,38,20000.0,678,0
F,25,30000.0,689,0
F,45,16000.0,708,0
M,28,35000.0,653,0
M,35,36000.0,681,0
M,30,18000.0,667,1
M,27,14000.0,689,0
M,46,38000.0,692,0
M,57,85000.0,699,0
M,23,30000.0,692,0
M,51,28500.0,675,0
M,23,25000.0,686,0
F,36,20000.0,687,0
M,41,38000.0,686,2
M,51,40000.0,695,0
M,45,24000.0,688,0
M,23,35000.0,683,0
M,29,20000.0,743,0
M,44,20000.0,697,0
M,59,20000.0,685,1
M,40,28000.0,660,4
M,31,30000.0,695,0
M,38,12000.0,658,0
M,32,26000.0,686,0
M,47,13000.0,677,0
M,35,22000.0,681,0
M,46,80000.0,675,0
F,39,16000.0,668,0
F,42,19000.0,674,0
M,29,18000.0,670,0
F,25,15000.0,673,0
M,47,30000.0,697,5
M,53,40000.0,750,2
M,56,45000.0,725,8
M,38,15000.0,694,0
M,38,39000.0,700,0
M,38,18000.0,652,3
F,44,24000.0,655,1
M,27,25000.0,705,0
M,21,50000.0,701,0
M,42,17000.0,673,0
M,47,30000.0,725,2
M,22,15000.0,686,0
M,35,40000.0,674,0
M,32,40000.0,683,0
M,25,15000.0,687,0
M,22,30000.0,672,0
M,36,40000.0,697,5
M,37,12500.0,711,0
M,23,68000.0,684,0
M,36,35000.0,706,0
M,30,30000.0,677,0
F,51,17000.0,698,0
M,28,20000.0,699,0
M,36,60000.0,670,2
M,35,22000.0,718,0
F,29,50000.0,649,7
M,27,37000.0,664,0
M,23,19000.0,668,0
M,29,16500.0,707,8
M,24,18000.0,655,1
M,32,20000.0,727,0
M,53,10.0,689,0
M,45,15000.0,682,0
M,26,20000.0,703,0
M,21,16000.0,670,0
M,49,30000.0,703,13
M,48,28000.0,701,0
M,55,31650.0,676,0
M,30,20000.0,679,0
M,24,12000.0,682,0
M,49,50000.0,688,0
M,40,10000.0,685,0
M,35,20000.0,688,7
M,46,20000.0,657,2
M,34,35000.0,613,17
M,25,25000.0,677,0
M,38,16000.0,663,0
M,23,60000.0,677,1
M,24,32000.0,680,4
M,24,31000.0,674,0
M,36,25000.0,656,0
M,40,15000.0,655,0
M,44,18000.0,661,4
M,30,20000.0,681,6
M,36,33000.0,671,3
M,27,32500.0,683,8
F,27,40000.0,660,8
F,23,15000.0,679,0
M,32,30000.0,681,0
M,24,65000.0,678,2
M,35,25000.0,665,2
M,26,22500.0,696,0
M,30,25000.0,670,0
M,22,37500.0,684,0
M,28,14000.0,666,3
M,41,17000.0,686,0
M,27,20000.0,675,11
M,23,60000.0,665,0
M,34,28000.0,739,8
M,29,14000.0,680,0
M,25,16000.0,672,6
M,28,20000.0,676,0
M,34,14000.0,664,10
M,25,19000.0,682,0
M,26,19000.0,669,0
F,58,15000.0,690,0
M,52,40000.0,666,0
M,30,18000.0,695,0
M,63,90000.0,741,0
M,21,17000.0,685,0
M,26,29000.0,683,0
M,29,25000.0,680,0
M,47,17500.0,646,9
M,46,25000.0,673,0
F,24,12500.0,654,1
M,35,49545.0,680,0
M,22,43000.0,672,0
M,22,20000.0,661,0
F,29,15000.0,669,0
F,25,15000.0,658,0
M,51,26500.0,672,0
M,24,25000.0,700,0
M,22,12000.0,677,0
M,33,32000.0,691,0
M,24,22000.0,676,1
M,22,10000.0,685,0
M,21,30000.0,681,1
M,35,45000.0,627,1
M,44,25000.0,669,0
M,45,24000.0,662,0
M,52,40000.0,656,1
F,30,16000.0,664,1
M,27,55000.0,687,2
M,27,18000.0,655,2
M,26,30000.0,686,0
F,54,15000.0,722,10
F,41,17000.0,662,0
M,37,10000.0,687,0
M,27,32000.0,667,0
M,25,15000.0,680,0
M,32,25000.0,680,19
M,30,22000.0,693,2
M,24,25000.0,654,0
M,41,16000.0,695,12
M,30,15500.0,702,0
M,51,23000.0,745,0
F,47,29000.0,687,0
M,22,15000.0,680,0
M,33,25000.0,704,0
M,38,25000.0,654,15
M,29,25000.0,680,0
M,34,40000.0,668,0
M,28,12000.0,688,0
M,42,12000.0,683,0
M,39,28000.0,684,0
F,54,30000.0,703,0
M,26,25000.0,674,0
M,25,40000.0,694,0
M,23,23000.0,662,3
F,48,30000.0,691,0
F,28,26000.0,684,0
M,46,25500.0,716,0
M,29,48000.0,688,0
F,24,8000.0,667,0
M,32,18000.0,679,0
M,54,48000.0,681,0
M,35,18000.0,694,0
M,48,30000.0,686,3
M,23,29000.0,650,0
F,33,16000.0,646,0
M,25,30000.0,658,1
M,46,47000.0,684,1
F,26,25000.0,666,0
M,50,35000.0,723,0
M,32,20000.0,697,0
F,31,14600.0,678,0
M,33,30000.0,677,3
M,35,40000.0,695,0
M,31,30000.0,675,18
F,29,49999.0,690,0
M,30,15000.0,685,0
M,26,30000.0,675,0
M,30,35000.0,674,0
M,27,22000.0,744,0
M,54,18624.0,729,0
M,21,4000.0,674,0
M,28,35000.0,687,0
M,28,25000.0,638,1
M,35,43000.0,713,0
M,39,22000.0,676,0
M,23,25000.0,675,1
M,28,42000.0,675,1
M,44,30000.0,685,0
M,24,30000.0,676,0
M,41,56000.0,756,0
M,36,26000.0,693,0
M,34,14000.0,679,0
M,32,12000.0,681,0
M,23,38000.0,689,0
M,30,23000.0,643,0
M,29,30000.0,674,0
M,31,20000.0,672,0
M,38,20000.0,686,0
M,24,50000.0,681,0
M,32,15000.0,685,0
M,51,60000.0,704,9
M,37,35000.0,690,0
M,30,20000.0,666,0
M,22,13500.0,702,0
M,35,20000.0,733,0
M,24,13600.0,656,3
M,21,35000.0,686,0
M,22,17000.0,718,0
M,31,48000.0,671,0
M,39,25000.0,712,25
M,29,23000.0,655,3
M,46,35000.0,692,0
M,25,29500.0,672,0
M,32,15000.0,691,0
M,37,20000.0,681,1
M,36,30000.0,675,2
M,30,35000.0,710,0
M,28,25000.0,687,0
M,25,25000.0,681,0
M,31,28000.0,665,0
M,36,25000.0,666,1
M,25,38000.0,654,2
M,29,15000.0,685,0
M,37,13500.0,688,1
F,31,25000.0,661,3
F,45,20000.0,720,2
M,28,20000.0,685,0
M,32,30000.0,696,0
M,28,18000.0,683,0
M,33,14000.0,703,5
M,25,40000.0,677,0
M,23,15000.0,691,0
M,35,22000.0,685,0
M,26,17900.0,666,0
M,35,28000.0,703,0
M,29,16000.0,643,2
M,24,18000.0,649,0
M,38,17000.0,647,0
M,24,45000.0,669,0
M,33,35000.0,693,1
M,45,45500.0,685,20
M,25,22000.0,687,0
M,27,30000.0,687,0
M,29,26000.0,642,1
M,34,30000.0,658,3
M,59,38000.0,696,0
M,33,20000.0,706,0
M,33,13000.0,645,1
M,27,30000.0,690,14
F,40,26000.0,707,3
M,43,31500.0,681,0
F,22,19800.0,689,0
M,29,25000.0,724,0
M,22,25000.0,679,0
M,27,14880.0,675,1
M,24,24000.0,680,0
M,33,15000.0,678,2
M,40,24000.0,776,0
M,27,17000.0,700,0
M,22,18000.0,669,0
M,29,20000.0,655,0
M,45,40000.0,652,0
M,43,18000.0,671,7
M,40,28000.0,673,1
M,35,31463.0,689,0
M,36,18700.0,679,0
M,25,19000.0,666,10
M,27,15000.0,660,1
M,32,28000.0,696,0
M,29,16000.0,669,3
F,43,12000.0,676,3
M,34,14000.0,679,1
M,28,35000.0,656,1
M,28,18000.0,671,3
M,35,20000.0,694,0
M,31,35000.0,690,2
M,35,20000.0,678,0
M,25,16000.0,667,2
M,36,22000.0,688,0
M,21,17400.0,653,0
M,30,30000.0,660,14
M,30,20000.0,672,0
M,32,16000.0,681,2
M,27,90000.0,676,1
M,26,35400.0,682,2
M,25,25000.0,679,0
F,35,15000.0,679,0
M,25,40000.0,694,0
M,24,17000.0,677,0
M,42,20000.0,679,0
M,41,20000.0,633,4
M,42,27000.0,671,0
M,37,9.0,670,2
M,29,25000.0,645,22
M,22,10000.0,682,3
M,31,22000.0,686,0
M,24,8500.0,694,0
M,31,45000.0,651,14
M,21,43850.0,682,0
M,30,25000.0,679,0
M,59,20000.0,687,0
M,41,10000.0,662,8
M,39,30000.0,653,0
M,44,18000.0,666,0
M,37,16000.0,675,0
M,45,18000.0,684,1
M,28,15000.0,676,0
M,25,12000.0,671,0
M,25,18000.0,667,0
M,25,15000.0,660,1
M,32,14000.0,689,2
M,39,30000.0,691,0
M,28,30000.0,648,17
M,44,32000.0,696,4
M,29,20000.0,674,2
M,35,20000.0,710,0
M,28,10000.0,757,0
M,36,15000.0,687,0
M,34,45000.0,680,0
M,31,25000.0,696,0
M,22,28000.0,697,0
M,34,30000.0,672,1
M,34,13000.0,650,0
M,30,16000.0,693,0
M,27,23000.0,711,0
M,34,35000.0,659,4
M,50,40000.0,709,5
M,29,35000.0,680,0
M,23,46000.0,674,0
M,38,30000.0,727,0
M,28,50000.0,639,0
M,24,18000.0,697,0
M,27,19000.0,679,0
M,23,20000.0,652,0
M,47,38000.0,723,0
M,50,25000.0,647,0
M,23,12000.0,674,0
M,26,21000.0,656,0
M,28,28000.0,685,0
M,24,10309.0,678,1
M,37,38000.0,662,6
F,32,30000.0,627,0
M,47,25000.0,719,0
M,24,25000.0,672,0
M,23,65000.0,682,0
M,40,27000.0,692,0
M,29,18000.0,680,2
M,21,12000.0,675,0
M,32,12000.0,660,3
M,32,22000.0,660,0
M,29,31000.0,669,0
M,41,31000.0,693,0
F,29,23500.0,644,0
M,27,42000.0,676,0
M,28,45000.0,693,0
M,49,21000.0,731,0
M,33,23000.0,679,0
M,37,90000.0,701,16
M,28,26000.0,688,0
M,49,20000.0,675,1
F,40,12000.0,685,0
M,32,20000.0,657,2
M,47,20000.0,673,3
M,27,13500.0,677,3
M,44,20000.0,711,0
M,33,20000.0,681,0
F,28,20000.0,688,0
M,32,20000.0,673,1
M,29,30000.0,713,13
M,30,20500.0,662,0
M,31,25000.0,677,0
M,45,31000.0,680,3
M,29,22000.0,669,1
M,25,25500.0,680,0
M,29,45000.0,669,0
M,50,26000.0,684,0
M,21,15000.0,691,0
M,24,10000.0,658,0
M,35,55000.0,677,0
M,36,18000.0,704,0
M,38,17500.0,688,0
M,40,28000.0,694,15
F,26,49000.0,694,1
M,32,18000.0,681,0
M,40,20000.0,683,0
M,42,42000.0,689,0
M,36,20000.0,684,0
M,21,35000.0,704,0
M,46,20000.0,664,0
M,27,8000.0,657,0
M,34,17000.0,716,0
M,42,25000.0,704,4
M,49,43000.0,661,3
M,26,12000.0,684,0
F,44,50000.0,664,0
M,24,25000.0,660,3
M,27,25000.0,663,0
M,24,20000.0,666,1
M,29,30000.0,685,0
M,41,35000.0,664,1
M,23,25000.0,670,1
M,36,30000.0,721,1
M,34,25000.0,659,5
M,24,80000.0,652,1
M,35,11000.0,670,0
F,26,20000.0,681,0
F,42,18000.0,660,5
M,40,12000.0,683,0
M,28,43500.0,663,0
M,32,32000.0,715,4
M,39,30000.0,698,0
F,61,20000.0,682,0
F,44,28000.0,681,0
F,31,50000.0,668,4
M,39,25200.0,650,16
M,25,22000.0,673,24
M,27,25000.0,679,0
M,24,20000.0,691,0
M,27,11500.0,649,3
M,25,18000.0,671,0
M,22,12000.0,656,0
F,30,14000.0,690,0
M,26,47000.0,658,0
M,25,16000.0,682,0
M,41,25700.0,674,0
M,42,21380.0,677,0
M,34,27000.0,709,0
F,24,14000.0,678,0
M,25,23000.0,678,0
M,45,30000.0,660,7
F,39,24500.0,707,0
M,40,25000.0,679,5
M,40,12000.0,678,27
F,32,33500.0,684,0
M,31,15000.0,697,0
M,25,30000.0,664,0
M,43,11800.0,675,0
M,23,15000.0,665,1
M,25,30500.0,664,13
M,22,58900.0,684,0
M,55,18000.0,678,0
M,35,25000.0,666,0
M,34,28000.0,689,7
M,21,12000.0,681,0
M,29,40000.0,667,1
M,30,30000.0,658,1
M,23,27000.0,662,0
M,30,30000.0,669,0
M,23,60000.0,663,2
M,27,17000.0,674,0
M,31,15000.0,632,0
M,34,40000.0,693,2
M,22,20000.0,653,0
M,32,20000.0,699,0
M,25,11800.0,682,0
M,33,50000.0,649,0
M,21,17500.0,642,0
M,31,45000.0,655,0
M,26,20000.0,674,2
M,31,15000.0,705,0
M,57,41800.0,699,0
M,21,30000.0,703,0
M,31,25000.0,676,0
M,30,16500.0,654,6
M,35,35000.0,707,0
M,23,16000.0,635,0
M,35,12550.0,668,3
M,34,24500.0,683,0
M,34,31000.0,678,16
M,43,25000.0,681,29
M,27,19000.0,686,0
M,38,29000.0,684,8
M,24,16000.0,693,0
M,26,16600.0,661,0
M,46,30000.0,694,0
M,27,23000.0,736,0
M,24,10791.0,673,0
M,25,13500.0,668,0
M,36,18000.0,704,0
F,37,10000.0,683,0
M,39,30000.0,721,1
M,29,17000.0,679,0
M,25,11000.0,683,0
M,27,15000.0,679,0
M,40,40000.0,696,8
M,32,40000.0,687,0
M,37,15018.0,678,0
M,25,12500.0,673,0
M,35,32000.0,727,0
F,40,18000.0,693,0
M,42,25000.0,659,0
M,24,18000.0,664,0
M,57,44000.0,710,0
M,39,80000.0,683,0
M,49,14000.0,660,2
M,26,13000.0,689,0
F,42,15000.0,661,2
M,26,8000.0,665,0
M,28,82800.0,688,0
M,22,15000.0,618,0
M,34,17000.0,660,0
M,28,20000.0,656,1
M,21,18000.0,679,0
F,36,20000.0,689,0
M,58,45000.0,680,1
M,23,40000.0,696,0
M,28,35000.0,678,0
M,22,28500.0,671,0
M,48,14000.0,640,3
M,23,14000.0,670,0
M,23,18000.0,668,0
M,26,18000.0,698,0
M,33,18000.0,664,0
F,25,20000.0,698,0
M,24,15000.0,682,0
M,24,22000.0,682,0
F,28,10000.0,696,0
M,32,23000.0,670,0
M,35,32000.0,674,0
M,40,25000.0,702,10
F,37,17000.0,685,0
M,29,14000.0,699,10
M,29,22500.0,666,0
M,39,27000.0,686,0
M,29,94000.0,663,0
M,35,25000.0,702,0
M,47,33200.0,673,0
M,27,25000.0,675,0
M,28,50000.0,698,3
M,33,30000.0,690,2
M,42,35000.0,722,0
M,33,40000.0,679,0
M,36,30000.0,668,1
M,25,28500.0,683,0
M,23,15000.0,698,0
M,64,17000.0,674,0
M,36,12000.0,688,0
M,36,18000.0,683,0
M,23,25000.0,690,1
M,24,18900.0,684,0
M,43,14000.0,671,0
F,38,13000.0,685,8
M,49,25000.0,679,6
M,34,20000.0,714,0
M,46,32100.0,758,0
M,22,22000.0,676,0
M,30,35000.0,665,0
M,42,32000.0,682,1
M,30,23000.0,653,16
M,26,26000.0,657,0
M,54,28000.0,706,0
M,37,12000.0,691,5
F,30,20000.0,684,0
M,40,18500.0,677,0
M,33,27500.0,705,0
M,34,30000.0,694,0
F,41,15000.0,683,0
M,25,22000.0,683,0
M,25,28000.0,687,0
M,30,10000.0,693,0
M,45,25000.0,673,0
F,40,20000.0,691,13
M,25,27500.0,687,0
M,46,45000.0,704,0
M,46,39000.0,679,0
M,48,45000.0,677,1
M,62,15000.0,748,0
M,22,18000.0,674,0
M,26,17500.0,680,0
M,31,51900.0,693,4
M,34,30000.0,694,2
M,22,45000.0,693,0
M,22,9000.0,670,1
M,26,40000.0,682,0
M,24,30000.0,679,0
M,39,15000.0,678,0
M,24,55000.0,672,0
F,28,17000.0,682,6
M,23,20000.0,689,0
M,36,29000.0,671,3
M,23,14000.0,677,0
M,29,15000.0,703,0
M,23,30000.0,683,9
F,37,19000.0,710,0
M,33,34000.0,682,0
M,32,30000.0,637,0
M,26,21000.0,690,0
M,44,10000.0,672,12
M,21,12500.0,667,1
M,53,25000.0,712,1
M,41,23000.0,682,1
M,38,27000.0,678,0
M,33,50000.0,677,0
M,39,18000.0,707,0
F,44,17000.0,686,9
M,42,13000.0,671,0
M,42,15000.0,698,4
M,35,40000.0,710,0
M,32,22000.0,679,0
M,23,11500.0,670,0
M,23,11000.0,666,0
M,24,13000.0,667,0
M,23,35000.0,652,1
M,25,30000.0,689,0
M,37,42000.0,692,0
M,34,20000.0,721,0
M,34,35000.0,680,4
M,23,47500.0,652,3
M,36,23300.0,645,6
M,41,23000.0,744,2
M,36,48000.0,719,0
M,26,20000.0,667,6
M,31,28000.0,671,9
M,27,17000.0,681,0
M,27,15000.0,683,0
M,31,29000.0,676,0
M,26,25000.0,689,0
M,44,18000.0,677,3
M,26,23000.0,673,0
M,29,32000.0,694,0
M,30,30000.0,685,0
M,31,25000.0,672,0
F,50,18000.0,653,0
M,31,21000.0,668,14
M,52,27000.0,669,9
M,35,50000.0,696,0
M,38,20000.0,653,7
M,24,15000.0,648,1
F,35,23500.0,695,0
M,32,18000.0,695,0
M,32,60000.0,703,0
M,26,23000.0,677,0
M,36,15000.0,610,1
M,27,20000.0,679,0
M,39,30000.0,686,0
M,39,25000.0,673,0
M,38,55000.0,670,3
M,40,30000.0,656,3
M,23,22000.0,675,0
F,40,18500.0,685,0
M,30,35000.0,716,0
M,33,15000.0,664,8
M,44,45000.0,686,2
M,26,28500.0,679,0
M,27,15000.0,661,0
M,33,25000.0,685,0
M,37,15000.0,716,0
M,27,28000.0,708,26
M,24,12000.0,660,0
M,53,25000.0,709,0
M,24,15000.0,675,9
M,26,50000.0,684,0
M,26,30000.0,686,0
M,45,30000.0,673,4
M,26,20000.0,685,11
M,26,15000.0,672,0
M,28,20000.0,683,0
M,38,10000.0,678,0
M,30,20000.0,695,1
M,33,13000.0,654,1
M,30,10.0,665,0
M,37,19321.0,699,0
M,47,11000.0,677,1
M,37,23500.0,669,0
M,40,17000.0,680,0
M,30,15000.0,626,1
M,21,16000.0,679,7
M,43,17951.0,705,0
M,23,44000.0,678,0
M,24,28000.0,666,1
M,23,23000.0,701,0
M,25,40000.0,676,0
M,25,14700.0,676,0
M,23,10000.0,661,0
M,41,15000.0,706,0
M,22,25000.0,675,0
M,25,29500.0,679,0
M,36,17900.0,678,0
M,32,27000.0,679,1
M,30,35000.0,693,0
M,28,23200.0,688,0
M,32,29000.0,696,2
M,30,20000.0,686,1
F,37,25000.0,717,1
M,36,20000.0,728,0
M,53,10000.0,689,0
M,24,15000.0,675,0
M,21,25000.0,663,0
M,41,17845.0,639,0
M,30,25000.0,704,0
M,31,18500.0,661,0
M,26,26500.0,629,3
M,40,38000.0,677,4
M,23,14800.0,660,3
M,24,12000.0,693,0
M,23,25000.0,678,0
M,36,20000.0,690,19
F,28,10000.0,656,0
M,48,88000.0,758,0
M,24,15700.0,666,0
M,27,20000.0,670,0
F,53,18000.0,649,0
M,26,25000.0,692,1
M,23,25000.0,679,0
M,57,18400.0,686,0
M,34,24000.0,697,3
M,29,13000.0,694,3
M,28,30000.0,678,0
M,43,45000.0,671,0
F,37,20000.0,686,0
M,29,20000.0,678,4
M,30,23000.0,680,0
F,29,10000.0,682,0
M,22,12000.0,687,0
M,23,23000.0,690,0
F,30,73000.0,639,3
M,25,20000.0,662,0
M,24,18000.0,672,2
F,32,27000.0,668,0
M,39,65000.0,687,0
F,45,40000.0,700,0
M,36,32000.0,708,14
M,21,18000.0,681,0
M,29,30000.0,674,0
M,29,25000.0,653,0
F,33,11000.0,702,0
F,28,16000.0,675,0
M,42,20000.0,673,6
M,33,25000.0,661,3
M,35,35000.0,690,0
F,28,35000.0,679,0
M,23,25000.0,675,0
M,30,21000.0,658,1
M,30,12000.0,667,1
M,24,20000.0,672,0
F,29,10500.0,696,0
M,31,29000.0,681,0
M,26,35000.0,681,0
M,25,25000.0,689,7
M,29,50000.0,664,0
M,27,12000.0,683,0
M,34,18000.0,677,22
F,28,15000.0,675,0
M,27,35000.0,701,7
M,29,20000.0,652,7
M,23,20000.0,666,1
M,22,18000.0,702,0
M,29,40000.0,664,3
M,37,33000.0,697,0
M,44,25000.0,652,3
M,38,35000.0,647,2
M,37,25000.0,679,0
M,38,20000.0,665,0
M,21,18000.0,672,0
F,21,30000.0,700,4
M,44,25000.0,645,15
M,40,11000.0,729,0
M,50,31000.0,666,6
M,45,40000.0,709,0
M,25,20000.0,648,0
M,28,15000.0,688,0
M,38,19000.0,679,8
M,30,30000.0,654,2
M,41,25000.0,700,0
F,21,55000.0,679,0
M,25,16000.0,652,0
M,47,19000.0,688,0
M,46,18000.0,674,2
M,38,25000.0,663,2
M,31,20000.0,647,3
M,39,14500.0,673,0
F,27,25000.0,665,15
M,44,40000.0,714,2
M,27,11000.0,696,0
M,42,30000.0,695,0
M,47,35000.0,696,0
M,24,16000.0,677,0
M,24,20000.0,667,11
M,41,30000.0,672,4
M,27,38000.0,666,2
M,30,19000.0,676,0
M,28,16000.0,705,0
M,38,20000.0,703,0
M,27,20000.0,652,3
M,44,15000.0,683,0
F,38,38000.0,682,4
M,22,26000.0,669,0
M,35,30000.0,681,0
M,50,32000.0,697,5
M,23,27500.0,686,0
M,32,30000.0,664,0
M,31,30000.0,725,0
M,37,16000.0,698,0
M,24,20000.0,694,7
M,33,30000.0,727,0
M,47,18500.0,692,3
F,42,23000.0,677,0
F,50,35000.0,709,0
M,30,15000.0,685,0
M,42,13000.0,679,0
M,25,12000.0,670,0
M,44,30000.0,644,7
M,33,20000.0,708,0
F,28,15000.0,658,8
F,32,15000.0,712,0
M,27,23900.0,680,0
M,29,15900.0,690,0
M,33,20000.0,712,0
M,26,27000.0,672,16
M,32,30000.0,692,0
M,22,20000.0,662,2
M,30,15000.0,693,0
M,34,35000.0,685,0
M,33,20000.0,691,0
M,40,17000.0,691,0
F,41,15000.0,684,0
M,39,35500.0,686,0
M,32,12000.0,668,1
F,33,16000.0,661,3
M,46,30000.0,693,0
M,29,9000.0,639,9
M,38,24000.0,663,0
M,31,18000.0,692,0
M,24,20000.0,615,0
M,28,25000.0,673,0
M,30,40000.0,679,0
M,32,18000.0,698,0
M,23,35000.0,678,0
M,30,15500.0,672,0
M,58,23000.0,675,1
M,24,13000.0,662,0
M,28,20000.0,698,0
M,24,80000.0,659,0
M,33,38000.0,665,29
M,44,20000.0,676,0
M,40,20000.0,732,2
M,29,17000.0,682,0
M,39,35000.0,671,0
M,33,23800.0,611,0
F,59,15.0,689,0
M,30,18000.0,678,1
M,53,19000.0,695,0
F,31,25000.0,678,0
M,33,25000.0,670,0
M,27,20000.0,673,0
M,31,25000.0,684,0
M,57,35000.0,687,0
M,26,21000.0,661,0
M,28,20000.0,702,0
M,49,18000.0,657,0
M,35,18000.0,673,0
M,30,28000.0,684,0
F,46,14000.0,713,0
M,28,18000.0,687,0
M,40,45000.0,704,0
M,24,20000.0,671,0
M,39,50000.0,712,0
M,22,20000.0,662,1
M,25,30000.0,663,0
M,30,25000.0,660,0
M,26,18000.0,656,3
M,35,65000.0,705,0
M,40,32000.0,682,0
M,34,22000.0,653,0
M,45,25000.0,626,2
M,31,20000.0,654,2
M,34,21000.0,683,11
F,27,22700.0,645,0
M,42,15000.0,672,2
M,21,12500.0,675,0
M,25,25000.0,678,0
F,44,17000.0,688,0
M,42,15000.0,690,0
M,28,10000.0,678,0
M,30,20000.0,658,0
M,23,40000.0,674,0
M,45,25000.0,671,0
F,27,35000.0,633,0
M,33,25500.0,683,0
M,40,30000.0,694,0
M,25,25000.0,694,0
F,23,20000.0,678,0
M,45,20000.0,690,0
M,27,30000.0,671,0
F,40,25000.0,668,0
M,54,49500.0,680,2
M,58,34000.0,706,0
M,35,22700.0,692,0
M,30,23500.0,672,1
M,35,30000.0,682,0
M,30,15000.0,682,0
F,45,20000.0,678,1
M,24,24000.0,688,0
M,29,25000.0,681,6
M,30,25000.0,684,0
F,46,30000.0,682,0
M,28,14500.0,692,0
M,23,16000.0,666,0
M,23,24000.0,691,0
M,28,45000.0,698,0
M,31,30000.0,699,4
M,44,40000.0,658,3
M,26,26000.0,644,0
F,32,25000.0,659,3
M,38,10000.0,684,0
M,35,20000.0,677,0
M,39,40000.0,686,0
M,34,15000.0,686,0
M,26,30000.0,669,5
M,33,15000.0,677,0
M,22,17500.0,668,0
M,24,15000.0,669,0
M,42,16000.0,674,5
F,48,39000.0,687,0
M,22,12000.0,688,0
M,28,15000.0,689,0
M,25,30000.0,674,0
M,38,31000.0,645,1
M,46,57000.0,652,1
M,29,35000.0,697,2
M,31,40000.0,688,2
F,37,30000.0,693,18
M,45,12000.0,675,0
M,37,26000.0,720,0
M,21,50000.0,685,0
M,36,15000.0,689,0
M,36,22000.0,638,1
M,56,12000.0,688,1
M,22,40000.0,662,0
M,24,35000.0,670,0
F,43,48000.0,696,0
M,28,20000.0,685,1
M,23,30000.0,687,0
F,42,25000.0,662,5
M,23,20000.0,674,0
M,41,20000.0,685,0
M,37,16000.0,678,0
M,23,28000.0,637,0
M,31,40000.0,696,0
M,51,25000.0,673,0
F,47,11000.0,679,0
M,29,19000.0,699,0
M,34,30000.0,720,0
M,23,24000.0,667,0
F,34,10000.0,657,0
M,24,17000.0,672,0
M,27,22000.0,667,0
M,32,21000.0,714,0
F,26,20000.0,696,0
M,23,30000.0,685,0
M,29,20000.0,717,0
M,33,18000.0,672,0
M,36,10700.0,669,0
M,30,22000.0,670,0
M,28,10000.0,674,1
M,35,40000.0,714,0
M,46,20000.0,685,0
F,56,12000.0,685,0
F,35,25000.0,647,0
M,23,16000.0,685,0
M,27,20000.0,666,0
M,39,31462.0,704,6
M,28,18000.0,676,0
M,37,16000.0,711,0
M,40,15000.0,691,0
M,33,35000.0,704,0
M,35,20000.0,688,3
M,46,25000.0,676,0
M,39,25000.0,680,1
M,32,31000.0,683,0
M,34,15000.0,682,0
M,30,12800.0,684,0
M,51,22000.0,738,0
M,51,100000.0,730,35
M,22,15000.0,636,1
M,50,38000.0,687,4
F,27,28000.0,679,0
M,29,15000.0,688,0
F,42,18800.0,670,0
M,30,15000.0,658,0
M,22,33000.0,676,1
M,24,42000.0,692,0
M,34,10000.0,677,0
M,49,20000.0,705,0
M,32,12000.0,671,0
M,43,40000.0,682,0
M,34,20000.0,646,1
M,35,17000.0,661,2
M,30,30000.0,709,0
M,36,35000.0,680,8
M,28,18000.0,681,2
M,23,18000.0,671,0
M,38,19000.0,734,0
M,32,15000.0,659,12
M,24,25000.0,686,0
M,58,40000.0,686,6
M,46,13000.0,652,5
M,41,32609.0,694,0
M,43,40000.0,699,0
M,24,20000.0,686,0
M,24,10000.0,651,0
M,24,27237.0,659,0
M,25,120000.0,670,0
M,30,35000.0,677,0
M,43,15500.0,673,0
M,27,20000.0,662,0
F,45,14000.0,689,0
M,40,25000.0,693,0
M,24,27000.0,651,0
F,25,25000.0,678,0
M,38,21000.0,693,0
M,43,19500.0,644,3
M,23,16000.0,687,4
M,30,25000.0,673,0
M,36,17000.0,707,0
M,34,18000.0,664,0
M,28,18500.0,685,0
M,28,18500.0,703,0
M,43,35000.0,730,5
M,34,20000.0,708,0
M,53,18500.0,709,12
M,29,30000.0,735,0
M,38,25000.0,717,0
M,43,25000.0,657,18
M,29,22000.0,675,0
M,30,32000.0,698,0
M,27,15000.0,676,0
M,28,40000.0,678,1
M,30,30000.0,667,0
M,22,15000.0,678,0
F,38,67000.0,676,0
M,55,40000.0,719,9
M,45,44000.0,669,0
M,63,30000.0,680,0
F,30,14000.0,637,0
M,36,21500.0,676,0
M,32,30000.0,671,1
M,30,30000.0,677,1
M,30,22000.0,659,0
M,35,14000.0,677,0
M,24,40000.0,620,0
M,33,34000.0,688,0
M,27,25000.0,683,0
M,56,15000.0,693,0
M,23,25000.0,669,0
M,33,50000.0,677,0
M,27,33256.0,680,5
M,49,24000.0,681,0
F,27,25000.0,653,0
M,32,13000.0,678,1
M,35,17500.0,677,1
F,33,25000.0,678,0
F,31,22000.0,694,0
M,28,35000.0,675,2
F,43,22000.0,671,0
M,25,26500.0,650,0
M,35,48000.0,674,0
M,23,20000.0,726,3
M,51,28000.0,760,16
M,52,25000.0,700,0
M,33,25000.0,710,11
F,31,23000.0,672,0
M,40,28000.0,697,0
M,52,50000.0,704,0
F,45,23000.0,704,0
M,22,30000.0,657,7
M,39,24000.0,669,1
M,41,20000.0,697,0
M,26,28500.0,675,0
M,24,40000.0,675,0
M,34,50000.0,671,4
M,53,80000.0,704,0
M,30,25000.0,673,0
F,36,13000.0,699,21
M,23,55000.0,644,4
M,23,16500.0,660,0
M,40,45000.0,684,33
M,43,40000.0,653,0
M,25,18000.0,681,0
F,50,17500.0,688,2
M,27,14000.0,672,0
M,29,29000.0,681,0
M,34,100000.0,663,0
M,27,19500.0,682,0
M,36,20000.0,669,4
M,26,22000.0,693,0
M,24,35000.0,669,0
M,26,25000.0,673,7
M,36,35000.0,661,2
F,44,25000.0,657,5
M,47,24000.0,698,0
M,42,45000.0,743,0
F,27,25000.0,680,0
M,23,20000.0,653,1
M,40,30000.0,699,4
M,27,29500.0,661,2
M,44,30000.0,671,4
M,50,25000.0,689,4
M,30,16500.0,681,1
M,32,20000.0,682,0
M,25,14000.0,678,0
M,24,40000.0,672,13
M,32,19500.0,665,7
M,33,30000.0,711,0
F,41,15000.0,685,4
M,27,60000.0,688,0
M,37,16250.0,676,0
M,33,33000.0,678,0
M,24,18000.0,675,0
M,38,17500.0,669,0
M,55,29000.0,696,0
M,38,20000.0,703,7
M,27,17500.0,659,4
M,33,12500.0,699,0
M,36,16000.0,629,4
M,34,14000.0,649,3
M,31,30000.0,657,0
M,42,19000.0,679,0
M,23,23000.0,654,3
M,42,41500.0,656,15
M,32,20000.0,700,0
F,38,16500.0,676,0
M,47,27000.0,697,1
M,53,20000.0,707,0
M,39,34000.0,706,0
M,50,30000.0,679,0
F,32,28000.0,697,0
M,25,40000.0,687,0
M,29,15000.0,714,0
F,31,25000.0,639,0
F,22,8000.0,683,0
M,35,25000.0,685,0
M,29,15000.0,693,0
F,45,45000.0,666,0
M,48,42000.0,698,9
M,37,21000.0,693,2
M,33,30000.0,675,0
M,29,30000.0,669,0
M,36,22000.0,677,0
M,47,30000.0,717,0
M,23,12000.0,716,0
M,22,48000.0,685,0
F,25,15000.0,674,0
M,22,27000.0,680,0
M,41,44000.0,690,33
M,36,42500.0,669,0
F,30,20000.0,679,0
F,42,20000.0,674,1
M,30,19000.0,697,0
M,42,60000.0,731,0
M,32,40000.0,671,0
M,55,35000.0,694,0
M,38,18000.0,673,0
M,24,15000.0,685,0
M,32,68000.0,672,2
M,25,24500.0,656,0
M,51,50000.0,675,2
F,26,24500.0,687,0
M,34,18000.0,690,11
M,24,26000.0,687,0
M,43,39000.0,703,1
M,34,25500.0,674,28
M,28,17000.0,654,3
M,28,18000.0,674,5
F,27,60000.0,671,0
M,41,19800.0,684,0
M,21,15000.0,678,0
M,35,25000.0,669,0
F,25,20000.0,671,0
M,36,50000.0,699,0
M,32,30000.0,662,0
F,23,24000.0,668,0
F,48,15000.0,699,3
M,29,30000.0,664,0
M,33,30000.0,683,4
M,22,20000.0,676,0
M,28,21000.0,705,1
F,41,36000.0,671,0
M,27,13500.0,663,2
M,30,18000.0,695,0
F,24,45000.0,671,0
M,28,35000.0,679,0
M,30,28500.0,682,0
M,27,40000.0,666,2
M,32,42000.0,711,17
M,28,49000.0,645,0
M,41,39560.0,642,1
M,33,20000.0,683,0
M,21,15000.0,670,0
M,33,19000.0,706,0
M,30,25000.0,680,0
M,29,20000.0,652,0
M,38,30000.0,689,0
M,36,35000.0,701,0
M,43,45000.0,716,0
M,26,23000.0,646,0
M,39,28000.0,727,20
M,53,39000.0,663,2
M,33,19000.0,695,0
M,21,20000.0,694,0
M,33,15000.0,672,4
M,61,28000.0,678,4
M,27,35000.0,678,0
M,44,25000.0,648,3
M,25,25000.0,671,0
M,26,50000.0,684,0
M,39,70000.0,691,0
M,46,75000.0,662,2
M,28,22000.0,674,0
M,44,36000.0,692,0
M,26,31000.0,688,0
F,36,12500.0,669,3
M,26,17500.0,668,0
M,47,37000.0,694,0
M,36,33000.0,684,1
M,49,20000.0,784,0
M,37,22000.0,678,3
M,42,35000.0,667,0
F,34,10000.0,660,0
M,36,40000.0,679,0
M,30,18000.0,649,1
M,43,27000.0,677,0
M,22,30000.0,673,0
M,24,19000.0,656,0
M,29,38000.0,675,1
F,43,26000.0,699,0
M,25,30000.0,654,1
M,26,35000.0,674,0
M,22,34000.0,679,0
M,30,20000.0,706,0
M,43,25000.0,672,0
M,26,30000.0,656,0
M,55,40000.0,672,0
M,45,30000.0,710,0
M,28,25000.0,649,3
M,24,24000.0,633,3
M,22,20000.0,645,2
M,28,15000.0,644,0
F,38,20000.0,636,0
M,44,35000.0,688,6
M,41,28000.0,683,0
M,22,17500.0,682,0
M,24,15000.0,676,0
M,36,10000.0,680,0
M,25,50000.0,660,1
M,25,15000.0,676,0
M,41,18000.0,738,0
M,31,25000.0,667,26
M,23,28500.0,681,0
M,23,35000.0,690,0
M,46,35000.0,664,11
M,34,15000.0,686,0
M,40,11000.0,670,6
M,31,28500.0,729,0
M,47,30000.0,653,2
M,37,11000.0,691,0
M,50,12000.0,653,3
M,39,20000.0,675,0
M,48,28500.0,673,0
M,27,28700.0,665,0
M,21,24000.0,679,11
M,34,23000.0,733,0
M,38,32000.0,680,0
M,28,19000.0,694,0
M,25,20000.0,676,0
M,23,16000.0,667,1
F,57,75000.0,689,3
M,45,23000.0,711,1
M,25,20000.0,682,1
M,38,35000.0,698,0
F,24,12000.0,700,0
M,23,18000.0,670,0
M,46,18000.0,689,0
M,39,25000.0,689,17
M,33,28000.0,634,1
M,30,28000.0,715,0
F,41,30000.0,659,4
M,29,18000.0,686,0
F,30,32500.0,660,0
M,31,35000.0,702,1
F,43,25000.0,693,0
M,43,28000.0,710,1
M,40,20000.0,699,0
F,41,21000.0,671,0
F,51,15000.0,676,3
M,25,11000.0,704,0
F,33,20000.0,683,0
M,39,35000.0,665,5
M,26,43000.0,688,0
M,31,45000.0,671,1
M,43,25000.0,695,0
M,35,30000.0,686,0
F,30,15000.0,687,0
M,55,27000.0,682,0
M,31,50000.0,673,0
M,40,150000.0,701,11
M,43,30000.0,661,1
M,33,45000.0,689,0
M,22,80000.0,663,0
M,29,45800.0,629,0
M,25,23500.0,639,0
M,29,26000.0,699,0
M,42,40000.0,672,3
F,40,30000.0,668,0
M,43,45000.0,760,29
M,44,40000.0,717,5
M,31,20000.0,690,0
M,45,30009.0,710,1
M,34,60000.0,685,6
M,31,10000.0,691,0
M,23,18000.0,682,0
M,37,53000.0,682,3
M,36,34000.0,642,0
M,29,70000.0,666,3
M,35,22000.0,682,0
M,22,17000.0,672,0
M,35,50000.0,674,0
M,26,15000.0,663,0
M,43,25790.0,633,1
M,46,40000.0,661,1
F,35,16000.0,693,0
F,34,34000.0,653,0
F,38,12000.0,672,0
M,44,35000.0,691,0
M,27,30000.0,700,0
M,35,30000.0,660,0
M,33,25000.0,705,0
M,42,24000.0,693,0
M,24,21000.0,658,0
M,24,11000.0,688,0
M,51,47500.0,809,7
M,49,30000.0,682,2
M,27,20000.0,666,0
M,57,20000.0,685,0
M,27,18000.0,663,0
M,31,19500.0,696,4
F,29,34000.0,671,0
M,26,20000.0,684,0
M,21,25000.0,678,0
M,28,18000.0,655,0
M,29,30000.0,688,24
M,40,20000.0,706,0
M,35,25000.0,686,0
M,29,7000.0,683,0
M,43,32000.0,716,0
M,31,15000.0,692,0
M,53,20000.0,663,0
M,33,20000.0,711,1
M,39,19000.0,679,0
M,22,14000.0,708,0
F,38,24000.0,629,4
M,30,15000.0,683,21
M,25,10000.0,642,0
M,25,28000.0,686,0
M,34,35000.0,678,8
M,43,43000.0,720,4
M,32,20000.0,673,13
F,44,24000.0,724,0
M,26,28500.0,692,5
M,28,20000.0,692,0
M,39,15000.0,669,7
M,21,20000.0,692,0
M,49,17000.0,687,0
M,32,28000.0,676,4
M,27,30000.0,679,0
M,22,32000.0,653,0
M,29,20000.0,699,0
M,44,30000.0,682,2
M,46,35000.0,743,11
M,30,18500.0,671,0
M,27,25000.0,673,0
F,53,22000.0,681,0
M,46,35000.0,669,8
M,25,28000.0,690,0
M,39,25000.0,693,0
M,22,12000.0,680,0
M,25,30000.0,627,0
M,59,21000.0,696,4
M,40,28000.0,711,0
M,41,42000.0,663,0
M,37,30000.0,664,0
M,31,20000.0,680,2
M,21,15000.0,664,0
F,42,18000.0,671,0
M,29,20000.0,689,0
M,45,25000.0,696,0
F,45,30000.0,692,0
M,27,16500.0,668,20
M,32,15000.0,695,6
M,25,12000.0,672,0
M,33,30000.0,697,0
M,48,30000.0,673,0
M,53,17000.0,742,0
M,26,28000.0,635,1
M,45,43000.0,664,0
M,28,30000.0,676,0
M,29,30000.0,676,0
M,39,45000.0,679,0
M,30,26000.0,692,0
M,25,30000.0,677,0
M,34,13500.0,699,0
M,29,30000.0,678,0
M,31,40000.0,684,0
M,43,22000.0,698,0
F,39,22000.0,668,0
M,49,35000.0,678,1
F,30,12000.0,641,23
M,51,90000.0,701,0
F,21,14000.0,671,1
F,25,18000.0,689,0
M,22,12000.0,689,0
M,30,15800.0,665,0
F,31,20000.0,666,1
M,42,40000.0,717,0
M,28,45000.0,666,3
M,23,20000.0,693,0
M,29,9000.0,700,0
M,33,40000.0,672,16
M,47,30000.0,686,1
M,38,15000.0,697,0
M,49,40000.0,678,0
M,37,30553.0,709,0
M,31,35000.0,688,0
M,32,20000.0,700,0
M,26,16000.0,692,8
M,35,60000.0,667,0
F,51,22000.0,686,0
M,26,16500.0,669,1
M,23,16026.0,677,0
M,30,18000.0,666,3
M,29,42000.0,676,0
M,25,350000.0,680,0
M,29,29000.0,672,0
M,28,50000.0,655,0
M,37,25500.0,643,3
M,42,20000.0,661,0
M,32,50000.0,673,0
M,28,40000.0,665,0
M,23,24000.0,672,0
M,40,10000.0,665,0
M,37,90000.0,689,0
M,26,20000.0,687,0
M,25,21000.0,678,0
F,26,25000.0,690,0
M,24,20000.0,648,3
M,26,25000.0,673,0
M,23,25000.0,672,6
F,31,25000.0,682,0
M,44,15000.0,691,0
M,27,30000.0,675,0
M,44,18000.0,675,0
M,49,15000.0,656,0
F,25,18000.0,660,0
M,23,21000.0,671,5
F,36,10000.0,679,0
M,29,22000.0,684,1
M,30,16900.0,677,0
M,33,38000.0,642,16
M,29,23000.0,695,6
M,24,25500.0,679,0
M,27,23000.0,667,4
M,39,15000.0,700,1
M,27,25000.0,680,0
M,29,23000.0,684,0
M,34,20000.0,704,0
F,42,30000.0,713,0
M,37,36153.0,671,14
M,42,17500.0,747,0
M,22,16250.0,668,0
M,29,20500.0,676,0
F,25,18000.0,672,0
M,25,35000.0,650,3
M,23,20000.0,680,0
M,28,20000.0,689,0
M,24,36000.0,659,1
F,42,45000.0,650,5
F,29,16000.0,664,1
M,40,24500.0,696,0
M,34,59000.0,638,0
M,36,10000.0,666,8
F,43,10500.0,677,0
M,23,33000.0,683,0
F,29,15000.0,674,3
M,50,35000.0,694,9
M,29,22000.0,682,0
M,43,28000.0,681,0
F,53,22000.0,686,0
F,29,17000.0,684,3
M,23,30000.0,658,0
M,52,30000.0,722,0
M,44,25000.0,655,0
M,36,12000.0,685,18
M,30,18500.0,696,0
M,31,25000.0,710,11
M,22,13000.0,688,0
M,47,30000.0,633,27
F,24,26800.0,676,0
M,31,25000.0,674,0
M,25,20000.0,666,1
M,32,22000.0,651,0
M,49,29500.0,714,1
M,23,32000.0,671,0
M,26,10000.0,646,5
M,25,22000.0,645,1
M,26,12000.0,673,0
M,29,32000.0,662,1
M,32,20000.0,682,0
M,34,35000.0,720,0
M,28,40000.0,698,0
M,23,16000.0,689,0
F,33,22000.0,697,0
M,21,33000.0,656,0
M,36,20000.0,670,1
M,28,10000.0,685,12
M,48,18000.0,671,0
M,63,15000.0,694,0
M,28,32000.0,675,8
M,32,16500.0,668,4
M,49,15000.0,683,0
M,27,28000.0,648,1
M,36,16000.0,692,0
M,39,30000.0,662,3
M,22,14000.0,690,10
M,45,15000.0,706,2
M,25,25000.0,652,0
M,43,25000.0,600,6
M,53,28000.0,669,1
M,46,45500.0,673,1
M,34,12000.0,680,0
F,26,16000.0,685,1
M,40,52000.0,714,0
M,27,25000.0,663,0
M,27,20000.0,671,2
M,37,25000.0,689,5
M,28,15000.0,676,1
M,35,25000.0,697,0
M,44,18000.0,665,1
F,33,25000.0,685,0
M,31,25000.0,687,0
F,29,14000.0,668,1
M,24,30000.0,673,0
M,37,40000.0,658,0
M,33,25000.0,677,0
F,30,27000.0,673,1
M,24,23000.0,635,0
M,59,40000.0,740,0
M,38,50000.0,652,3
M,51,35221.0,666,0
M,42,26000.0,709,0
M,30,35000.0,670,1
M,38,20000.0,676,0
M,30,23000.0,694,0
M,30,17000.0,681,2
M,38,22000.0,683,0
F,26,20000.0,692,0
M,36,20000.0,672,0
F,44,28000.0,686,0
F,45,25000.0,665,9
M,47,33000.0,717,0
F,38,16700.0,759,0
M,24,40000.0,679,11
M,38,13000.0,667,0
M,26,12000.0,699,0
M,52,41000.0,720,0
M,50,35000.0,713,14
M,42,35000.0,702,9
M,31,16000.0,686,0
M,44,22000.0,703,18
M,27,15000.0,644,4
F,25,18000.0,666,0
M,55,19800.0,668,0
M,24,35000.0,666,1
M,33,27500.0,638,5
M,25,25000.0,675,3
F,43,45000.0,672,6
M,31,10000.0,670,1
M,21,20000.0,627,0
M,44,33000.0,683,8
M,23,12000.0,668,1
M,49,28000.0,631,0
M,40,32000.0,698,0
M,27,30000.0,672,0
M,46,22000.0,682,0
M,28,25000.0,668,2
M,40,29000.0,716,4
M,22,25000.0,673,0
F,28,14500.0,700,0
M,42,37000.0,685,0
F,36,40000.0,646,1
M,43,30000.0,688,0
M,26,25000.0,662,2
M,29,20000.0,684,0
M,42,25000.0,714,4
M,22,200000.0,673,1
F,24,20000.0,669,0
M,28,50000.0,687,0
M,26,19000.0,663,0
M,26,39000.0,674,1
M,23,22000.0,678,6
M,28,23000.0,644,2
M,25,8000.0,683,0
M,41,30000.0,702,0
M,31,35000.0,671,0
M,33,22000.0,673,5
M,32,50000.0,699,0
M,25,18800.0,680,0
F,23,15000.0,670,0
M,35,30000.0,674,0
M,40,23510.0,738,13
M,26,25000.0,677,0
M,30,19000.0,693,25
M,59,43000.0,776,0
M,21,28000.0,671,0
M,54,17000.0,690,0
M,26,25000.0,673,0
M,39,26000.0,679,1
M,29,30000.0,680,7
M,38,15000.0,652,4
M,63,24000.0,691,0
M,35,20000.0,710,0
M,30,20000.0,693,0
M,25,64000.0,658,0
M,53,22000.0,726,0
M,24,19000.0,666,0
M,22,11500.0,681,0
M,25,30000.0,685,0
M,31,15000.0,734,3
M,22,26000.0,682,0
M,26,23000.0,684,0
M,41,45000.0,693,0
M,22,17000.0,679,0
M,22,32000.0,682,0
M,43,35000.0,711,0
M,28,21500.0,662,1
M,24,16000.0,673,0
M,34,20000.0,692,0
M,26,27000.0,669,0
M,32,28500.0,685,0
M,26,25000.0,667,0
M,43,13000.0,655,2
M,23,32000.0,677,0
M,27,25000.0,692,0
M,33,20000.0,692,0
M,28,28000.0,663,0
M,43,15000.0,686,0
M,33,20000.0,674,0
F,42,12000.0,663,1
M,51,36000.0,694,0
M,26,20000.0,700,0
M,24,25000.0,682,0
M,26,35000.0,693,21
M,49,47419.0,723,0
M,36,42000.0,680,0
M,28,16000.0,704,0
M,38,25000.0,670,0
M,36,30000.0,678,0
M,30,35000.0,669,3
M,38,50000.0,691,19
M,25,22000.0,681,0
F,36,31000.0,682,0
M,33,22000.0,672,0
M,43,25000.0,649,0
M,25,27000.0,686,0
M,45,13000.0,676,0
M,30,17000.0,659,3
M,24,25000.0,511,0
M,30,30000.0,687,0
M,38,22000.0,681,0
F,44,32000.0,686,0
M,32,15000.0,678,2
M,28,11500.0,692,0
M,26,23000.0,665,0
F,50,45000.0,696,0
M,32,11000.0,674,0
M,37,14000.0,680,0
M,34,23000.0,694,0
M,27,20000.0,663,5
M,56,15000.0,670,0
M,36,35000.0,652,0
M,38,45000.0,688,0
M,31,10000.0,672,1
F,37,49000.0,684,0
M,27,25000.0,680,0
M,38,22000.0,678,0
M,34,43800.0,676,0
M,38,19500.0,666,0
M,25,32000.0,652,4
M,36,25000.0,678,0
F,23,12000.0,663,1
M,47,15000.0,690,0
M,35,25600.0,682,0
M,29,18000.0,671,1
M,46,50000.0,690,0
M,34,25000.0,677,0
M,26,25000.0,689,0
M,44,30000.0,682,0
F,37,12000.0,681,0
M,56,25000.0,678,0
M,21,22000.0,681,0
F,41,45000.0,665,0
M,29,16000.0,698,0
M,43,15000.0,681,0
M,23,13000.0,686,0
M,28,13500.0,690,0
M,24,16000.0,688,0
M,29,9000.0,680,0
M,30,30000.0,668,0
M,23,21000.0,663,2
M,29,30000.0,679,0
M,48,18000.0,706,3
M,28,23000.0,698,0
M,52,40000.0,699,0
M,28,22000.0,677,1
F,38,9500.0,678,0
M,31,48000.0,703,0
M,35,28000.0,730,0
F,47,15500.0,681,0
M,42,38000.0,675,0
M,38,20000.0,654,8
M,39,23000.0,690,0
M,39,9500.0,683,0
F,29,30000.0,685,0
F,26,7000.0,670,0
M,30,18000.0,670,0
F,37,20000.0,687,0
M,45,37000.0,718,2
M,27,17000.0,685,1
M,30,30000.0,675,2
M,34,18000.0,655,0
F,33,10000.0,711,0
M,37,35000.0,671,0
M,23,400000.0,692,0
M,31,40000.0,667,25
M,31,45000.0,677,5
M,24,15000.0,682,0
F,37,58000.0,677,0
M,40,15000.0,678,0
M,34,19000.0,681,0
M,45,16000.0,667,0
M,29,15000.0,662,0
M,29,30000.0,711,1
M,21,32000.0,688,0
F,49,22000.0,698,0
M,56,41500.0,725,0
M,21,24000.0,659,0
M,36,25000.0,725,0
M,43,18000.0,664,4
M,26,50000.0,670,0
M,34,16044.0,684,0
M,33,30000.0,698,0
M,24,13000.0,685,0
M,25,20000.0,679,0
M,45,18000.0,653,3
M,28,20000.0,681,0
M,25,15000.0,681,0
M,61,25000.0,686,0
M,37,17000.0,685,0
M,35,15000.0,679,3
M,54,55400.0,668,42
M,41,70000.0,679,3
F,36,11000.0,678,0
M,49,30000.0,688,0
F,38,18000.0,710,0
M,44,28600.0,680,0
M,44,20000.0,668,1
M,24,18000.0,673,0
M,21,20500.0,668,0
M,35,15000.0,696,3
F,28,10000.0,681,0
M,29,25000.0,683,5
M,26,17000.0,691,0
M,23,25000.0,693,0
M,36,38000.0,663,0
M,30,15000.0,700,0
M,39,35000.0,689,0
F,53,15000.0,705,0
M,37,75000.0,675,10
M,28,45500.0,657,20
M,45,18000.0,711,0
M,21,25000.0,656,63
M,25,15000.0,662,0
M,44,21500.0,669,0
F,41,12000.0,670,0
M,48,25000.0,695,0
M,23,18000.0,691,0
M,29,22000.0,682,0
M,23,13000.0,658,2
M,33,8500.0,670,0
M,35,15000.0,674,0
M,25,30000.0,627,0
F,56,78000.0,713,0
M,33,25000.0,731,0
M,31,35000.0,667,5
F,34,20000.0,676,3
M,22,20000.0,647,2
M,21,25000.0,688,0
M,26,19000.0,667,4
F,40,19500.0,686,1
F,34,28000.0,675,0
F,41,14000.0,672,1
M,25,38000.0,644,1
M,37,40000.0,705,0
M,45,30000.0,688,0
M,29,45000.0,680,0
M,23,20000.0,651,0
M,37,15000.0,681,2
M,37,31000.0,704,0
M,23,17000.0,681,0
M,35,15000.0,699,0
M,27,31500.0,676,0
M,36,35000.0,685,1
F,44,50000.0,677,4
M,25,14000.0,682,0
M,22,20000.0,684,0
M,27,20000.0,682,0
M,21,16000.0,676,0
M,29,25000.0,660,0
F,27,25000.0,667,1
M,35,30000.0,688,3
F,29,18000.0,611,0
F,23,10000.0,679,0
F,28,29500.0,644,2
M,23,19000.0,690,0
M,37,15000.0,694,0
M,35,40000.0,702,5
M,39,40000.0,685,3
M,28,27000.0,686,2
M,29,30000.0,635,3
M,31,30000.0,664,11
M,21,13500.0,677,0
M,27,23000.0,684,1
M,41,10000.0,682,0
M,27,33000.0,686,0
M,24,40000.0,677,1
M,26,75000.0,688,0
M,42,58000.0,681,0
M,44,18000.0,684,0
M,42,40000.0,679,0
M,34,20000.0,702,2
M,21,25000.0,669,0
M,23,30000.0,661,0
M,28,25000.0,683,0
M,27,33000.0,659,0
M,35,44000.0,691,0
M,46,17000.0,683,0
M,32,12000.0,686,0
M,29,13000.0,693,0
M,30,32000.0,666,1
M,40,40000.0,704,0
M,28,16000.0,686,0
M,32,19000.0,706,0
M,24,12500.0,717,0
M,27,45000.0,529,0
F,37,23000.0,674,0
M,46,40000.0,686,0
M,41,25500.0,693,0
M,40,12000.0,700,0
M,29,15000.0,681,0
M,26,18000.0,677,0
M,22,28000.0,663,0
M,26,18000.0,704,0
M,28,20000.0,674,0
M,63,23000.0,685,0
F,22,20000.0,674,0
M,34,27500.0,667,0
F,49,32000.0,663,0
M,29,20374.0,667,1
M,35,30000.0,718,0
M,25,21000.0,697,1
M,37,35000.0,712,0
M,30,30000.0,691,0
M,36,50000.0,657,3
M,35,32000.0,669,0
M,45,19000.0,704,0
M,39,30000.0,743,0
M,25,22000.0,673,8
M,35,18000.0,684,0
M,55,25000.0,672,0
M,24,15000.0,662,0
M,36,17000.0,687,0
F,35,19800.0,692,0
M,30,35000.0,662,4
F,39,65000.0,662,1
M,30,50000.0,660,0
M,30,14500.0,687,0
M,25,28000.0,676,0
M,43,20000.0,717,0
M,28,20000.0,681,0
M,38,18000.0,691,2
M,48,20000.0,701,0
M,27,20000.0,643,0
M,31,25000.0,695,0
M,42,20000.0,729,0
M,29,13500.0,678,13
M,32,35000.0,662,0
M,38,22300.0,695,0
M,33,20000.0,671,5
M,48,20000.0,691,0
M,27,45000.0,688,0
M,33,35000.0,696,0
F,27,15000.0,690,0
M,31,24000.0,672,0
M,56,45000.0,705,0
M,26,14440.0,683,0
F,30,42000.0,692,0
M,27,20000.0,637,0
M,27,25000.0,675,0
M,37,20000.0,691,0
M,47,30500.0,675,0
M,25,44000.0,641,1
M,26,20000.0,699,0
F,36,38000.0,690,0
M,27,17000.0,682,0
M,22,13000.0,679,0
M,34,38000.0,664,1
M,38,41000.0,690,2
F,47,13000.0,712,0
M,28,20000.0,690,0
M,38,26000.0,702,0
M,50,30000.0,711,0
M,37,25000.0,678,0
M,27,18000.0,664,1
M,36,29000.0,661,5
M,36,25000.0,705,0
M,26,12000.0,671,4
M,40,15000.0,663,2
M,31,10500.0,688,1
M,37,40000.0,689,3
F,34,1100.0,714,8
M,24,10000.0,677,0
M,23,32000.0,664,0
M,39,23000.0,650,6
M,27,23500.0,676,0
M,38,23000.0,670,1
M,30,23000.0,660,15
F,31,18000.0,679,0
M,33,14000.0,674,3
F,39,55000.0,678,0
M,51,14500.0,693,0
M,33,30000.0,689,0
M,37,28000.0,680,0
M,26,33000.0,674,0
F,28,14000.0,682,0
M,21,14000.0,657,0
M,45,29000.0,680,0
M,39,25000.0,706,0
F,29,40000.0,630,1
M,23,30000.0,684,0
M,40,10000.0,670,9
F,53,21000.0,716,0
M,30,16000.0,680,0
M,31,30000.0,666,1
M,39,44000.0,678,0
M,38,20000.0,666,0
F,45,50000.0,681,0
M,44,28000.0,672,0
M,47,35000.0,696,0
F,57,50000.0,705,15
M,53,20000.0,730,8
M,36,33000.0,688,0
M,44,15500.0,705,8
M,42,27000.0,692,0
M,22,15000.0,664,1
M,35,15000.0,665,0
F,38,23000.0,674,0
M,21,19000.0,650,0
M,47,44000.0,675,2
M,49,25000.0,676,3
M,31,15000.0,672,2
M,34,15000.0,697,0
M,31,25000.0,679,0
M,24,27000.0,654,0
M,45,20000.0,712,0
M,38,16500.0,687,0
M,38,20000.0,682,0
M,34,18000.0,701,1
M,21,14000.0,670,0
M,26,28000.0,663,0
M,52,30000.0,667,0
M,24,34125.0,669,0
F,35,19000.0,679,1
M,55,40000.0,699,1
F,46,29000.0,665,0
M,27,45000.0,623,18
M,36,25000.0,647,9
M,38,45000.0,666,0
M,54,26800.0,688,0
M,28,12000.0,685,2
M,34,20000.0,672,0
F,46,15000.0,674,1
M,24,17000.0,695,0
F,24,15000.0,676,0
M,27,25000.0,700,0
M,31,21000.0,678,0
M,26,20000.0,633,0
M,33,47000.0,683,0
M,28,18000.0,654,11
M,26,16000.0,676,0
M,47,23000.0,769,6
M,28,17300.0,674,0
M,46,18000.0,681,0
M,33,31000.0,691,0
M,24,17000.0,696,0
M,23,17000.0,660,0
M,39,23000.0,679,0
M,40,12000.0,694,0
M,40,19378.0,670,3
M,32,30000.0,715,0
M,32,30000.0,705,11
M,34,15000.0,680,0
F,24,30000.0,683,0
M,31,45000.0,664,1
F,46,18000.0,681,0
M,31,29000.0,712,1
M,38,43500.0,683,0
M,37,22000.0,684,0
M,49,35000.0,733,5
M,30,15000.0,658,0
F,25,20000.0,677,0
M,46,22000.0,710,0
M,33,15000.0,672,6
M,32,15000.0,670,0
M,34,26000.0,692,0
F,28,15500.0,682,0
M,35,15000.0,673,0
M,30,30000.0,672,2
M,43,20000.0,670,3
M,34,25000.0,671,0
M,28,15000.0,676,2
F,45,55000.0,685,0
M,42,20000.0,696,0
M,26,61243.0,684,0
M,36,18000.0,667,0
M,31,15000.0,743,0
M,35,30000.0,667,0
M,44,28000.0,677,0
M,58,19800.0,660,0
M,37,15490.0,689,0
M,31,30000.0,660,2
M,36,30000.0,692,0
M,36,16000.0,712,0
M,23,11500.0,664,2
M,38,33000.0,715,0
M,44,30000.0,651,0
F,25,12000.0,678,0
M,34,82560.0,720,0
M,40,38500.0,660,23
M,23,28000.0,689,0
M,27,22000.0,672,2
M,41,32000.0,720,1
M,25,27000.0,648,1
M,31,11000.0,669,0
F,43,20000.0,682,8
F,35,15000.0,674,4
M,31,30000.0,648,1
M,36,15000.0,670,0
M,35,20000.0,675,0
M,24,16000.0,689,10
M,55,38500.0,660,3
M,27,30000.0,686,0
M,30,20000.0,671,2
M,28,34000.0,694,0
M,31,25000.0,680,0
M,25,35000.0,649,1
M,21,35000.0,669,0
M,42,30000.0,664,3
M,41,18000.0,680,1
M,25,15000.0,678,1
M,45,20000.0,698,2
M,27,22000.0,669,0
M,33,38000.0,629,0
M,32,16000.0,705,10
M,48,25000.0,670,0
M,33,60000.0,692,0
M,24,12000.0,671,1
M,38,25000.0,663,2
M,22,12500.0,680,0
M,43,18000.0,690,6
M,42,30000.0,679,0
M,31,15000.0,672,10
M,39,22000.0,671,8
M,34,20000.0,670,0
M,43,18000.0,680,1
M,25,50000.0,722,0
M,27,28000.0,655,0
M,27,50000.0,679,0
M,42,35000.0,693,0
M,27,8000.0,674,0
M,35,20000.0,685,0
M,60,22000.0,730,2
M,49,25000.0,712,0
F,46,15000.0,677,0
F,34,15000.0,682,0
M,27,10500.0,686,0
M,21,32500.0,680,0
F,30,25000.0,652,7
M,32,30000.0,694,3
M,46,25000.0,677,0
M,27,17000.0,647,0
M,36,25000.0,688,0
M,39,30000.0,638,0
M,24,55000.0,660,0
M,26,12000.0,703,3
M,32,18000.0,663,0
M,22,16800.0,656,0
M,31,43000.0,694,0
M,46,25000.0,673,0
M,23,55000.0,671,0
M,25,29000.0,696,1
M,37,15000.0,689,0
M,35,26880.0,678,5
M,49,18000.0,704,6
M,53,40000.0,695,3
M,30,21000.0,647,6
M,22,190000.0,674,0
M,53,25000.0,681,0
M,29,20000.0,688,0
M,26,20000.0,665,0
M,32,25000.0,716,0
M,39,30000.0,705,2
M,39,30000.0,645,2
M,29,22000.0,684,0
F,39,32000.0,666,0
M,25,16000.0,687,0
M,32,20000.0,674,0
F,35,18000.0,698,0
M,24,15000.0,649,21
F,34,40000.0,689,2
M,23,16000.0,647,0
M,30,30000.0,658,2
M,53,20000.0,703,0
M,22,28000.0,674,12
M,23,45000.0,646,0
M,27,15000.0,667,0
M,32,35000.0,680,0
M,31,12000.0,675,0
M,52,9500.0,720,0
M,24,15000.0,660,0
M,23,11500.0,663,1
M,38,15000.0,689,0
M,56,45000.0,704,0
M,31,15000.0,711,0
F,36,15000.0,673,0
F,27,22500.0,679,4
M,27,13000.0,671,0
M,37,20000.0,684,0
M,35,12500.0,687,0
M,21,25000.0,674,0
M,37,18000.0,661,0
M,31,29258.0,698,5
M,53,25000.0,690,0
M,44,43000.0,695,0
M,36,295000.0,664,17
M,41,24000.0,668,2
M,48,30000.0,715,0
M,26,28000.0,678,0
M,41,12500.0,672,0
M,27,22400.0,677,0
F,31,15000.0,658,2
M,29,10500.0,675,0
M,35,30000.0,719,0
M,35,28000.0,709,1
F,46,30000.0,715,2
M,29,20000.0,688,1
F,48,15000.0,701,0
M,41,14000.0,685,0
M,32,120000.0,663,0
M,36,20000.0,673,1
M,45,30000.0,689,1
M,35,40000.0,691,0
M,51,15000.0,697,9
M,50,40000.0,688,0
F,34,25000.0,661,1
M,40,45000.0,728,0
M,27,20000.0,677,0
M,55,52000.0,708,0
M,48,17000.0,688,0
M,35,15.0,698,0
M,29,20000.0,673,1
M,36,55000.0,699,0
M,26,18000.0,689,0
M,30,18000.0,669,3
M,43,23000.0,668,3
F,37,35000.0,684,0
M,25,21000.0,650,2
F,41,18000.0,664,0
M,29,18000.0,682,0
M,28,20000.0,680,0
M,25,23000.0,661,2
M,47,29000.0,722,0
M,26,25000.0,663,0
M,21,18000.0,689,0
M,29,15000.0,656,0
M,21,30000.0,677,0
M,28,30000.0,654,10
M,34,45000.0,685,0
M,45,13000.0,723,0
M,50,37000.0,669,1
M,38,30000.0,690,1
M,34,40000.0,658,3
M,30,35000.0,695,0
F,41,38000.0,647,0
M,23,15000.0,679,0
F,55,60000.0,697,1
M,46,25000.0,666,11
M,30,29000.0,665,1
M,22,19000.0,672,0
M,34,20000.0,695,1
M,35,30000.0,642,1
M,47,45000.0,657,3
M,38,35000.0,697,0
M,29,25000.0,669,0
M,25,20000.0,664,3
F,42,35000.0,694,0
M,43,15000.0,707,2
M,26,12500.0,642,0
M,24,35000.0,676,0
M,21,25000.0,668,0
M,37,25000.0,673,1
M,36,85000.0,656,0
M,32,25000.0,674,0
M,33,25000.0,675,2
M,44,40000.0,665,0
M,30,39000.0,667,0
M,51,22000.0,704,6
M,30,18000.0,685,1
M,28,20000.0,680,0
M,25,20000.0,658,6
M,24,15000.0,651,3
M,40,15000.0,695,0
M,39,42800.0,710,0
M,42,36000.0,723,3
M,34,32975.0,718,0
M,29,20000.0,665,3
M,35,20000.0,692,0
M,28,30000.0,683,0
M,36,14000.0,673,0
F,25,9000.0,689,0
M,22,10000.0,675,0
M,26,26000.0,685,0
M,30,25000.0,683,4
M,26,10000.0,667,0
F,32,8500.0,670,0
M,51,38000.0,662,0
M,29,20000.0,665,1
M,58,30000.0,710,1
F,33,30000.0,608,11
M,43,45000.0,663,3
M,28,24000.0,702,0
M,23,15000.0,673,0
M,26,14000.0,681,0
M,31,32000.0,684,0
M,53,70000.0,678,0
M,41,12000.0,679,0
M,25,20000.0,657,0
M,32,39690.0,671,0
M,43,29000.0,682,0
M,23,15000.0,675,0
M,32,25000.0,687,0
M,34,25000.0,688,0
M,35,32500.0,668,0
M,29,16000.0,658,0
M,31,28000.0,682,0
M,32,29000.0,671,2
M,58,14000.0,711,0
M,41,44000.0,706,2
M,36,18000.0,680,18
M,26,30000.0,660,0
F,21,55000.0,651,0
F,31,10000.0,685,0
M,30,30000.0,675,0
M,31,25000.0,671,8
M,30,25000.0,685,0
M,28,20000.0,649,0
M,34,25000.0,705,0
F,34,22000.0,697,0
M,27,12000.0,701,0
M,28,30000.0,659,0
M,28,30000.0,667,0
M,54,55000.0,694,6
F,26,18000.0,674,0
M,45,22000.0,655,2
M,24,13000.0,683,0
M,25,27000.0,671,0
M,43,34000.0,733,13
M,33,18000.0,672,0
M,24,17000.0,695,0
M,52,15000.0,678,10
M,28,20000.0,672,1
M,40,30000.0,730,1
M,22,18000.0,683,0
M,34,15000.0,675,0
M,40,25500.0,702,0
M,29,22000.0,669,0
M,43,30000.0,687,10
M,27,15000.0,673,0
M,38,22500.0,662,1
M,51,23000.0,698,1
M,29,32000.0,689,0
F,23,15000.0,677,0
M,25,25000.0,679,0
M,41,29000.0,683,0
M,56,82000.0,676,0
M,41,20000.0,713,0
M,23,18300.0,663,2
F,42,30000.0,693,0
M,26,17000.0,643,4
M,32,19500.0,697,0
M,29,22000.0,663,0
M,27,16000.0,645,2
M,33,21000.0,699,0
F,36,25000.0,676,0
M,32,18000.0,695,0
F,36,20000.0,649,0
M,31,12000.0,700,0
M,29,43000.0,686,0
M,47,20000.0,719,4
M,48,16000.0,683,4
M,35,14000.0,681,1
M,27,61800.0,698,0
M,33,40000.0,680,0
M,32,18000.0,693,0
M,54,41000.0,790,0
F,47,25000.0,684,0
F,38,21000.0,688,0
M,25,20000.0,683,2
M,27,20000.0,693,0
M,30,40000.0,662,8
F,38,30000.0,686,0
M,32,23000.0,713,0
M,28,23000.0,678,0
M,28,18000.0,699,10
M,26,45000.0,686,0
M,38,25000.0,650,3
M,39,25000.0,699,0
M,21,17800.0,677,0
M,25,30000.0,653,9
M,29,18000.0,671,0
M,31,22000.0,642,0
M,24,10000.0,672,0
M,45,16000.0,675,0
M,26,22000.0,635,1
F,38,35000.0,692,12
M,43,28000.0,695,15
M,26,60000.0,689,3
M,32,30000.0,725,0
M,31,17000.0,667,6
M,33,15300.0,689,0
M,44,23500.0,684,1
M,37,25000.0,710,0
M,32,25000.0,695,0
M,62,26000.0,676,0
M,22,31000.0,678,0
M,36,6500.0,670,12
M,31,32000.0,681,0
M,37,22500.0,681,0
M,34,20000.0,684,0
F,30,16000.0,693,0
M,21,12000.0,706,0
M,44,60000.0,674,0
M,36,45000.0,740,0
M,32,40000.0,655,2
M,25,45000.0,651,0
M,32,20000.0,704,5
M,30,40000.0,704,0
M,27,35000.0,693,0
M,28,30000.0,704,0
F,38,22000.0,653,1
M,58,30000.0,703,0
F,33,60000.0,705,0
M,41,16800.0,688,0
M,34,45000.0,684,0
M,38,30000.0,681,0
F,43,10000.0,674,0
M,32,20000.0,674,1
F,40,18000.0,699,0
M,21,34000.0,672,0
M,48,20000.0,664,0
M,38,30000.0,664,9
M,33,25000.0,653,2
M,43,16500.0,682,0
M,24,20000.0,643,0
M,30,35000.0,686,2
M,50,40000.0,649,1
M,27,45000.0,677,0
M,51,50000.0,705,0
M,26,35000.0,686,1
M,33,78000.0,698,0
M,32,47000.0,645,0
M,42,30000.0,694,0
M,35,40000.0,680,1
M,32,15000.0,676,0
M,33,28000.0,669,0
F,24,15000.0,680,0
M,29,25000.0,716,0
M,21,28000.0,688,0
M,26,18000.0,655,1
M,21,20000.0,650,1
M,41,15000.0,673,4
M,33,26000.0,684,1
M,33,15000.0,673,8
M,30,28900.0,678,0
M,40,18000.0,660,1
M,32,20000.0,668,1
M,21,15000.0,678,0
M,47,74335.0,721,20
M,25,35000.0,674,0
M,26,28000.0,683,0
M,40,30000.0,664,2
M,31,20000.0,679,4
M,23,20000.0,666,0
M,37,28500.0,694,0
M,31,30000.0,703,0
M,32,35000.0,682,0
M,28,45000.0,682,0
M,31,35000.0,675,0
M,27,34000.0,666,7
M,27,40000.0,625,0
M,39,28000.0,684,0
M,21,23000.0,697,0
M,24,24000.0,662,0
M,24,10000.0,682,0
M,25,30000.0,652,5
M,45,35000.0,683,0
M,51,35000.0,659,4
M,44,30000.0,670,6
M,38,20000.0,694,0
M,24,23000.0,663,0
M,37,18000.0,713,9
F,41,40000.0,685,0
M,24,22000.0,684,0
M,37,25000.0,674,3
M,24,14000.0,682,5
M,26,100000.0,703,0
F,45,19500.0,691,0
M,52,25000.0,695,0
M,27,19000.0,671,0
M,33,30000.0,698,0
F,46,14800.0,655,1
M,29,40000.0,679,0
M,29,15000.0,654,3
M,32,18000.0,676,0
F,29,15000.0,665,0
F,37,16000.0,679,0
M,38,45000.0,658,0
M,28,25000.0,666,4
M,26,30000.0,663,2
M,38,38000.0,623,0
M,37,41000.0,682,1
M,24,15000.0,675,1
F,31,17500.0,686,0
M,23,29000.0,686,0
F,49,16500.0,635,2
M,30,24000.0,657,11
M,29,5000.0,675,0
M,27,30000.0,657,6
M,21,12000.0,688,0
M,38,19500.0,691,3
M,28,29000.0,672,5
M,28,19000.0,676,0
M,36,25000.0,680,0
M,36,25000.0,661,2
M,36,23000.0,674,0
M,26,25000.0,653,3
M,29,20000.0,685,3
M,30,45000.0,673,0
M,29,25200.0,693,0
M,24,17833.0,667,0
M,32,25000.0,679,0
M,36,40000.0,704,4
M,32,39000.0,672,0
M,49,14000.0,702,0
M,26,10000.0,668,0
M,25,50000.0,687,0
M,40,32000.0,684,0
M,47,30500.0,690,0
M,23,14900.0,685,0
M,31,25000.0,692,0
M,29,80000.0,656,3
M,35,26000.0,670,0
F,41,18000.0,679,0
M,39,30000.0,706,0
M,41,55000.0,705,0
M,34,25000.0,663,17
M,24,20000.0,683,5
M,30,15000.0,655,0
M,31,10500.0,664,1
M,28,25000.0,674,9
M,22,12000.0,681,0
M,21,15000.0,682,0
M,42,14000.0,679,0
M,24,16000.0,644,3
M,31,18500.0,657,0
M,36,16000.0,672,26
M,21,14000.0,664,2
M,43,15000.0,687,0
M,27,35000.0,682,0
M,30,20000.0,671,0
M,29,18000.0,668,0
M,33,50000.0,660,0
M,24,50000.0,663,0
F,27,15000.0,694,0
M,26,25000.0,698,0
F,41,43000.0,693,4
M,21,30000.0,629,3
M,60,20000.0,697,0
M,35,29000.0,709,5
F,46,45000.0,665,0
F,30,15000.0,722,0
M,26,14000.0,675,0
F,34,25000.0,699,0
M,42,22500.0,675,2
M,27,15000.0,669,0
F,50,12000.0,682,0
M,33,23000.0,713,0
M,36,60000.0,626,6
M,23,27000.0,701,0
M,33,15000.0,639,1
M,41,30000.0,671,11
M,24,10000.0,675,1
M,24,80000.0,699,18
M,30,15000.0,675,0
M,34,16000.0,716,13
M,26,30000.0,679,0
M,33,24000.0,709,0
M,39,18000.0,710,0
M,46,36000.0,692,0
M,39,40000.0,692,2
F,23,24900.0,668,0
F,29,20000.0,690,0
M,24,15000.0,687,0
M,26,17000.0,677,2
M,23,20000.0,688,0
M,22,21000.0,672,0
M,25,18000.0,660,0
M,27,26500.0,658,0
M,29,25000.0,673,0
M,48,40000.0,677,0
M,24,20000.0,664,1
M,24,20000.0,661,0
F,48,21000.0,674,0
M,25,24000.0,658,5
M,38,42000.0,662,3
F,47,35000.0,679,0
M,36,20000.0,709,0
M,30,24000.0,685,0
F,36,20000.0,675,0
F,45,30000.0,666,0
M,34,18500.0,677,0
M,23,13000.0,673,0
M,35,20000.0,639,0
M,40,15000.0,685,0
M,49,25000.0,700,0
M,30,22000.0,668,1
M,33,14000.0,675,0
M,47,17524.0,646,4
M,35,21000.0,692,0
M,26,22000.0,723,0
M,21,18000.0,685,0
M,26,28000.0,670,0
M,57,23500.0,714,5
M,38,38000.0,688,0
M,24,25000.0,688,0
M,33,20000.0,664,0
M,36,10000.0,696,0
M,36,40000.0,675,0
M,40,10000.0,684,0
M,35,33000.0,699,29
M,48,32000.0,641,0
M,21,12000.0,682,0
M,23,15000.0,647,0
F,52,38378.0,698,0
M,32,18000.0,691,1
M,21,15000.0,674,0
M,25,10000.0,691,0
F,47,30000.0,668,0
M,26,11500.0,705,0
M,33,25000.0,687,0
M,48,30000.0,688,0
M,24,55000.0,665,1
M,37,2.0,690,2
M,34,28100.0,682,36
M,46,14000.0,690,0
M,26,14000.0,681,0
M,35,25000.0,671,0
M,22,17000.0,679,5
M,30,25500.0,667,2
M,44,25000.0,674,4
M,31,22000.0,665,7
M,38,40000.0,653,6
M,38,18000.0,683,0
M,31,22000.0,672,0
M,44,15000.0,680,0
M,26,26500.0,654,0
M,33,21918.0,701,0
M,45,8000.0,729,0
M,26,35000.0,669,26
M,31,20200.0,675,8
M,23,18000.0,659,0
F,25,45000.0,681,0
M,42,18000.0,684,16
M,42,22000.0,673,1
F,41,14850.0,696,15
M,31,20000.0,675,5
F,41,34034.0,657,19
M,43,25000.0,682,0
M,37,18000.0,687,0
M,59,30000.0,712,0
M,44,16500.0,624,0
M,26,18900.0,683,0
M,36,15000.0,717,0
F,27,20000.0,694,4
M,22,33000.0,685,0
M,46,40000.0,704,0
M,25,18000.0,685,0
M,46,25000.0,662,0
M,22,20000.0,692,0
M,42,15000.0,695,10
F,24,15000.0,670,0
M,44,18000.0,680,0
M,39,15500.0,677,0
M,31,16000.0,684,0
M,44,65000.0,705,0
M,36,70000.0,640,2
M,26,32000.0,669,0
F,39,16500.0,676,0
M,24,18000.0,656,2
M,21,45000.0,656,0
M,31,23000.0,665,1
M,38,35000.0,668,8
M,37,75000.0,682,0
M,31,27000.0,668,1
M,36,30000.0,685,0
M,34,43000.0,681,0
M,41,18000.0,675,0
M,39,25000.0,687,0
M,30,110000.0,700,0
M,39,24000.0,731,4
M,27,32000.0,673,0
M,53,25000.0,678,0
M,24,19000.0,670,2
M,45,30000.0,695,0
M,31,25000.0,670,6
M,34,15000.0,679,2
F,44,13500.0,705,4
M,42,24000.0,700,13
M,53,25000.0,678,0
M,34,42000.0,693,0
M,35,30000.0,642,0
M,30,30000.0,695,0
M,51,26000.0,704,1
M,34,25000.0,704,0
M,36,14000.0,677,0
M,26,19000.0,668,1
M,30,25000.0,681,3
F,46,10000.0,741,0
M,28,18000.0,670,0
F,36,15000.0,684,5
M,25,18000.0,666,0
M,24,22000.0,681,0
F,35,35000.0,660,1
M,42,15000.0,673,0
M,24,35000.0,685,0
M,32,20000.0,682,0
M,31,18600.0,639,6
M,34,25000.0,676,0
M,56,28000.0,731,0
F,42,13000.0,676,0
M,28,30000.0,681,0
M,21,14300.0,679,0
M,43,20000.0,684,1
F,41,25000.0,677,0
M,39,38000.0,681,0
M,31,20000.0,689,0
M,24,19000.0,691,0
F,26,13000.0,632,20
M,26,24000.0,683,0
M,36,35000.0,671,1
M,30,23000.0,660,1
M,52,18000.0,684,0
M,33,30000.0,701,13
M,22,16000.0,659,1
M,21,23000.0,654,0
M,26,32800.0,653,1
M,29,15000.0,661,8
M,27,16000.0,693,0
M,22,40000.0,670,1
M,51,12000.0,675,0
F,46,18000.0,677,0
M,28,17000.0,683,0
F,23,35000.0,693,0
M,29,20903.0,668,0
M,23,18500.0,675,0
M,40,15000.0,653,4
M,23,20000.0,690,0
M,44,8490.0,659,1
M,27,30000.0,670,0
M,29,38000.0,682,0
M,26,15500.0,682,0
M,45,23000.0,703,0
M,37,25000.0,667,4
F,42,40000.0,688,0
M,25,28000.0,694,0
M,35,46000.0,710,5
M,33,38000.0,667,3
M,39,35000.0,698,19
M,31,25000.0,734,0
M,22,25000.0,642,0
M,33,50000.0,682,1
M,38,18000.0,666,0
F,21,13000.0,677,17
M,23,22500.0,652,0
M,23,21000.0,676,0
M,44,30000.0,699,15
M,23,18000.0,692,0
M,40,20000.0,676,0
M,26,32000.0,692,0
M,54,40000.0,713,0
F,22,22874.0,675,0
M,45,22000.0,686,0
M,29,25000.0,673,3
M,35,15000.0,719,0
M,22,45000.0,693,0
F,43,11000.0,695,0
M,49,15000.0,687,0
M,35,37500.0,694,5
M,26,32000.0,616,2
M,22,50000.0,655,10
M,26,31000.0,676,0
M,46,20000.0,676,0
M,33,19500.0,671,0
M,21,22500.0,683,0
M,28,10500.0,670,0
M,41,14000.0,698,0
M,36,20000.0,713,0
M,26,35000.0,671,0
M,37,32000.0,687,0
M,32,23000.0,657,15
M,34,22000.0,676,0
M,32,25000.0,678,0
M,27,25000.0,676,0
M,22,17000.0,673,0
M,24,40000.0,691,0
M,31,25000.0,682,0
M,46,30000.0,717,3
M,31,25000.0,673,0
M,32,40000.0,670,0
M,39,60000.0,679,0
M,44,22000.0,721,0
M,40,100000.0,686,0
M,34,16000.0,648,0
M,33,39000.0,668,0
M,37,39000.0,731,0
M,26,27000.0,705,0
M,61,70000.0,680,0
M,26,10000.0,679,1
M,46,18000.0,665,0
M,26,22000.0,672,0
M,25,12000.0,669,0
M,28,30000.0,664,0
M,32,35000.0,687,8
M,45,18000.0,690,0
F,28,24568.0,682,0
F,46,27500.0,685,0
M,25,21000.0,647,0
M,30,20000.0,664,0
M,35,14700.0,689,0
M,44,15000.0,665,2
M,21,10000.0,676,0
M,44,19800.0,681,0
F,22,22000.0,702,0
F,42,15000.0,689,0
M,56,25000.0,700,0
M,54,30000.0,691,0
M,23,15000.0,682,0
M,26,45000.0,670,0
M,31,35000.0,687,0
M,38,40000.0,669,1
M,38,22000.0,683,0
M,32,48500.0,688,0
M,30,22000.0,647,1
M,31,19000.0,674,2
M,24,38000.0,687,5
M,32,20000.0,674,0
M,25,14000.0,635,2
M,33,35000.0,701,22
M,27,20000.0,679,0
M,47,30000.0,704,0
M,49,35000.0,700,1
M,45,55000.0,678,0
M,32,50000.0,699,0
F,24,25000.0,679,0
M,27,40000.0,671,0
M,24,22000.0,670,2
M,39,20000.0,683,0
M,30,20000.0,679,0
M,43,28000.0,728,0
M,39,14000.0,692,0
M,25,15000.0,682,1
M,42,18500.0,680,0
M,38,25000.0,695,0
M,38,17600.0,692,0
M,39,30000.0,686,0
M,42,18000.0,654,0
M,33,40000.0,704,7
M,29,28000.0,690,0
F,37,36000.0,684,0
M,33,18500.0,720,0
M,41,18000.0,698,0
M,32,41000.0,678,12
M,31,10000.0,695,0
M,29,21000.0,676,1
M,34,15000.0,680,0
M,35,41500.0,711,3
M,36,19000.0,682,0
M,29,15000.0,673,0
M,31,25000.0,688,0
M,37,30000.0,674,2
M,30,20000.0,674,0
M,24,14200.0,683,1
M,24,23000.0,663,0
M,28,30000.0,677,0
M,31,30000.0,675,6
M,34,20000.0,659,1
M,49,50000.0,732,25
M,35,12000.0,671,2
F,23,19000.0,656,1
M,22,30000.0,682,0
M,29,30000.0,691,7
M,25,23500.0,683,0
M,32,20000.0,690,0
M,29,18000.0,702,0
M,23,25000.0,682,0
M,25,15000.0,658,0
M,33,40000.0,700,7
F,39,43000.0,670,0
M,21,15000.0,689,0
F,33,19000.0,657,7
M,44,10000.0,710,19
M,24,28000.0,656,2
M,32,17770.0,658,0
M,23,28000.0,648,0
M,31,28000.0,713,0
M,24,30000.0,684,0
M,28,50000.0,683,0
M,32,30000.0,694,1
F,27,23000.0,654,0
M,28,21000.0,660,0
M,26,40000.0,658,11
M,24,17000.0,651,0
M,44,30000.0,687,0
M,48,20000.0,685,0
M,25,25000.0,681,0
M,25,35000.0,661,6
M,33,100000.0,656,1
M,33,12000.0,649,11
M,42,19000.0,674,0
M,30,20000.0,685,2
M,33,58000.0,674,11
F,38,18000.0,698,0
M,40,18000.0,695,0
M,27,10000.0,676,0
F,29,10000.0,678,6
M,50,22000.0,695,0
M,46,15000.0,663,0
M,32,32000.0,697,11
F,57,12000.0,671,0
M,45,50000.0,698,0
M,35,13000.0,659,0
M,52,25000.0,720,2
M,26,25000.0,625,0
M,26,26000.0,692,0
M,25,8500.0,671,0
M,28,7000.0,689,0
M,28,30000.0,672,0
M,26,30000.0,688,0
M,21,20000.0,656,0
M,36,15000.0,680,0
F,40,24000.0,659,1
M,24,20000.0,679,0
M,34,20000.0,671,1
M,25,35000.0,696,0
M,48,38000.0,711,0
M,32,15000.0,630,0
M,55,25000.0,670,0
F,24,18000.0,681,0
M,39,30000.0,683,0
M,22,20000.0,684,0
M,31,18000.0,692,2
M,39,35000.0,643,4
M,30,20000.0,692,0
M,31,18500.0,687,0
M,25,28500.0,677,0
F,31,8000.0,663,3
M,23,20000.0,669,0
M,24,15000.0,672,0
M,32,15000.0,679,0
M,27,22000.0,697,0
M,27,23000.0,679,0
M,29,28000.0,679,0
M,32,30000.0,707,0
M,34,15000.0,661,6
F,40,36254.0,671,0
M,26,13000.0,675,0
M,41,21500.0,703,0
M,29,92000.0,663,0
M,25,50000.0,668,0
M,32,24000.0,665,2
M,21,40000.0,691,0
F,33,30000.0,687,0
M,31,22000.0,657,1
M,24,20000.0,680,3
M,37,98000.0,605,3
F,45,11500.0,671,0
M,27,17000.0,671,0
M,37,36000.0,696,1
M,50,56000.0,699,11
M,31,35000.0,680,0
M,44,20750.0,703,6
M,39,25000.0,717,0
M,28,30000.0,677,0
M,22,10000.0,668,0
F,36,23000.0,675,0
M,32,40000.0,693,2
M,45,18000.0,681,0
F,46,18500.0,700,0
M,23,17500.0,680,0
M,24,12500.0,654,0
M,37,21000.0,678,0
M,33,23000.0,657,14
M,38,39758.0,651,2
M,24,20000.0,676,0
M,23,20000.0,678,0
M,37,28000.0,668,1
M,46,23000.0,675,0
M,21,25000.0,643,1
M,34,40000.0,735,0
F,37,15000.0,705,0
M,36,20000.0,682,0
M,56,35000.0,683,0
M,27,18000.0,684,1
M,25,15000.0,659,0
F,41,38000.0,689,0
M,25,42000.0,686,0
M,38,23500.0,737,0
M,33,27000.0,673,0
M,22,45000.0,660,1
M,46,20000.0,680,0
M,23,12.0,670,0
M,31,20000.0,684,13
M,32,25000.0,678,0
F,35,17000.0,689,0
F,41,37000.0,706,0
M,26,11000.0,664,0
M,40,15000.0,686,0
M,29,22000.0,672,1
F,43,21800.0,649,1
M,26,24000.0,678,0
M,43,10000.0,659,11
M,22,11000.0,666,0
F,53,20000.0,714,0
M,31,25000.0,673,0
M,45,17500.0,715,0
F,38,26000.0,649,2
M,26,25000.0,649,5
M,30,20000.0,680,0
M,37,19500.0,641,2
M,33,19500.0,703,0
M,43,30000.0,702,0
F,52,10000.0,712,0
M,22,55000.0,675,0
M,30,10000.0,692,0
M,35,35000.0,688,2
M,26,18000.0,711,0
M,43,17000.0,680,0
M,35,15000.0,711,0
M,42,36000.0,703,0
M,26,18000.0,644,3
M,23,20000.0,659,0
M,47,35500.0,668,2
M,55,15000.0,670,0
M,29,26000.0,666,0
M,48,19000.0,691,0
M,45,50000.0,658,20
M,59,15000.0,686,5
M,36,24000.0,684,0
M,29,20000.0,687,0
M,28,55000.0,693,0
M,28,12000.0,695,0
M,29,30000.0,663,0
M,35,42000.0,680,0
M,29,18000.0,679,0
M,23,25000.0,689,0
M,26,26000.0,679,0
M,22,12400.0,684,0
M,37,28000.0,680,0
M,32,24000.0,672,0
F,34,31000.0,689,2
M,23,12500.0,689,0
M,30,40000.0,713,0
M,43,33000.0,688,0
M,21,30000.0,647,0
M,47,35000.0,694,0
M,31,28000.0,658,0
M,25,15000.0,689,0
F,34,17300.0,691,0
M,29,12500.0,647,2
M,22,10000.0,685,0
M,43,21000.0,669,0
M,29,28000.0,672,0
M,36,18000.0,695,0
M,28,17900.0,680,0
M,25,17000.0,660,0
M,29,12000.0,683,1
F,27,16100.0,687,0
M,31,21000.0,718,0
M,28,24000.0,727,0
M,32,25000.0,693,0
F,41,30000.0,673,5
M,33,26000.0,687,9
M,25,20000.0,668,0
F,51,18000.0,682,0
M,31,11000.0,678,0
M,46,20000.0,722,0
M,37,40000.0,672,9
M,32,12000.0,690,6
M,46,15000.0,712,8
M,27,30000.0,671,0
M,35,22000.0,669,0
M,26,17000.0,659,5
M,40,85000.0,696,0
F,30,22000.0,737,10
M,36,55000.0,703,0
M,23,15000.0,673,0
F,55,79000.0,740,0
M,22,21000.0,689,0
M,21,13500.0,680,2
F,28,30000.0,686,0
F,33,12500.0,680,0
M,30,25000.0,655,9
M,30,25000.0,687,0
M,35,28000.0,726,2
M,33,60000.0,688,0
M,56,25000.0,722,0
M,31,45000.0,675,0
M,21,14000.0,668,0
M,24,15000.0,677,0
F,42,8500.0,671,0
F,29,15000.0,672,0
F,51,12000.0,686,0
M,35,18000.0,645,10
M,30,30000.0,686,0
M,27,20000.0,693,0
M,31,22000.0,687,0
M,22,18000.0,635,0
M,51,15000.0,707,0
M,51,34000.0,694,0
M,32,29000.0,668,0
M,31,12000.0,698,0
M,39,70000.0,697,0
M,31,35000.0,679,0
M,31,21000.0,663,4
M,37,30000.0,683,0
M,34,30000.0,645,1
F,28,19000.0,664,0
M,35,17000.0,686,0
M,38,20000.0,698,0
M,32,23000.0,662,14
M,44,25000.0,673,7
M,46,27000.0,701,0
M,51,25000.0,679,1
M,28,25000.0,686,0
M,24,15000.0,667,0
M,31,27000.0,648,3
M,25,55000.0,690,0
M,21,15000.0,662,2
M,31,30000.0,709,0
M,39,22000.0,691,0
M,28,15000.0,673,1
M,31,70000.0,684,5
M,22,35000.0,688,0
M,36,20000.0,693,1
M,30,25000.0,678,0
M,23,45000.0,652,0
F,43,40000.0,673,5
M,32,18000.0,651,10
M,51,41000.0,685,8
M,36,18000.0,686,1
M,24,31585.0,678,0
M,29,28900.0,682,0
M,30,55000.0,652,4
M,23,12000.0,664,0
M,23,45000.0,674,0
M,31,16000.0,689,0
F,45,40000.0,707,0
M,40,30000.0,675,0
M,47,50000.0,677,2
M,26,25000.0,646,0
M,52,30000.0,667,1
M,29,21500.0,712,0
M,54,20000.0,667,5
M,32,16000.0,665,0
M,25,20000.0,646,0
M,24,20000.0,678,5
M,43,21980.0,656,2
M,23,20000.0,662,0
M,24,10000.0,668,4
M,33,18000.0,672,6
F,52,30000.0,756,19
M,31,27300.0,647,21
M,22,25000.0,678,0
M,28,20000.0,669,0
F,45,13000.0,677,0
M,26,25000.0,703,3
M,29,45000.0,668,0
M,35,15474.0,702,0
M,36,23000.0,662,0
M,29,30000.0,674,13
M,38,15000.0,646,12
F,54,28000.0,663,2
M,30,8000.0,696,0
F,41,19000.0,691,0
F,29,30000.0,669,0
M,57,25000.0,685,0
M,35,26000.0,688,17
M,42,35000.0,666,9
M,24,16000.0,640,2
M,30,17000.0,678,0
F,34,22000.0,687,0
M,25,42500.0,676,0
M,39,25000.0,688,0
M,24,10000.0,680,2
M,25,13900.0,646,4
M,26,15000.0,664,0
M,39,32000.0,701,2
M,47,16000.0,730,6
M,29,55000.0,667,5
M,49,21000.0,741,8
M,33,18500.0,663,14
M,28,20000.0,688,0
M,26,15000.0,636,0
M,42,40000.0,667,1
F,27,15000.0,676,0
M,29,24000.0,596,23
M,23,15000.0,670,4
M,32,18000.0,685,2
M,35,25000.0,663,0
F,39,35000.0,684,0
M,30,15000.0,708,0
M,37,21000.0,662,2
F,49,25000.0,718,0
M,36,1200.0,719,3
M,30,20000.0,727,0
M,37,50000.0,675,4
F,28,28000.0,675,0
M,25,13650.0,668,2
F,43,35000.0,681,0
M,25,24000.0,686,0
M,45,60000.0,709,0
M,48,22000.0,683,0
F,29,37000.0,709,0
F,30,15000.0,657,2
M,24,17000.0,668,1
F,40,12000.0,652,0
M,53,35000.0,699,0
M,34,22000.0,666,2
M,44,25000.0,670,4
M,46,36000.0,716,0
M,34,15000.0,631,3
M,32,12000.0,690,0
F,34,19753.0,678,0
M,36,20000.0,724,0
M,30,38000.0,664,0
M,23,15000.0,669,0
M,42,28000.0,661,0
F,34,17000.0,687,0
M,31,18000.0,665,0
M,42,25000.0,681,0
F,44,21000.0,664,2
M,34,18000.0,704,0
M,23,30000.0,691,0
M,41,19000.0,679,0
F,33,24500.0,661,1
M,26,19000.0,678,0
M,34,42000.0,687,3
M,23,11000.0,673,1
F,34,30000.0,672,12
M,31,20000.0,686,0
M,23,13000.0,685,0
M,44,7100.0,680,1
M,26,31000.0,696,0
M,43,18000.0,656,0
M,28,25000.0,689,0
M,40,25000.0,620,0
M,34,32000.0,679,4
M,24,18625.0,666,5
M,22,16000.0,684,0
M,32,75000.0,686,0
M,28,30000.0,670,0
M,31,19500.0,667,4
M,43,25000.0,692,0
M,24,22000.0,666,1
M,24,15500.0,697,1
M,27,40000.0,692,0
M,28,20000.0,683,0
M,44,30000.0,661,0
M,42,20000.0,677,1
M,32,22000.0,685,0
M,29,20500.0,682,0
F,50,19000.0,699,0
M,28,20000.0,667,5
M,26,24000.0,676,0
M,47,20000.0,702,0
M,41,68000.0,667,0
M,44,32000.0,701,11
M,35,22000.0,679,1
M,21,15000.0,675,0
M,26,25000.0,700,0
M,24,18000.0,688,0
M,38,32000.0,690,12
M,29,45000.0,683,0
M,32,18000.0,659,0
M,36,25000.0,649,2
F,43,25000.0,672,0
M,28,21000.0,679,0
F,43,13000.0,673,0
M,28,17800.0,684,0
M,31,26500.0,680,0
M,25,18000.0,679,0
M,49,31000.0,708,0
M,45,50000.0,681,0
M,23,15000.0,661,0
M,26,10000.0,687,0
M,26,40000.0,688,0
M,39,16000.0,702,0
F,36,13000.0,671,3
M,35,45000.0,666,0
F,52,44020.0,705,21
M,39,18000.0,687,2
M,21,14000.0,668,0
M,26,33000.0,635,2
M,24,25000.0,685,0
M,34,35000.0,670,0
M,27,27000.0,672,0
M,58,65000.0,715,1
M,45,20000.0,681,0
M,35,60000.0,716,0
M,38,32000.0,691,1
M,50,60000.0,692,0
F,31,35000.0,693,0
F,33,20000.0,692,0
F,33,25000.0,673,24
M,33,28000.0,676,0
M,23,20000.0,697,0
M,26,36000.0,669,3
M,31,25000.0,656,1
F,42,15000.0,650,0
M,34,15000.0,700,14
M,26,45000.0,677,0
F,39,13000.0,709,0
M,41,40000.0,709,0
M,32,20000.0,672,0
M,38,24000.0,677,0
M,51,48000.0,683,0
M,44,25000.0,722,0
M,46,35000.0,691,0
F,27,15000.0,673,0
M,32,9917.0,670,0
M,33,21000.0,679,0
M,54,14500.0,698,0
M,30,24200.0,682,0
M,22,20000.0,673,0
M,36,20000.0,678,3
M,41,20000.0,700,0
M,38,35000.0,683,0
F,30,40000.0,696,0
M,39,30000.0,614,0
M,31,20000.0,628,2
F,34,50000.0,671,3
M,23,30000.0,594,2
M,28,48000.0,699,0
M,31,40000.0,681,15
M,45,92500.0,701,0
M,55,23000.0,679,0
M,36,25000.0,675,0
M,48,48000.0,691,3
M,26,50000.0,673,7
M,25,25000.0,649,2
M,49,55000.0,691,10
M,37,20000.0,684,0
M,29,20000.0,668,0
M,34,18000.0,707,0
M,41,18000.0,679,0
M,34,42500.0,672,1
M,34,12000.0,701,0
M,23,12000.0,690,0
M,28,18500.0,671,0
M,35,20000.0,678,8
M,36,3000.0,715,4
M,34,50000.0,703,0
M,49,48000.0,672,0
M,22,10000.0,674,0
F,35,40000.0,667,0
M,33,32500.0,684,0
M,37,35000.0,653,0
M,42,30000.0,659,2
M,41,40000.0,695,0
M,25,40000.0,676,11
M,35,35000.0,673,4
M,44,22000.0,693,0
M,29,18000.0,642,15
M,34,28000.0,673,6
M,40,30000.0,694,7
M,26,29000.0,663,7
M,53,25000.0,682,0
M,44,15500.0,718,0
F,44,10000.0,685,0
M,48,18000.0,666,0
M,30,9000.0,709,0
M,29,27000.0,701,0
M,26,30000.0,665,1
M,43,28500.0,712,0
M,26,29000.0,699,0
M,50,15000.0,726,0
M,38,23900.0,652,20
M,29,25000.0,671,3
M,41,35000.0,668,0
M,23,22000.0,680,0
M,43,30000.0,663,0
M,31,19500.0,723,16
M,23,18000.0,688,0
M,51,30000.0,666,0
M,21,20000.0,682,0
F,55,30000.0,657,29
M,21,18000.0,684,3
M,28,18500.0,676,0
M,36,17500.0,688,0
M,26,27000.0,642,1
M,39,12500.0,683,0
M,29,40000.0,695,1
M,46,25000.0,711,0
M,35,20000.0,665,0
M,26,12000.0,689,0
M,39,14000.0,719,0
M,36,35000.0,673,4
M,51,21000.0,704,1
M,28,45000.0,648,1
M,26,22000.0,680,3
M,43,20000.0,687,1
F,27,25000.0,704,0
M,32,25000.0,668,1
M,29,35000.0,672,0
M,55,25000.0,696,0
M,25,16000.0,671,0
M,43,25000.0,701,6
M,41,18000.0,678,1
M,31,22000.0,673,1
M,31,35000.0,695,0
F,30,15000.0,667,1
M,36,16000.0,692,0
M,49,35000.0,668,4
M,34,26000.0,693,0
M,28,25000.0,669,0
M,39,16000.0,706,0
M,33,22500.0,665,0
M,25,25000.0,685,0
M,29,8500.0,674,0
M,38,22000.0,686,0
M,36,28000.0,687,0
M,35,34800.0,694,0
M,38,20000.0,727,14
M,24,18000.0,707,0
M,28,22000.0,662,0
M,59,18000.0,703,0
F,26,16000.0,682,0
F,47,49000.0,690,0
M,39,35000.0,704,0
M,45,60000.0,677,0
M,27,18000.0,684,0
M,25,32000.0,673,0
M,42,20000.0,673,4
M,29,20000.0,677,0
M,34,30000.0,668,0
M,41,13000.0,679,0
M,23,45000.0,682,0
M,35,15000.0,673,0
M,30,23000.0,694,0
M,24,35200.0,667,0
M,22,18000.0,667,5
M,23,15000.0,688,0
M,24,18000.0,682,0
M,26,40000.0,663,2
M,52,30000.0,655,1
M,54,35000.0,666,1
M,44,15000.0,695,3
M,23,23000.0,689,0
F,48,25000.0,702,0
M,34,17000.0,615,0
M,43,35000.0,722,0
M,34,15000.0,678,0
M,37,10000.0,695,0
M,33,10000.0,707,0
F,28,18000.0,685,0
M,33,32000.0,676,0
M,32,15000.0,730,0
M,36,20000.0,695,0
M,48,15000.0,700,0
M,36,19000.0,616,3
M,21,15000.0,658,0
M,49,15000.0,692,0
M,27,29000.0,676,1
M,48,68868.0,695,26
M,45,44000.0,710,5
M,42,55000.0,693,2
M,37,20000.0,702,0
M,40,35000.0,689,0
M,26,20000.0,684,0
M,31,32000.0,694,4
M,34,29500.0,657,21
F,40,14000.0,661,1
M,25,18000.0,675,4
M,22,13500.0,674,0
F,28,25000.0,670,1
M,33,35000.0,664,3
M,44,7000.0,696,4
M,24,13500.0,669,0
M,27,45000.0,701,0
M,27,27000.0,663,2
M,24,18000.0,664,0
M,28,17500.0,632,0
M,27,10000.0,666,0
M,24,22000.0,677,0
F,29,20000.0,657,0
M,23,17000.0,674,0
M,29,14500.0,686,0
M,34,38000.0,652,3
M,23,20000.0,676,0
M,22,15000.0,689,0
M,33,27000.0,670,20
M,23,15000.0,693,0
M,26,36000.0,680,0
F,29,18000.0,676,1
M,32,40000.0,691,0
M,26,25000.0,653,0
M,32,22000.0,685,0
M,49,10000.0,707,0
M,27,18000.0,713,0
M,26,30000.0,665,0
M,37,25000.0,686,0
M,50,35000.0,714,6
M,46,40000.0,698,16
M,34,47000.0,687,0
M,27,18000.0,678,0
M,40,40000.0,680,3
M,23,20000.0,666,0
M,31,35000.0,683,0
F,33,18000.0,673,0
M,25,18500.0,677,0
M,31,21500.0,684,4
M,35,21000.0,684,0
F,25,29000.0,658,0
M,30,30000.0,713,0
F,32,15000.0,662,1
M,21,17000.0,651,0
M,29,25000.0,656,0
M,27,19000.0,690,4
F,39,25000.0,688,0
M,50,10000.0,698,0
M,26,15000.0,698,0
M,30,21000.0,635,0
M,35,10000.0,689,0
M,35,20000.0,665,2
M,44,25000.0,685,2
F,39,28500.0,689,0
M,26,70000.0,699,0
M,49,30000.0,690,0
F,35,20000.0,686,0
M,35,17000.0,679,2
M,38,35000.0,700,2
M,21,29000.0,657,0
M,26,30000.0,691,0
M,24,30000.0,657,0
M,34,29000.0,691,0
M,34,18000.0,676,0
F,43,31000.0,672,0
M,22,12500.0,688,0
M,37,40000.0,693,0
M,34,50000.0,653,3
M,36,45000.0,685,12
M,35,23000.0,675,0
M,40,20000.0,699,5
M,23,25000.0,671,0
M,22,15300.0,676,0
F,32,16000.0,661,0
M,24,15000.0,688,0
M,25,25000.0,685,0
M,21,15000.0,676,0
M,24,18000.0,680,0
M,44,16000.0,704,0
M,53,39000.0,720,0
M,25,40000.0,679,0
M,35,30000.0,677,0
M,31,19000.0,682,1
F,31,40000.0,674,3
F,22,20000.0,692,0
M,21,25000.0,699,0
M,44,25000.0,670,1
F,37,20000.0,680,0
M,36,22000.0,686,5
M,24,40000.0,656,0
M,42,22000.0,716,0
M,41,23000.0,671,0
M,22,20000.0,647,0
M,27,17000.0,686,0
F,35,40000.0,668,1
M,32,25000.0,675,0
M,28,15000.0,696,0
M,32,19000.0,685,0
M,42,13000.0,696,0
F,36,18000.0,673,0
M,25,21000.0,642,7
M,41,33000.0,656,50
M,30,13500.0,679,0
M,36,25000.0,668,0
F,37,28000.0,621,5
M,26,11000.0,687,0
M,32,19000.0,654,7
M,22,25000.0,661,2
M,34,35000.0,696,0
M,31,16000.0,669,0
M,32,18500.0,683,0
F,54,19000.0,670,0
M,47,30000.0,670,0
M,26,20000.0,673,0
M,30,29000.0,699,1
F,38,10000.0,666,0
M,28,25000.0,680,0
M,33,18000.0,675,0
M,27,25000.0,672,0
M,49,14500.0,678,1
M,37,30000.0,691,0
M,28,12000.0,698,0
M,28,28000.0,700,5
M,31,20000.0,657,10
M,33,40000.0,666,0
M,24,20000.0,662,0
M,40,20000.0,701,0
M,46,28000.0,706,2
M,35,25000.0,662,1
M,22,65000.0,680,0
M,47,26400.0,737,8
M,41,18000.0,665,2
M,26,38600.0,663,0
M,53,20000.0,694,0
M,36,15000.0,652,17
F,44,18000.0,652,3
M,24,35000.0,689,0
M,21,20000.0,660,0
M,22,16000.0,687,0
M,42,18000.0,700,0
M,54,38000.0,712,0
M,40,30000.0,680,2
M,36,15000.0,689,0
M,24,19000.0,649,2
M,27,70000.0,620,2
F,23,8000.0,688,0
F,34,41000.0,687,0
M,42,10000.0,651,3
M,25,30000.0,661,2
M,38,42000.0,672,0
M,32,35000.0,694,0
M,28,16000.0,681,0
M,42,22000.0,679,0
M,26,30000.0,647,0
M,24,25000.0,667,2
M,28,35000.0,718,0
M,23,20000.0,665,0
M,35,20000.0,698,0
M,45,30000.0,663,10
M,29,35000.0,685,3
M,24,15000.0,686,0
M,30,13500.0,676,9
M,31,28000.0,672,0
M,24,30000.0,674,0
M,50,22000.0,684,0
M,29,43000.0,678,1
M,45,20000.0,645,0
M,25,11200.0,687,0
M,51,27000.0,687,2
M,53,14000.0,702,1
M,23,30000.0,636,1
M,30,14000.0,698,0
M,38,13000.0,688,0
M,33,20000.0,673,2
M,24,23000.0,659,0
M,52,19000.0,655,14
M,42,19500.0,659,3
M,31,50000.0,754,7
M,48,20000.0,669,0
M,42,25000.0,652,4
M,26,50000.0,672,0
M,27,52000.0,666,0
M,31,26000.0,673,0
M,22,12500.0,676,0
M,31,25000.0,691,0
M,31,21250.0,657,0
M,31,65000.0,696,8
F,33,18000.0,682,0
M,47,18500.0,710,0
M,27,35000.0,665,0
M,30,25000.0,710,0
M,37,25000.0,700,0
M,25,25000.0,684,0
M,34,28000.0,689,0
M,34,20000.0,677,0
M,33,17500.0,703,0
M,21,50000.0,657,3
M,41,30000.0,694,0
M,27,12000.0,669,0
M,32,16000.0,688,0
M,43,33000.0,678,5
M,30,30000.0,663,1
M,28,9000.0,676,0
M,30,20000.0,685,3
M,21,19000.0,678,0
M,29,23000.0,721,0
M,41,29800.0,663,1
F,32,15000.0,667,4
M,24,25000.0,666,0
M,52,21000.0,677,3
M,40,25000.0,667,0
M,49,25000.0,701,0
M,54,28000.0,706,0
M,46,30000.0,642,1
M,24,40000.0,670,0
M,40,13000.0,677,0
M,51,30000.0,663,2
M,35,21000.0,667,0
F,49,29000.0,647,0
M,29,15000.0,712,0
M,26,22000.0,651,5
M,35,35000.0,688,0
M,28,18000.0,685,0
M,27,30000.0,674,24
M,30,20000.0,651,5
M,44,54000.0,699,0
M,31,50000.0,706,0
M,23,19500.0,687,0
M,48,27500.0,682,7
M,38,25000.0,677,0
M,44,32000.0,687,0
M,39,32000.0,684,0
M,30,15000.0,682,0
M,25,27000.0,676,3
M,29,12000.0,687,0
M,32,26000.0,656,0
M,45,50000.0,655,12
M,38,15000.0,712,7
M,39,17000.0,653,25
M,23,16790.0,677,0
M,57,25000.0,693,5
M,31,30000.0,719,6
M,23,13500.0,670,0
M,22,15500.0,632,0
F,26,19000.0,703,0
M,23,18000.0,681,0
M,27,18000.0,689,0
M,26,18000.0,657,4
F,28,16000.0,701,0
M,49,26000.0,686,0
M,27,17000.0,670,1
M,27,5000.0,675,0
M,40,20000.0,686,0
M,23,23000.0,676,0
M,22,23000.0,663,0
M,29,26500.0,682,2
M,29,30000.0,688,1
M,39,25000.0,672,1
M,26,20000.0,682,0
M,22,30000.0,684,0
M,27,12000.0,684,0
M,22,20000.0,650,4
F,34,25000.0,688,0
M,28,25000.0,685,0
M,38,15000.0,682,0
M,32,25000.0,669,0
M,23,33000.0,676,0
M,51,40000.0,685,0
M,30,35000.0,691,1
F,32,25000.0,669,1
M,23,23000.0,693,27
M,33,14000.0,669,0
M,26,20000.0,686,0
M,24,20000.0,617,3
M,31,27800.0,715,0
M,26,24000.0,663,0
M,41,22000.0,662,0
M,39,45000.0,689,0
M,26,15000.0,668,0
M,36,15000.0,694,3
M,28,25000.0,708,0
M,24,30000.0,683,0
M,21,18500.0,675,0
M,24,28000.0,685,0
M,33,15000.0,674,4
M,34,55000.0,690,5
M,34,25000.0,684,0
M,42,18000.0,677,0
F,41,24000.0,714,0
M,28,30000.0,697,0
M,29,23000.0,652,0
M,27,15500.0,685,0
M,54,17000.0,674,0
M,32,18000.0,641,0
M,25,8000.0,691,0
M,52,49106.0,697,0
M,29,25000.0,667,0
M,41,65000.0,690,8
M,26,18000.0,726,0
M,38,18000.0,708,11
M,35,23000.0,680,16
M,45,18000.0,696,0
M,30,40000.0,668,0
M,30,15000.0,690,0
M,53,23000.0,680,0
F,45,30000.0,684,0
M,30,51000.0,675,3
M,32,17000.0,675,0
F,39,13000.0,687,2
M,29,20000.0,755,0
M,22,25000.0,664,0
M,32,29000.0,645,23
M,55,28000.0,679,0
M,39,50000.0,667,0
M,28,45000.0,671,1
M,35,20000.0,677,0
M,49,23000.0,687,0
M,24,20000.0,682,0
M,36,15000.0,695,0
M,59,24000.0,694,0
M,32,18000.0,698,0
M,31,34000.0,700,0
F,39,25000.0,702,0
M,35,20000.0,681,2
M,33,45000.0,649,2
M,35,18000.0,687,0
M,46,25000.0,681,0
M,22,45000.0,692,3
M,39,11500.0,715,0
M,42,41000.0,707,7
M,24,20000.0,692,0
M,54,25000.0,774,0
M,49,28000.0,685,0
M,22,40000.0,682,0
M,36,25000.0,696,3
M,26,19000.0,666,4
M,28,15000.0,671,0
M,26,21800.0,667,2
M,31,22000.0,681,5
M,35,18000.0,670,0
M,24,14000.0,659,1
M,26,15000.0,692,0
M,29,30000.0,707,0
F,38,8000.0,685,0
M,28,15000.0,687,0
M,40,12000.0,693,0
M,38,20000.0,699,0
F,38,12000.0,680,0
M,24,14500.0,603,0
M,31,30000.0,689,0
M,43,25000.0,662,0
M,47,45000.0,685,0
M,36,16000.0,695,0
M,33,24500.0,667,0
M,35,17990.0,620,1
M,34,50000.0,715,0
M,31,18000.0,675,0
M,45,18000.0,681,0
M,22,15000.0,683,0
M,35,16000.0,686,0
M,34,33500.0,697,0
M,38,16000.0,689,0
M,37,24000.0,717,1
M,24,25000.0,650,12
M,38,12500.0,692,1
M,22,14000.0,653,1
F,33,14000.0,680,0
M,24,13000.0,686,0
F,40,14000.0,702,0
M,35,28500.0,672,0
M,26,15000.0,680,0
M,26,23000.0,652,3
M,43,23000.0,668,0
M,23,45000.0,646,3
M,33,30000.0,689,0
M,43,16500.0,700,0
M,27,15500.0,682,1
M,34,32000.0,644,0
M,26,23500.0,683,0
M,31,25000.0,689,0
M,56,16000.0,676,2
M,45,38000.0,663,1
M,28,55000.0,680,0
M,53,16200.0,713,0
M,24,24000.0,684,0
F,51,25000.0,653,2
M,28,22000.0,698,0
M,36,35000.0,700,0
M,36,35000.0,683,0
M,38,28000.0,681,0
M,39,27000.0,657,15
M,25,50000.0,650,0
M,24,38000.0,684,0
M,40,34500.0,723,0
M,26,13000.0,673,1
M,28,18000.0,649,2
M,44,65000.0,667,0
M,23,16000.0,667,0
M,34,20000.0,690,1
F,32,15000.0,695,0
M,35,22500.0,666,2
F,42,21000.0,709,1
M,25,15000.0,671,0
M,47,13000.0,673,0
M,34,36000.0,673,3
M,37,20000.0,710,0
M,23,32500.0,675,0
M,38,30000.0,670,2
M,43,15000.0,684,3
M,34,24000.0,681,0
M,27,12000.0,685,0
M,37,40000.0,736,0
M,27,30000.0,677,7
M,43,13000.0,663,0
F,36,20000.0,710,0
M,52,75000.0,712,0
M,37,55000.0,717,0
M,21,15500.0,661,0
M,29,40000.0,670,0
F,34,25000.0,678,0
M,32,20000.0,683,0
M,26,18000.0,656,7
M,26,20000.0,664,0
M,34,20000.0,679,0
M,35,12000.0,672,0
M,26,40000.0,717,1
M,35,12000.0,694,0
M,38,15000.0,662,0
F,27,30000.0,703,0
M,41,28000.0,664,0
M,55,25000.0,683,0
M,59,20000.0,675,3
M,43,24000.0,716,0
M,45,25000.0,727,1
M,28,25000.0,699,0
M,29,28000.0,674,0
M,24,20000.0,676,1
M,26,15000.0,676,0
M,35,22000.0,688,0
M,50,25000.0,699,7
M,25,17500.0,673,0
M,34,17000.0,714,4
M,25,13000.0,695,0
M,24,18000.0,690,0
F,27,16000.0,671,0
F,34,20000.0,700,0
M,35,20000.0,695,0
M,22,23000.0,654,1
M,21,11800.0,687,0
M,25,25000.0,669,0
F,42,34000.0,699,10
M,27,25000.0,665,2
M,32,45000.0,681,1
M,22,28000.0,711,2
M,34,20000.0,692,0
M,44,28000.0,692,0
M,42,10000.0,682,0
M,37,18000.0,679,0
F,33,11000.0,692,0
M,33,30000.0,700,0
M,45,75000.0,696,0
M,22,15000.0,690,0
M,23,12000.0,680,0
M,31,20000.0,677,1
M,46,22000.0,672,0
M,26,24500.0,683,0
M,27,23000.0,658,32
F,54,18000.0,670,3
M,42,18000.0,720,1
M,21,25000.0,671,0
M,47,40000.0,675,0
M,30,17000.0,692,1
M,24,15000.0,674,0
M,28,2000.0,682,5
F,50,38500.0,667,1
F,25,20000.0,785,0
M,32,25000.0,681,0
M,49,25000.0,682,5
M,46,15000.0,687,0
M,37,35000.0,708,0
F,40,30000.0,730,0
M,37,65000.0,707,0
M,30,21500.0,681,0
M,49,19500.0,667,0
M,34,32000.0,678,3
M,36,15000.0,661,0
M,31,20000.0,686,0
M,27,25000.0,683,2
M,28,23000.0,676,0
M,28,40000.0,700,0
M,27,25000.0,691,0
F,24,40000.0,681,0
M,33,90000.0,661,0
M,34,34800.0,693,0
M,39,14000.0,682,0
M,31,31000.0,705,0
M,36,25000.0,685,0
M,24,15000.0,656,0
M,24,43500.0,675,0
M,22,14000.0,685,0
M,35,35000.0,686,3
M,46,18000.0,691,0
M,40,10000.0,661,3
M,44,25000.0,665,1
M,50,25000.0,693,0
M,38,31500.0,701,0
M,25,28000.0,661,0
M,26,22000.0,672,0
F,37,30000.0,665,0
M,35,8000.0,687,0
M,40,38000.0,673,0
M,28,80000.0,692,0
M,36,40000.0,651,0
M,25,14000.0,661,1
M,29,21000.0,675,0
M,34,20000.0,656,2
M,28,20000.0,676,2
M,50,25000.0,685,1
M,45,28000.0,712,0
M,46,33000.0,681,0
M,23,43000.0,684,0
M,46,18204.0,668,0
M,46,18000.0,664,0
M,30,20000.0,666,2
M,30,27000.0,682,0
M,22,18000.0,668,0
M,25,20000.0,684,0
M,22,13000.0,672,0
M,43,50000.0,672,13
M,23,25000.0,689,0
M,34,48000.0,649,1
M,30,15000.0,676,6
F,36,15000.0,691,0
M,41,19500.0,680,0
M,40,10000.0,709,1
M,28,22500.0,696,0
M,28,18000.0,661,55
M,28,14500.0,648,2
F,43,25000.0,731,0
M,27,30000.0,659,0
M,50,39500.0,654,15
M,26,15000.0,694,0
M,21,35000.0,690,0
M,37,18000.0,672,1
M,52,70000.0,740,0
F,50,13500.0,691,0
M,26,50000.0,697,0
M,32,70000.0,679,3
M,22,28000.0,672,0
M,33,35000.0,651,13
M,34,13000.0,700,0
M,42,25000.0,679,0
M,39,55000.0,689,0
M,40,17500.0,688,0
M,30,55000.0,696,0
M,40,20000.0,671,0
M,36,40000.0,700,1
M,24,8500.0,709,0
M,42,15000.0,691,0
M,35,16000.0,642,6
F,34,28000.0,678,2
F,30,14000.0,694,1
M,28,20000.0,676,0
M,28,30000.0,679,0
M,48,30000.0,654,0
M,29,15000.0,662,0
M,28,35000.0,703,0
F,32,30000.0,701,0
M,26,14500.0,659,0
M,30,15000.0,672,0
M,29,25000.0,672,0
M,31,30000.0,684,5
M,41,32000.0,727,3
M,38,46000.0,704,0
M,48,25000.0,697,5
M,21,18000.0,671,0
F,30,20000.0,649,0
M,42,22000.0,707,31
M,25,40000.0,686,0
F,25,18000.0,698,0
M,39,50000.0,685,7
M,45,51000.0,671,2
M,34,25000.0,674,0
M,25,12000.0,674,0
M,28,15000.0,685,0
M,25,24500.0,619,0
M,25,45000.0,659,7
M,60,10000.0,713,0
M,23,32000.0,653,1
M,29,18000.0,650,9
M,29,26000.0,659,1
M,54,25000.0,758,0
M,28,15000.0,692,0
M,44,50000.0,705,36
M,31,10000.0,680,6
M,31,28000.0,676,1
M,23,12000.0,681,0
M,34,22000.0,681,10
M,29,110000.0,685,2
M,24,16000.0,681,0
M,37,20000.0,672,1
M,25,100000.0,677,2
M,43,22000.0,694,1
M,21,16000.0,685,0
M,46,33000.0,701,1
M,33,49500.0,697,2
M,46,35000.0,692,0
M,48,18000.0,660,0
M,27,20000.0,671,0
M,40,30000.0,703,10
F,40,20000.0,660,0
F,32,24000.0,704,0
M,32,18000.0,680,0
M,40,33990.0,687,0
F,28,11500.0,692,0
M,29,25000.0,706,4
M,22,20000.0,673,0
M,23,14000.0,682,0
M,24,19000.0,671,0
M,34,300000.0,686,0
F,32,26000.0,671,0
M,26,15000.0,665,2
M,49,16350.0,682,0
M,29,15000.0,668,0
M,22,15000.0,678,0
M,25,36000.0,635,0
F,37,90000.0,692,4
M,46,13000.0,676,1
M,44,20000.0,708,0
M,21,15000.0,675,0
M,35,30000.0,700,0
M,25,22000.0,648,0
M,28,13000.0,675,0
M,32,40000.0,678,1
M,45,13000.0,675,2
M,36,18000.0,676,0
M,45,25000.0,680,1
M,21,45000.0,683,0
M,32,15000.0,667,7
M,35,22000.0,672,1
M,42,22000.0,690,0
M,26,15000.0,676,0
M,35,23000.0,708,0
M,21,10000.0,642,0
M,34,35000.0,684,0
M,30,48000.0,677,8
M,30,15000.0,703,0
M,27,50000.0,651,0
M,38,16000.0,662,1
M,24,30000.0,681,0
M,40,23000.0,680,0
M,26,27000.0,686,0
M,28,15500.0,716,0
F,45,23000.0,731,0
M,33,21000.0,669,0
M,28,20000.0,688,0
M,38,35000.0,699,0
M,25,16000.0,640,8
M,30,19000.0,668,0
M,31,11000.0,704,0
F,47,35000.0,687,0
M,43,65000.0,641,0
M,50,45000.0,698,0
M,31,40000.0,719,2
M,42,30000.0,673,27
M,37,130000.0,707,0
M,63,36000.0,701,0
M,35,18000.0,685,0
M,24,20000.0,688,0
F,51,50000.0,688,0
M,33,15000.0,686,12
M,44,50000.0,665,2
M,44,35000.0,702,0
F,43,20000.0,671,0
F,43,54000.0,694,0
M,23,15000.0,677,0
F,43,11000.0,695,0
M,31,20000.0,684,31
F,27,13800.0,671,5
M,47,21600.0,683,7
F,37,45000.0,688,3
F,31,26000.0,646,0
M,23,15000.0,689,0
M,26,18000.0,665,0
F,28,28490.0,710,0
M,21,14200.0,664,0
M,26,15000.0,658,0
M,62,35000.0,718,0
M,30,20000.0,693,0
M,35,18000.0,706,0
M,26,25000.0,679,0
M,32,28500.0,716,0
M,54,12000.0,665,12
M,53,25000.0,698,0
F,30,35000.0,685,0
M,28,20000.0,673,1
M,27,21600.0,659,16
M,44,24500.0,686,2
F,29,15000.0,664,0
M,43,38000.0,716,0
M,43,40000.0,680,0
M,53,26000.0,699,0
M,35,27000.0,673,0
M,33,23000.0,689,1
M,57,23000.0,697,0
M,38,30000.0,664,0
M,52,50000.0,682,11
M,41,22000.0,684,0
M,40,25000.0,684,0
M,55,40000.0,745,0
M,49,15000.0,733,0
M,35,17500.0,629,0
M,22,45000.0,662,1
M,29,20000.0,648,2
F,25,10000.0,657,5
F,43,55000.0,691,0
M,34,18000.0,734,0
F,37,25000.0,716,0
M,26,80000.0,672,0
M,46,30000.0,676,1
F,46,16990.0,681,0
M,22,17990.0,665,0
M,39,18000.0,659,5
M,54,30000.0,652,1
F,23,13500.0,662,0
M,36,55000.0,680,0
F,26,14000.0,672,0
M,28,18500.0,659,0
M,35,18000.0,659,3
M,22,33000.0,678,0
M,26,22000.0,687,0
M,40,30000.0,694,0
M,27,18000.0,676,0
M,56,25000.0,709,0
M,37,16000.0,701,0
M,38,20000.0,669,0
F,24,31000.0,664,0
M,25,30000.0,632,0
F,38,13000.0,652,6
F,57,25000.0,699,0
M,33,15000.0,661,0
F,48,20000.0,680,0
M,32,45000.0,633,8
M,47,45000.0,726,5
M,28,16000.0,688,0
M,32,28000.0,672,0
M,28,8000.0,675,1
M,30,50000.0,671,0
F,40,25000.0,683,0
M,28,26500.0,681,0
M,22,20000.0,663,1
M,36,19000.0,670,0
F,35,25000.0,671,0
M,30,16000.0,672,0
M,28,14000.0,697,0
M,29,23000.0,682,2
M,35,45000.0,620,1
M,32,35000.0,689,1
F,58,25000.0,662,0
M,28,33000.0,664,0
M,42,28000.0,691,0
M,38,30000.0,670,0
M,30,18000.0,646,2
M,27,18000.0,663,0
M,22,18000.0,692,0
M,51,26500.0,723,0
M,25,15000.0,660,0
M,24,55000.0,676,0
M,32,18000.0,671,0
M,55,30000.0,677,0
M,46,30000.0,722,0
M,30,45000.0,645,0
M,24,10.0,687,0
M,48,15000.0,727,0
M,44,27000.0,684,0
M,61,25000.0,677,0
F,36,35000.0,671,1
M,31,30000.0,658,5
M,49,20000.0,663,0
M,30,53500.0,670,0
M,35,40000.0,709,0
M,44,20000.0,679,0
M,27,70000.0,659,1
F,33,14600.0,690,3
M,30,32000.0,692,0
M,26,30000.0,679,0
M,25,30000.0,693,0
F,34,20000.0,679,0
M,21,55000.0,691,0
M,37,19500.0,682,0
M,30,20000.0,663,1
M,33,18500.0,681,0
M,40,12000.0,657,1
M,33,18000.0,678,0
M,48,43000.0,652,1
M,36,17500.0,683,2
M,49,30000.0,692,0
M,26,20000.0,666,0
F,35,100000.0,737,0
M,24,19000.0,687,0
M,36,20000.0,701,0
M,35,13000.0,683,0
M,23,12000.0,667,1
M,23,20000.0,662,0
M,30,20000.0,708,0
M,47,25000.0,676,6
M,32,43500.0,684,7
F,39,40000.0,659,1
F,55,31000.0,734,0
M,27,45000.0,662,2
M,34,45000.0,679,0
M,27,15000.0,680,1
F,34,17843.0,697,0
F,33,35000.0,692,0
M,29,20000.0,589,11
F,31,18000.0,696,0
M,29,22000.0,670,13
M,27,15000.0,703,1
M,37,30000.0,692,0
M,45,40000.0,673,0
M,28,25000.0,658,0
M,37,17000.0,681,0
M,30,40000.0,651,0
M,28,17000.0,683,0
M,36,22000.0,692,0
M,47,40000.0,692,0
M,26,20000.0,659,5
M,29,40000.0,664,3
M,58,14000.0,705,7
M,35,30000.0,692,17
M,34,16600.0,690,0
M,22,18000.0,665,0
M,27,35000.0,693,0
M,27,26500.0,679,0
M,22,10000.0,662,2
M,24,24000.0,684,0
M,29,24000.0,696,0
M,22,25000.0,685,0
M,32,25000.0,669,11
M,28,17000.0,655,1
M,28,23000.0,651,3
M,52,20000.0,684,0
M,29,20000.0,691,0
M,22,14000.0,679,0
M,23,10500.0,682,0
M,36,32000.0,690,0
M,35,100000.0,704,0
M,24,30000.0,665,5
M,48,34000.0,667,0
M,59,19000.0,680,3
F,51,35000.0,662,1
M,36,18000.0,660,0
M,30,20000.0,703,0
M,46,22500.0,683,6
M,39,22000.0,680,0
M,24,20000.0,695,0
M,32,24500.0,680,1
M,34,40000.0,674,8
M,33,15000.0,662,8
M,25,12500.0,670,6
M,41,18000.0,674,0
M,37,18500.0,732,0
M,33,19000.0,695,0
M,28,25000.0,645,1
M,35,25000.0,674,14
M,40,38000.0,676,3
F,43,25000.0,691,0
F,44,55000.0,681,7
M,22,10000.0,670,0
M,30,18000.0,667,0
M,28,55000.0,695,1
M,30,24000.0,680,0
M,30,20000.0,668,1
M,26,25000.0,657,0
M,28,19000.0,668,0
M,45,23000.0,670,0
M,40,20000.0,724,0
M,36,27854.0,668,0
M,32,15000.0,724,0
M,32,40000.0,695,4
M,41,11417.0,677,1
M,36,29000.0,687,0
M,47,20000.0,714,0
M,54,60000.0,700,0
F,32,18000.0,682,0
M,23,18000.0,655,0
M,28,18000.0,617,3
M,38,23000.0,663,2
F,33,27000.0,690,0
M,29,24000.0,690,0
M,37,40000.0,663,0
M,25,23000.0,707,0
M,54,25000.0,682,0
F,36,30000.0,658,6
M,29,28000.0,665,16
M,37,55000.0,649,2
M,46,25000.0,694,0
M,35,42000.0,692,0
M,25,15000.0,685,0
M,25,25000.0,674,0
M,24,50000.0,676,9
M,32,18000.0,690,0
F,33,10000.0,696,0
M,27,27000.0,700,0
M,40,25000.0,662,5
M,42,12000.0,713,0
M,41,12000.0,680,0
M,27,22000.0,665,0
M,51,32000.0,704,0
M,22,25000.0,681,0
M,58,35000.0,703,1
M,29,13200.0,639,0
M,25,25000.0,696,3
M,34,17000.0,669,0
M,41,18000.0,674,11
M,23,15000.0,677,0
M,33,26200.0,690,0
M,39,15000.0,695,2
M,25,20000.0,678,2
M,42,30000.0,684,0
M,32,25000.0,692,0
M,35,25000.0,677,0
M,24,20000.0,689,0
M,42,29000.0,669,0
M,29,40000.0,687,0
F,27,30000.0,656,1
M,24,25000.0,691,0
F,24,14000.0,704,0
M,34,27000.0,651,3
M,31,23400.0,672,0
M,23,350000.0,652,0
M,30,25000.0,666,0
M,42,23000.0,670,0
M,43,12000.0,692,3
M,21,26000.0,677,0
M,38,30000.0,697,0
M,45,28000.0,690,0
M,55,18000.0,702,0
M,37,35000.0,652,0
M,23,15000.0,650,0
M,37,30000.0,662,0
M,42,24000.0,720,0
F,39,15000.0,692,7
M,32,35000.0,681,4
M,26,25000.0,677,0
M,42,13500.0,693,10
F,25,10000.0,692,0
M,34,30000.0,682,0
M,29,23000.0,651,0
M,43,20000.0,693,0
M,45,85000.0,660,6
M,42,60000.0,707,0
M,38,20000.0,674,0
M,26,30000.0,669,0
M,53,100000.0,712,0
M,24,25000.0,688,0
M,23,29500.0,652,0
M,29,28000.0,688,0
M,29,26000.0,664,0
M,32,40000.0,709,3
M,48,20000.0,690,0
F,52,20000.0,668,6
M,24,17000.0,676,0
M,34,30000.0,692,0
F,43,9000.0,710,0
M,33,40000.0,673,0
M,33,25000.0,685,0
F,29,18000.0,668,0
M,40,30000.0,680,1
M,35,30000.0,668,0
M,34,11000.0,664,1
M,28,14000.0,703,4
M,65,20000.0,688,0
M,29,28000.0,645,0
M,34,40000.0,743,3
M,36,25000.0,711,4
M,29,14000.0,698,0
M,29,15000.0,689,0
M,26,25000.0,687,1
M,28,30000.0,702,0
M,26,30000.0,664,0
M,26,25600.0,670,0
M,37,15000.0,694,0
M,34,18600.0,706,0
M,44,50000.0,686,1
M,32,26000.0,692,0
M,32,30000.0,682,0
M,36,12500.0,680,13
M,21,18000.0,686,0
M,39,15000.0,701,0
F,37,40000.0,698,0
M,25,20000.0,682,0
M,29,15000.0,695,0
M,48,25000.0,685,0
M,25,50000.0,694,0
M,30,25000.0,710,0
M,42,12000.0,699,0
F,38,14000.0,664,1
M,51,65000.0,726,0
M,39,31000.0,702,3
M,34,37000.0,691,0
M,25,90000.0,665,0
M,28,40000.0,659,0
M,37,34000.0,650,0
M,39,22800.0,693,0
M,31,25000.0,680,0
M,37,23000.0,653,0
M,37,15000.0,692,0
M,51,24000.0,661,1
M,33,40000.0,706,1
M,29,20000.0,658,0
M,33,23000.0,666,0
M,58,15000.0,698,0
M,22,29000.0,646,9
M,27,35000.0,672,0
M,40,18000.0,673,0
F,31,35000.0,686,0
M,29,30000.0,660,20
M,47,20000.0,711,0
M,48,35000.0,739,0
F,36,13000.0,679,0
M,35,18000.0,672,0
F,36,12000.0,682,11
M,40,30000.0,687,0
M,35,15000.0,693,0
M,25,35000.0,703,0
M,55,20900.0,689,0
M,48,45000.0,690,0
M,34,15000.0,672,0
M,32,99000.0,693,5
M,34,19000.0,684,0
M,35,20000.0,698,0
M,39,75000.0,658,2
M,28,18000.0,691,0
M,37,15000.0,721,0
M,30,25000.0,701,0
M,37,18000.0,719,0
M,31,16000.0,677,0
M,33,15000.0,681,0
M,27,30000.0,654,3
M,34,12000.0,712,0
M,31,21000.0,675,0
M,39,25000.0,665,1
M,54,43000.0,679,0
M,31,18000.0,680,9
M,40,29000.0,709,14
M,28,25000.0,694,0
M,30,20000.0,681,0
M,56,40000.0,687,0
M,26,30000.0,653,0
M,40,20500.0,696,0
M,22,28000.0,689,0
F,36,15000.0,654,0
F,39,20000.0,697,0
M,28,33000.0,673,1
M,31,23000.0,688,0
M,49,30000.0,732,0
F,30,20939.0,697,0
F,38,32000.0,659,3
F,49,35000.0,705,0
M,23,25000.0,658,2
M,31,25000.0,671,0
M,23,25000.0,671,0
M,36,50000.0,669,11
M,52,40000.0,746,0
M,41,35000.0,668,0
M,57,27500.0,650,0
M,44,38000.0,699,5
M,37,18000.0,667,1
M,34,20000.0,705,0
M,28,30000.0,674,0
F,45,20000.0,683,0
M,28,75000.0,675,0
F,23,18500.0,690,0
M,24,30000.0,662,1
M,44,40000.0,691,0
F,37,16000.0,674,0
M,28,18000.0,659,0
M,51,28000.0,727,0
M,27,40000.0,655,0
M,35,11000.0,666,1
M,34,17000.0,706,0
M,32,14000.0,676,0
M,35,10000.0,691,0
M,27,26000.0,684,0
M,41,22000.0,705,9
M,23,25000.0,651,0
M,38,24000.0,674,3
M,25,18000.0,677,0
M,38,13000.0,679,0
M,33,11000.0,649,11
M,40,26000.0,678,3
M,22,12000.0,684,0
M,48,45000.0,689,0
M,30,23000.0,674,7
M,31,15000.0,672,15
M,30,12638.0,690,0
M,40,45000.0,669,0
M,30,50000.0,631,10
M,52,29000.0,695,0
M,38,30000.0,655,3
M,38,30000.0,654,2
M,46,20000.0,694,2
M,24,45000.0,678,0
M,28,35000.0,680,0
M,41,10000.0,661,1
M,38,11000.0,685,0
M,36,29500.0,643,0
M,31,22000.0,686,4
M,23,10000.0,670,0
M,37,25000.0,670,0
M,42,20000.0,687,0
M,30,15000.0,664,21
M,21,30000.0,669,8
F,54,19000.0,699,0
M,33,25000.0,694,0
M,40,37000.0,683,0
M,32,10000.0,721,0
M,44,23000.0,702,0
M,34,40000.0,686,0
M,49,70000.0,664,11
M,25,25000.0,664,1
F,33,12500.0,679,0
M,49,40000.0,729,0
M,34,10000.0,677,0
F,27,13000.0,664,0
M,35,19500.0,674,0
M,21,15000.0,690,0
M,41,25000.0,664,2
M,28,25000.0,676,35
M,30,17000.0,696,2
M,23,20000.0,688,0
M,25,10800.0,663,0
M,35,35000.0,714,0
F,39,35000.0,694,0
M,38,60000.0,685,0
M,23,25000.0,687,0
M,29,33000.0,664,0
M,31,17500.0,683,0
M,23,32000.0,659,5
M,42,43000.0,662,6
M,46,35000.0,681,1
M,32,29000.0,691,1
M,50,35000.0,674,0
M,37,20000.0,689,0
F,45,22000.0,701,0
M,33,20000.0,687,0
M,33,20000.0,654,1
M,28,12000.0,686,0
M,31,23000.0,673,0
M,30,20000.0,672,0
M,27,20000.0,650,0
M,37,32500.0,694,0
M,21,24000.0,687,0
M,55,60000.0,690,6
M,32,22500.0,680,0
M,42,42000.0,741,0
M,34,18000.0,677,1
M,26,16500.0,712,0
M,31,23000.0,676,0
M,30,20000.0,659,2
M,21,20000.0,688,0
M,29,25000.0,685,0
M,31,17000.0,695,4
M,32,21350.0,664,0
M,22,15000.0,666,0
M,52,35000.0,679,2
M,33,18000.0,657,3
M,32,20000.0,670,0
M,46,12000.0,693,0
M,26,20000.0,669,0
M,22,15000.0,671,0
M,39,20000.0,675,3
M,26,10000.0,661,1
M,29,25000.0,689,7
M,53,30000.0,687,0
M,52,66000.0,686,0
M,22,16300.0,657,0
M,29,29000.0,721,0
M,30,16500.0,668,0
F,40,10000.0,693,0
M,43,30000.0,680,0
M,30,30000.0,680,17
M,51,28000.0,733,21
M,26,35860.0,665,1
M,36,62000.0,724,0
M,23,19800.0,666,0
M,46,48000.0,734,0
M,28,12000.0,689,0
F,40,14000.0,672,1
M,36,25000.0,684,0
M,47,12500.0,685,0
M,26,25000.0,692,0
M,39,30000.0,672,0
M,23,35000.0,684,0
M,58,20000.0,697,0
M,34,14000.0,680,3
M,41,18000.0,672,0
M,43,20000.0,675,0
F,26,12000.0,671,0
M,25,22000.0,680,0
M,50,12000.0,680,0
M,25,35000.0,678,0
M,23,25000.0,631,0
M,28,29000.0,705,0
M,30,12000.0,674,0
F,42,25000.0,672,0
M,28,40000.0,680,0
F,49,15000.0,679,0
M,29,18500.0,673,0
M,27,30000.0,669,1
M,45,24000.0,690,0
M,35,50000.0,736,62
M,33,26000.0,687,1
M,27,19000.0,676,0
M,31,20000.0,667,0
M,34,18000.0,668,0
M,29,20000.0,666,5
M,37,32000.0,708,0
F,43,48000.0,727,0
M,25,38000.0,658,0
M,43,20000.0,689,0
M,29,25000.0,678,0
M,46,11000.0,703,3
M,43,27500.0,674,4
M,44,15000.0,752,0
M,27,22000.0,672,0
M,40,18000.0,681,0
M,33,20000.0,700,0
M,37,32000.0,662,7
M,33,30000.0,682,0
M,26,12000.0,697,0
F,30,15000.0,686,0
M,47,10000.0,662,6
M,35,20000.0,720,0
M,42,85000.0,721,4
M,52,28000.0,774,2
M,21,20000.0,670,0
M,23,25000.0,688,0
M,31,7600.0,654,2
M,22,12000.0,691,0
M,31,30000.0,689,0
F,42,28000.0,669,0
M,36,18000.0,700,1
M,35,50000.0,696,0
M,48,17000.0,717,0
M,25,25000.0,688,1
M,40,20000.0,697,0
M,24,30000.0,669,0
M,37,15000.0,670,0
M,32,20000.0,677,2
M,45,30000.0,692,0
M,37,23000.0,679,0
M,31,15000.0,707,0
F,29,30000.0,625,0
F,30,21000.0,672,0
M,29,32000.0,684,14
M,40,30000.0,638,5
M,31,19500.0,698,0
M,40,19000.0,672,1
M,30,22000.0,656,8
F,36,19000.0,678,2
M,43,30000.0,657,0
M,41,31000.0,670,8
M,42,17000.0,663,6
M,27,40000.0,704,0
M,35,37000.0,707,0
M,41,18500.0,683,0
M,39,39000.0,679,0
M,56,30000.0,687,0
M,30,29000.0,695,0
M,26,13000.0,669,0
M,39,11500.0,675,2
M,40,28000.0,720,0
M,31,13000.0,673,0
M,25,22000.0,684,2
M,27,14000.0,687,0
M,29,43500.0,681,0
M,44,25000.0,655,3
M,35,19500.0,705,0
M,24,30000.0,677,0
M,55,28000.0,712,0
F,38,15000.0,668,0
M,21,11000.0,676,0
M,31,25000.0,693,0
M,25,12000.0,686,0
M,25,21500.0,675,0
F,29,125000.0,666,0
F,31,30000.0,671,0
M,34,8000.0,681,0
M,34,24000.0,696,0
F,32,28500.0,676,0
M,48,15000.0,692,0
M,30,55000.0,696,0
M,38,48000.0,675,0
M,32,23000.0,694,0
M,34,25000.0,715,0
M,54,70000.0,681,0
M,26,12000.0,685,0
M,28,25000.0,677,0
M,26,20000.0,671,1
M,29,40000.0,677,1
M,33,25000.0,703,0
M,35,24000.0,697,3
M,27,21000.0,646,0
M,34,18000.0,674,0
M,24,17000.0,708,10
M,33,16000.0,680,0
M,35,40000.0,644,0
M,36,20000.0,686,0
M,22,30000.0,674,1
F,41,26000.0,703,0
M,30,10000.0,679,0
M,23,28000.0,666,0
F,38,26000.0,667,0
F,33,13000.0,698,0
M,48,17000.0,673,0
M,30,18000.0,670,0
M,25,32000.0,688,0
M,33,21000.0,708,0
M,41,30000.0,690,0
M,43,18000.0,662,0
M,53,35000.0,692,0
M,32,25000.0,691,5
F,23,13000.0,670,0
F,36,30000.0,701,0
M,35,15000.0,668,10
M,24,25000.0,645,6
F,54,15000.0,649,4
F,43,29000.0,642,2
F,38,9000.0,668,2
F,52,13000.0,665,0
F,27,30000.0,699,0
M,24,25000.0,626,0
M,28,25000.0,679,0
M,29,27000.0,665,0
M,25,19500.0,643,1
M,25,40000.0,682,0
M,30,12000.0,684,0
M,25,12000.0,625,0
M,25,16000.0,654,6
F,44,30000.0,699,0
M,26,17000.0,676,0
M,32,25000.0,660,3
M,23,30000.0,689,0
M,37,32000.0,705,0
M,58,38000.0,683,2
M,33,42000.0,666,0
M,32,20000.0,618,2
M,30,16000.0,656,0
M,28,43000.0,674,8
M,28,38000.0,658,16
M,21,16000.0,668,0
M,25,25000.0,658,1
M,34,28000.0,671,0
M,31,21500.0,675,3
M,40,32000.0,675,0
M,62,20000.0,693,0
M,33,14000.0,687,0
M,42,40000.0,716,0
M,40,70000.0,706,0
M,29,25000.0,689,0
M,22,18500.0,663,0
M,38,33000.0,675,0
M,42,55000.0,677,0
M,34,18000.0,675,12
F,37,25000.0,664,1
M,34,22000.0,640,6
M,26,11500.0,679,0
M,36,30000.0,683,5
F,39,35000.0,691,0
M,24,16000.0,671,0
M,49,30000.0,697,0
M,22,14500.0,658,0
M,40,28000.0,672,0
F,23,30000.0,681,0
M,52,24000.0,679,0
M,52,30000.0,692,0
M,56,17000.0,712,2
F,38,18500.0,686,0
M,39,20000.0,672,0
M,44,25000.0,652,1
M,39,24000.0,665,0
M,46,17000.0,684,3
M,25,17000.0,692,0
M,29,18000.0,679,0
M,24,20000.0,677,0
M,22,45000.0,678,0
F,27,50000.0,677,0
M,22,11500.0,681,0
M,33,18000.0,686,0
M,32,15000.0,680,0
M,29,16000.0,704,0
F,31,10000.0,679,2
M,28,19500.0,652,3
M,31,18500.0,673,0
M,24,40000.0,654,0
M,56,35000.0,702,0
M,30,65000.0,679,0
M,38,29000.0,663,0
M,48,20000.0,670,16
M,39,11000.0,689,0
M,26,20000.0,683,7
M,39,26800.0,707,19
M,33,17000.0,657,1
F,35,25000.0,680,0
M,47,35000.0,728,0
M,51,18600.0,697,0
M,39,28000.0,664,3
M,32,35000.0,689,0
M,22,12000.0,672,0
M,38,35000.0,673,0
M,61,45000.0,684,0
M,38,22000.0,684,0
M,33,25000.0,706,0
M,25,30000.0,669,0
M,48,28000.0,674,6
M,23,20000.0,680,0
M,28,35000.0,672,0
M,23,22000.0,684,2
M,26,12000.0,682,0
M,21,16000.0,664,0
M,36,32000.0,665,0
M,46,30000.0,642,0
M,38,18000.0,662,1
M,25,23000.0,679,0
M,29,30000.0,677,0
M,30,39000.0,680,0
M,30,45000.0,665,3
M,31,30000.0,712,0
F,59,30000.0,684,0
M,42,15000.0,675,0
M,28,16000.0,671,5
F,26,40000.0,727,1
M,21,12000.0,636,2
M,35,20000.0,681,0
M,44,25000.0,722,0
M,34,25000.0,680,0
M,25,18000.0,680,0
M,39,15000.0,731,0
M,38,12000.0,687,0
M,48,25000.0,731,0
M,32,38000.0,674,0
M,38,55000.0,731,20
M,30,13000.0,665,0
M,30,35000.0,679,0
M,39,20000.0,705,0
M,61,25000.0,669,0
M,23,13850.0,659,0
M,47,11000.0,698,0
M,46,19500.0,663,2
M,37,15000.0,675,0
F,39,18000.0,684,0
M,24,13200.0,681,0
M,32,30000.0,693,0
M,31,30000.0,681,2
M,49,30000.0,688,1
M,25,17000.0,664,15
M,34,22000.0,702,0
M,26,25000.0,663,4
M,33,18000.0,697,0
M,32,25000.0,698,0
M,40,35000.0,673,12
M,23,48000.0,692,0
M,42,20000.0,705,0
M,30,28000.0,690,1
M,35,25000.0,694,0
M,30,75000.0,658,3
M,31,30000.0,678,21
M,25,25000.0,691,0
M,26,30000.0,670,0
M,32,9500.0,685,20
F,52,16600.0,750,0
M,32,5000.0,672,2
M,46,30000.0,695,13
M,42,23000.0,666,0
M,25,15000.0,654,3
M,27,25000.0,670,4
F,24,20000.0,672,0
M,50,19000.0,711,0
M,26,25000.0,687,0
M,38,40000.0,691,0
M,26,32000.0,654,1
M,27,10000.0,679,0
M,27,12000.0,667,0
M,33,30000.0,664,8
F,32,33000.0,677,0
M,34,28000.0,689,0
M,28,15000.0,680,1
F,25,14000.0,679,0
M,33,22000.0,680,0
M,32,25000.0,677,0
M,41,19000.0,683,0
M,23,17000.0,669,1
M,32,30000.0,627,0
M,36,23000.0,706,0
M,44,30000.0,710,0
F,55,30000.0,699,0
M,39,15000.0,674,0
M,51,30000.0,697,0
M,28,12000.0,692,0
M,33,60000.0,676,2
M,37,29500.0,683,0
M,56,25000.0,692,1
M,47,23500.0,672,5
M,35,20000.0,682,0
M,32,29000.0,661,0
M,31,45000.0,681,7
M,28,16200.0,682,0
M,34,59000.0,675,8
M,26,14500.0,673,0
M,33,15000.0,654,1
F,40,30000.0,670,0
F,34,25000.0,680,2
F,34,12000.0,690,0
M,28,40000.0,660,1
M,39,3000.0,686,0
M,31,25000.0,689,0
M,25,20000.0,650,4
M,27,22000.0,649,1
M,23,25000.0,693,0
M,31,20000.0,690,0
M,33,22500.0,658,2
M,31,32000.0,638,0
M,27,18000.0,692,0
M,25,20000.0,687,0
F,24,15000.0,680,0
M,34,30000.0,701,17
M,26,18000.0,678,0
M,29,48500.0,702,0
M,61,30000.0,693,4
M,28,20000.0,687,15
M,31,15000.0,697,0
M,32,28500.0,675,0
M,38,85000.0,712,0
M,21,14200.0,667,0
M,48,22500.0,674,0
M,50,23000.0,703,0
F,28,38690.0,683,3
M,22,25000.0,651,1
M,40,38000.0,678,0
M,22,18700.0,688,0
M,28,12500.0,673,1
M,43,25000.0,667,1
M,44,30000.0,616,0
M,29,35000.0,696,0
M,43,29000.0,702,3
M,21,18000.0,677,0
M,26,75000.0,695,0
M,29,18000.0,695,0
M,37,75000.0,706,0
M,28,18000.0,667,1
M,33,35000.0,688,1
M,23,14062.0,672,0
F,27,30000.0,626,0
M,27,33000.0,641,0
M,30,23000.0,677,16
M,35,75000.0,706,0
M,32,23000.0,704,0
M,28,24000.0,700,2
M,30,30000.0,661,1
M,37,20000.0,696,0
M,43,13000.0,688,0
M,27,30000.0,677,0
M,46,13500.0,687,0
M,40,40000.0,695,0
M,29,20000.0,675,3
M,50,15000.0,676,0
M,44,32000.0,676,0
M,29,35000.0,692,0
M,53,55000.0,689,0
M,35,18000.0,652,0
M,46,35000.0,716,0
M,36,20000.0,679,0
M,29,18000.0,684,0
F,35,13000.0,684,0
M,22,25000.0,687,1
M,49,15000.0,675,41
M,28,22000.0,661,2
M,37,30000.0,755,11
M,31,19000.0,561,1
F,25,17200.0,658,0
M,36,14000.0,642,1
M,26,14000.0,691,0
M,42,40000.0,724,22
M,27,22000.0,668,0
M,30,20000.0,677,1
M,32,21000.0,682,1
M,27,42000.0,669,0
M,23,13000.0,690,0
M,25,20000.0,673,0
M,43,48000.0,687,30
M,26,30000.0,677,0
M,46,40000.0,731,0
M,24,50000.0,681,0
M,43,20000.0,675,0
M,32,32000.0,680,0
M,61,39000.0,672,7
M,44,16000.0,672,0
M,35,20000.0,685,0
F,31,15000.0,683,0
M,30,25000.0,690,0
M,21,35000.0,680,2
M,32,20000.0,696,0
M,28,15000.0,658,0
F,24,15000.0,632,1
M,46,30000.0,763,0
M,36,22000.0,650,0
M,36,50000.0,734,0
M,29,13000.0,678,0
M,27,18000.0,654,0
M,34,30000.0,659,1
M,22,25000.0,700,0
M,24,15000.0,669,3
M,43,11000.0,665,0
M,24,22000.0,678,0
F,41,15000.0,700,0
M,32,17500.0,690,0
M,31,52000.0,672,1
M,38,4500.0,673,0
M,48,29000.0,691,1
M,33,12000.0,694,1
M,23,20000.0,670,0
M,53,30000.0,731,1
M,22,24000.0,674,0
M,30,12000.0,682,0
M,35,25000.0,665,0
M,22,44000.0,663,0
M,42,21000.0,673,4
M,43,18000.0,656,2
F,33,15000.0,693,0
M,28,50000.0,674,0
M,45,25000.0,673,0
M,33,19000.0,676,0
M,23,30000.0,664,0
M,49,30000.0,663,5
M,29,25500.0,657,8
M,27,65000.0,661,5
F,31,13600.0,667,0
F,38,12000.0,660,1
F,27,20000.0,673,3
M,25,16000.0,673,1
M,23,18000.0,692,0
M,33,20000.0,692,0
M,34,40000.0,679,4
M,29,13500.0,672,0
M,23,12000.0,677,0
M,25,18500.0,678,9
M,30,15000.0,688,0
M,26,35000.0,683,0
M,23,10600.0,690,0
M,33,14000.0,681,7
M,23,19000.0,651,0
M,44,35000.0,667,1
M,39,25000.0,695,3
M,31,27000.0,653,5
M,43,25000.0,686,0
M,39,20000.0,725,2
M,28,25000.0,708,0
M,37,18000.0,672,0
M,23,17500.0,687,0
M,31,30000.0,654,2
M,47,22000.0,707,0
M,28,33000.0,662,0
F,35,13000.0,700,0
M,38,35000.0,683,8
M,28,16500.0,730,0
M,34,20000.0,707,0
M,48,45000.0,713,0
F,39,35000.0,702,0
M,28,23000.0,675,0
M,30,22000.0,669,2
M,21,45000.0,685,0
M,34,50000.0,663,19
M,39,30000.0,655,0
F,38,18000.0,681,0
F,32,35000.0,700,0
M,39,20000.0,691,0
M,37,25000.0,699,1
M,26,30000.0,682,0
M,46,48000.0,702,0
M,35,19000.0,674,0
M,21,30000.0,689,0
M,39,8000.0,672,11
M,33,25000.0,717,0
M,29,35000.0,680,0
M,30,15000.0,649,1
M,31,15000.0,699,0
M,36,22000.0,688,0
M,38,19000.0,679,0
M,45,24000.0,692,0
M,22,20000.0,673,11
F,36,45000.0,683,0
F,43,20000.0,687,0
M,35,18000.0,683,0
F,33,25000.0,661,0
F,33,15000.0,694,0
M,36,16000.0,661,0
M,35,30000.0,674,0
M,32,25000.0,693,0
F,35,15000.0,685,0
M,52,40000.0,690,0
M,22,12500.0,658,0
F,32,16000.0,658,0
M,36,42500.0,732,0
M,34,13000.0,680,8
M,36,25000.0,693,0
M,27,18000.0,688,0
M,26,13000.0,668,0
M,26,23000.0,647,0
F,31,25000.0,715,0
F,34,20000.0,658,1
M,24,25000.0,664,1
M,26,25000.0,682,0
M,44,40000.0,729,0
M,50,50000.0,678,0
M,26,18000.0,686,0
M,31,25000.0,704,0
M,37,11.0,732,3
M,34,27000.0,679,0
M,27,25000.0,678,0
M,41,35000.0,651,1
M,33,14250.0,700,12
M,48,25500.0,675,1
M,24,15000.0,676,0
M,33,18600.0,660,2
M,34,30000.0,692,5
M,34,10000.0,691,0
M,28,20000.0,654,0
M,22,25000.0,634,1
M,29,39875.0,585,0
M,57,22000.0,685,13
M,42,18000.0,689,0
M,35,26000.0,679,0
M,31,14000.0,657,0
M,39,29500.0,694,15
M,58,11000.0,694,0
M,29,23000.0,686,10
M,24,25000.0,637,2
M,46,18000.0,669,5
M,51,18000.0,681,0
M,46,22000.0,737,0
M,32,15000.0,670,0
M,22,55000.0,680,0
M,48,15994.0,698,0
M,34,20000.0,684,0
M,27,18000.0,676,0
M,37,35000.0,645,1
M,30,24500.0,682,0
M,35,18000.0,712,0
M,25,18500.0,652,2
M,53,50000.0,688,0
M,27,22000.0,666,6
M,46,18000.0,663,0
M,23,20000.0,687,0
M,27,47000.0,681,0
M,27,19000.0,684,0
M,22,20000.0,659,0
M,36,50000.0,692,0
M,49,20000.0,682,0
F,33,25000.0,685,0
F,34,14000.0,669,0
M,24,18000.0,658,0
M,40,21000.0,655,2
M,33,18000.0,659,3
M,29,30000.0,675,12
M,47,30000.0,707,0
M,34,31000.0,685,1
M,39,24000.0,650,0
F,52,37000.0,728,0
M,23,30000.0,689,0
M,27,45000.0,677,0
M,30,18000.0,688,0
M,38,18500.0,715,0
M,39,45000.0,689,0
M,32,15000.0,666,0
M,33,25000.0,689,0
M,40,20000.0,692,0
M,44,40000.0,683,0
M,46,32000.0,678,0
M,27,25000.0,670,0
M,25,35000.0,632,0
M,34,55000.0,685,0
M,27,22000.0,653,14
M,40,28000.0,671,0
M,21,16000.0,686,0
F,32,30000.0,692,0
M,43,16000.0,664,2
M,35,20000.0,663,2
M,24,14000.0,677,0
M,38,47000.0,710,0
M,37,13000.0,672,0
M,37,20000.0,666,0
M,25,25000.0,697,1
M,29,12500.0,723,2
M,40,29990.0,695,0
M,21,15000.0,666,1
M,31,15000.0,673,0
M,25,14000.0,685,0
M,24,10300.0,663,7
M,41,20000.0,661,0
M,41,47000.0,672,5
M,22,20000.0,666,5
M,46,65000.0,664,5
M,28,15000.0,674,9
F,33,23000.0,689,10
M,38,35000.0,688,0
M,44,15000.0,691,0
M,25,18500.0,653,0
M,52,14000.0,678,1
M,31,35000.0,667,1
M,51,25000.0,686,0
M,32,45000.0,715,0
M,40,26000.0,678,0
M,22,16900.0,637,1
M,37,32000.0,694,0
M,21,25000.0,661,1
M,47,30000.0,700,4
M,27,15000.0,689,0
M,33,35000.0,688,0
M,36,15000.0,696,0
M,40,16000.0,716,0
F,40,20000.0,676,0
F,29,15000.0,691,0
M,30,20000.0,677,0
M,30,18000.0,689,0
M,40,18000.0,710,0
M,26,30000.0,686,7
M,39,10000.0,699,0
F,25,35000.0,681,0
M,45,30000.0,700,1
M,40,23000.0,675,0
M,34,30000.0,680,5
M,42,20000.0,665,5
M,38,18000.0,703,0
M,38,35000.0,679,1
M,23,20000.0,664,0
M,28,16000.0,661,34
M,33,25000.0,678,0
M,48,25000.0,687,0
M,35,14000.0,650,12
M,35,12000.0,680,0
M,31,14500.0,676,0
M,53,35000.0,706,43
M,29,30000.0,662,1
M,32,13000.0,681,0
M,35,15500.0,720,0
M,32,31000.0,675,0
M,28,15000.0,692,0
M,22,31000.0,614,1
M,46,40000.0,696,0
M,25,30000.0,693,0
M,34,30000.0,673,2
M,44,30000.0,678,0
M,56,45000.0,687,0
M,21,23000.0,685,0
M,29,22000.0,685,0
M,48,30000.0,737,29
M,24,17000.0,664,0
M,41,17000.0,716,0
M,28,40000.0,703,0
M,40,30000.0,678,14
M,30,45000.0,685,0
M,32,44000.0,601,1
M,38,25000.0,688,0
M,42,25000.0,735,1
M,38,30000.0,706,0
M,25,20000.0,671,0
M,32,10000.0,700,0
M,38,35000.0,680,2
M,54,80000.0,696,0
M,36,30000.0,701,0
M,27,65000.0,652,2
F,33,13000.0,665,0
M,56,47500.0,699,0
M,21,14000.0,686,0
F,37,15000.0,686,0
M,21,17000.0,689,0
M,22,30000.0,680,0
M,34,40000.0,688,1
F,58,22000.0,726,0
M,46,17000.0,683,0
M,31,22000.0,673,0
M,23,23000.0,653,1
M,24,15000.0,673,0
M,33,20000.0,692,0
M,32,50000.0,647,4
M,27,25000.0,683,0
M,33,18000.0,686,0
M,39,20000.0,683,0
M,32,44000.0,671,0
M,33,22000.0,700,0
M,26,23000.0,682,13
M,31,24500.0,639,13
M,28,40000.0,692,0
M,36,25000.0,669,0
M,31,20000.0,653,16
F,25,13500.0,697,0
M,27,25000.0,670,0
M,27,40000.0,656,3
M,31,15000.0,690,0
F,46,50000.0,694,0
M,27,19500.0,652,5
M,41,19000.0,649,13
M,24,30000.0,680,0
M,41,70000.0,676,0
M,50,14000.0,660,8
M,27,17369.0,687,0
M,27,23000.0,689,0
F,60,27000.0,698,1
M,44,40000.0,678,3
M,33,20000.0,684,0
M,35,18000.0,701,0
M,29,45000.0,685,0
M,43,35000.0,689,0
M,29,20000.0,670,0
M,28,19000.0,661,2
F,34,16000.0,671,0
M,35,16000.0,679,0
M,32,18000.0,684,0
M,53,55000.0,690,7
M,43,18000.0,736,0
M,42,22000.0,677,6
M,27,15000.0,690,0
M,35,24000.0,673,0
M,43,20000.0,690,0
M,42,28000.0,664,0
M,53,15000.0,691,0
M,27,10000.0,693,0
M,28,15000.0,694,0
M,28,45000.0,687,0
M,43,18000.0,686,0
M,27,12000.0,657,2
M,32,30000.0,685,6
M,46,20000.0,673,1
M,24,30000.0,669,0
M,25,40000.0,665,1
F,24,11000.0,665,0
M,25,16000.0,697,0
M,28,23500.0,648,0
M,24,18000.0,663,0
M,51,25500.0,686,0
M,38,35000.0,689,0
M,31,20000.0,708,52
M,31,28000.0,652,2
M,21,13000.0,672,0
M,27,12500.0,635,0
F,48,20000.0,686,0
M,23,30000.0,657,1
M,60,22000.0,658,0
M,32,15000.0,692,0
M,31,30000.0,673,1
M,22,11000.0,690,0
M,25,20000.0,671,2
M,27,15000.0,678,0
M,39,40000.0,669,0
M,37,20000.0,679,0
M,25,22000.0,689,0
M,44,40000.0,700,0
M,32,18000.0,696,0
M,48,25000.0,692,0
M,28,30000.0,670,0
M,29,30000.0,693,0
M,30,26000.0,643,2
M,29,16000.0,678,0
M,24,20000.0,666,0
M,50,35000.0,689,0
M,28,16000.0,700,0
M,46,13500.0,657,4
M,22,20000.0,699,0
M,28,15000.0,680,0
M,32,23000.0,678,0
M,31,16000.0,676,4
M,31,15000.0,682,0
M,26,40000.0,658,0
M,53,13000.0,721,0
M,43,35000.0,681,1
M,23,17500.0,697,0
M,25,35280.0,685,1
M,22,35000.0,679,0
M,47,35000.0,702,0
M,33,30000.0,670,12
M,49,25000.0,705,0
F,43,15000.0,665,0
M,39,16085.0,687,0
M,27,30000.0,674,0
M,30,20000.0,688,8
M,36,33000.0,665,4
M,56,40000.0,683,0
F,26,25000.0,659,11
M,23,35000.0,680,0
M,25,14000.0,675,0
M,47,1000.0,715,0
M,36,45000.0,674,4
M,44,45000.0,670,0
M,25,57000.0,688,0
M,28,22000.0,665,0
M,35,18000.0,676,0
M,30,25000.0,683,0
F,29,8500.0,672,0
M,23,25000.0,684,1
M,37,42000.0,692,15
M,27,50000.0,691,0
M,45,50000.0,675,0
M,55,50000.0,680,0
M,25,30000.0,678,0
M,27,25000.0,679,0
F,43,45000.0,683,0
M,46,15000.0,679,0
M,24,30000.0,675,0
M,54,50000.0,683,0
M,24,21000.0,678,0
M,37,30000.0,681,0
M,25,18000.0,685,0
M,31,14000.0,676,0
M,40,25000.0,695,0
M,26,30000.0,633,4
M,43,22000.0,676,6
M,50,45000.0,697,14
M,34,17500.0,688,0
M,47,25000.0,676,2
M,49,27000.0,691,0
M,49,30000.0,666,0
M,23,21000.0,680,0
M,30,25000.0,681,0
M,26,25000.0,662,0
M,31,14000.0,702,8
F,39,20000.0,654,6
M,23,15000.0,684,0
F,36,18000.0,678,2
M,33,20000.0,685,0
M,27,12000.0,674,0
M,32,50000.0,649,3
M,28,16000.0,687,0
F,34,11000.0,696,0
M,38,50000.0,682,5
M,27,30000.0,677,16
M,42,45000.0,677,0
M,44,30000.0,675,8
M,44,18000.0,726,0
F,36,15000.0,682,0
M,34,35000.0,705,0
M,43,35000.0,691,0
M,29,15000.0,672,15
M,35,29000.0,654,0
M,23,40000.0,659,0
M,39,18000.0,687,0
F,29,25000.0,678,0
M,39,21000.0,690,0
M,36,55000.0,664,1
M,53,30000.0,703,0
M,27,52500.0,693,0
F,44,18000.0,678,6
M,34,15000.0,690,2
M,30,20000.0,691,0
M,21,35000.0,699,0
F,27,12000.0,672,0
M,32,35000.0,681,10
M,22,25000.0,672,0
M,26,19000.0,670,1
F,24,34000.0,677,0
M,43,25000.0,677,0
M,22,16000.0,682,0
F,34,10000.0,695,2
M,29,29000.0,640,10
M,32,26000.0,685,0
M,52,30000.0,689,0
F,41,30000.0,679,3
M,39,28000.0,681,5
M,26,40000.0,660,26
M,30,20000.0,669,2
M,27,20000.0,694,0
M,38,18500.0,689,17
M,23,20000.0,655,0
M,24,19000.0,670,1
F,43,28000.0,707,0
M,25,13800.0,651,0
M,43,22000.0,659,12
M,28,18000.0,672,1
M,47,20000.0,694,0
M,34,60000.0,610,1
M,34,75000.0,684,0
M,45,30000.0,720,0
F,37,15000.0,698,1
M,21,15000.0,666,0
M,33,23000.0,653,1
M,26,17000.0,680,0
M,38,25000.0,677,0
M,27,15000.0,675,0
M,41,27000.0,673,0
M,38,12876.0,695,0
M,35,25000.0,669,0
M,27,18000.0,663,0
M,41,23000.0,674,0
M,34,18500.0,718,0
M,31,50000.0,701,0
M,39,40000.0,688,0
M,38,25000.0,690,0
M,31,22500.0,695,0
M,38,16000.0,679,0
M,39,22000.0,692,0
M,54,27500.0,677,0
M,30,14500.0,729,0
M,24,10000.0,641,2
M,32,11000.0,675,0
M,31,19000.0,701,0
M,42,25000.0,692,0
M,26,25000.0,693,8
M,36,6500.0,684,0
M,34,20000.0,688,1
M,51,17800.0,686,0
M,41,20000.0,694,1
M,26,17000.0,638,16
M,24,20000.0,678,0
M,43,12000.0,684,0
M,41,22000.0,696,4
M,30,15000.0,693,0
M,28,30000.0,680,1
M,34,27000.0,685,0
M,30,17000.0,648,0
M,23,35000.0,664,0
M,21,12000.0,669,0
M,32,50000.0,661,2
M,30,30000.0,678,6
M,48,12000.0,714,0
M,25,25000.0,648,0
M,25,21000.0,652,0
M,32,50000.0,670,2
F,36,180000.0,681,0
F,54,20000.0,695,0
M,21,18000.0,677,0
M,28,12000.0,688,0
F,35,15000.0,660,0
F,30,45000.0,663,1
M,26,35000.0,657,0
M,35,20400.0,717,12
M,50,32000.0,728,0
M,33,32000.0,654,0
M,26,25000.0,678,0
M,32,35500.0,676,2
M,34,24000.0,701,8
M,52,15000.0,660,1
M,40,25000.0,689,0
M,36,24000.0,702,0
M,37,28700.0,688,0
M,41,23000.0,688,0
M,22,12000.0,683,0
M,33,45000.0,710,0
M,41,24000.0,636,1
M,22,30000.0,687,0
M,29,20000.0,711,0
M,34,11000.0,676,11
F,54,8000.0,688,0
M,52,20000.0,694,0
M,26,25000.0,668,0
F,24,15000.0,673,0
M,22,18000.0,674,0
M,36,25000.0,686,0
M,24,12000.0,665,0
M,27,12500.0,701,0
M,29,18000.0,694,0
M,59,45000.0,698,0
M,21,60000.0,682,0
M,28,20000.0,670,0
M,54,26000.0,686,0
M,39,35000.0,600,0
M,27,18500.0,663,0
M,29,18000.0,687,0
M,31,15000.0,690,0
M,30,15000.0,673,1
M,23,15000.0,660,0
M,21,12000.0,677,0
M,63,28600.0,693,0
F,26,15000.0,670,0
M,31,65000.0,682,0
M,27,24000.0,673,0
M,37,22000.0,689,0
M,21,20000.0,672,0
M,26,13000.0,685,0
M,30,39000.0,678,5
M,35,24000.0,677,0
M,32,40000.0,685,1
M,30,30000.0,673,0
M,35,35000.0,697,0
M,35,30000.0,679,4
M,22,25000.0,675,0
M,32,22000.0,678,0
M,24,11500.0,683,0
M,32,22000.0,702,0
M,23,28000.0,666,2
M,25,20000.0,675,0
F,28,15000.0,675,0
M,33,45000.0,708,0
F,44,17000.0,707,0
F,38,15000.0,682,0
M,33,32000.0,663,1
M,39,50000.0,676,0
M,27,13000.0,673,0
M,53,22000.0,691,0
M,45,23500.0,681,0
M,33,25000.0,679,1
M,35,14000.0,674,0
F,33,29000.0,681,0
M,31,38500.0,694,0
M,26,34000.0,671,0
M,46,24000.0,680,0
M,37,20000.0,687,0
M,27,20000.0,675,0
M,32,20000.0,675,0
M,28,26000.0,674,0
M,22,18000.0,682,0
M,38,60000.0,675,3
M,21,16000.0,688,0
M,42,30000.0,672,3
M,25,12000.0,677,0
M,21,35000.0,674,0
M,27,15000.0,616,13
M,31,28000.0,674,3
M,44,25000.0,667,0
M,24,38500.0,683,0
M,35,37000.0,676,0
M,25,20000.0,683,0
M,36,40000.0,678,0
M,36,15000.0,682,0
M,26,28000.0,707,2
M,44,35000.0,680,0
M,47,90000.0,694,0
M,31,18000.0,669,0
M,23,12000.0,683,3
M,29,70000.0,682,1
M,43,25000.0,693,0
M,22,15000.0,687,0
M,37,13000.0,656,1
M,32,27000.0,697,0
M,27,70000.0,707,0
M,33,20000.0,661,1
F,36,26000.0,696,0
M,26,16000.0,675,6
M,33,19000.0,671,1
F,33,20000.0,648,1
M,37,38000.0,739,0
M,49,24000.0,695,0
M,32,55000.0,685,8
M,40,25000.0,664,0
M,31,17000.0,718,0
M,38,25000.0,672,0
M,30,13000.0,680,1
F,25,20000.0,674,0
M,21,40000.0,670,0
M,49,21000.0,712,0
M,35,25000.0,655,5
F,24,11000.0,675,0
M,44,38000.0,683,0
M,34,33000.0,659,0
M,21,28000.0,657,0
M,36,14000.0,688,0
M,42,15000.0,683,0
M,34,28000.0,664,1
M,32,15000.0,679,0
F,58,40000.0,671,0
M,36,33790.0,692,0
M,23,30000.0,682,0
M,39,40000.0,698,13
M,48,62000.0,654,0
M,29,35000.0,672,7
F,28,22000.0,685,0
M,43,24000.0,668,2
M,27,25000.0,680,0
M,30,24000.0,707,0
F,41,25000.0,688,0
M,31,28000.0,687,0
M,25,17000.0,618,0
M,32,28000.0,671,0
M,52,23000.0,695,0
M,36,20000.0,672,0
M,23,11000.0,688,0
M,26,25000.0,694,0
F,28,30000.0,659,0
M,43,15000.0,697,0
M,49,15000.0,685,0
M,45,199000.0,676,0
M,28,9000.0,699,0
M,30,10000.0,674,0
M,24,27000.0,687,0
M,32,29500.0,697,0
M,43,13000.0,687,0
M,36,25000.0,674,7
M,28,13000.0,715,0
M,26,28500.0,649,2
M,38,13000.0,675,1
M,31,30000.0,677,0
M,28,13500.0,679,0
M,30,28000.0,697,1
M,27,25000.0,683,0
M,26,37000.0,665,0
M,43,17000.0,684,0
M,40,25000.0,726,0
M,28,25000.0,690,0
M,27,55000.0,665,0
M,29,13000.0,683,0
M,64,25990.0,718,0
M,37,34000.0,690,0
M,36,50000.0,687,0
M,31,20800.0,679,0
M,23,8500.0,673,1
M,38,35000.0,681,6
M,40,15000.0,710,8
M,52,35000.0,717,0
M,34,35000.0,691,2
M,29,24000.0,649,0
F,39,22000.0,667,4
M,43,16000.0,659,5
M,29,19000.0,690,0
M,29,20000.0,638,0
M,30,16000.0,673,0
M,67,25000.0,678,0
M,47,25000.0,649,0
M,34,25000.0,712,0
M,38,20000.0,712,0
M,32,20000.0,686,8
M,53,25000.0,691,0
M,40,15000.0,694,0
M,33,15000.0,687,0
M,26,27000.0,662,6
M,48,16000.0,675,1
M,29,15500.0,661,1
M,22,17200.0,680,0
M,26,42500.0,670,1
M,29,48000.0,688,0
M,54,22655.0,730,0
M,39,35000.0,675,0
F,45,20000.0,753,9
M,43,25000.0,667,2
M,25,40000.0,693,0
M,32,17000.0,745,3
M,43,20000.0,713,0
M,33,17000.0,678,0
F,28,58000.0,674,2
M,23,21000.0,671,2
M,23,22000.0,682,0
M,26,33000.0,616,3
M,30,36000.0,682,0
M,24,45000.0,697,19
M,34,18000.0,676,0
M,35,48000.0,675,0
M,42,30000.0,717,0
F,35,14000.0,694,0
F,49,29000.0,661,0
F,30,15000.0,673,6
M,39,26000.0,684,0
M,42,20000.0,643,0
M,27,22000.0,673,0
F,31,15000.0,670,0
M,28,13000.0,684,1
M,60,17000.0,685,0
M,41,15000.0,656,4
M,22,20000.0,681,1
M,39,18000.0,681,0
M,23,20000.0,669,0
F,34,12000.0,672,0
M,30,25000.0,655,2
M,25,55000.0,682,14
M,31,19500.0,664,1
M,52,38000.0,715,0
M,30,60000.0,679,0
M,37,35000.0,689,0
M,27,15300.0,666,0
M,30,28500.0,682,20
F,39,20000.0,683,0
M,30,8600.0,698,0
M,28,24000.0,652,1
M,30,18000.0,666,0
M,36,20000.0,669,1
M,42,15000.0,715,0
M,51,30000.0,721,9
M,24,20000.0,686,2
M,37,18000.0,686,0
M,30,18000.0,662,14
M,34,18000.0,657,2
M,23,60000.0,646,0
F,40,10000.0,687,0
M,35,25000.0,656,1
M,24,20000.0,683,0
M,37,30000.0,648,0
M,41,20000.0,715,0
M,33,55000.0,705,0
M,25,16000.0,654,17
M,33,18000.0,671,0
M,23,18000.0,687,0
M,47,80000.0,664,0
M,30,15000.0,675,3
M,39,35000.0,643,0
M,35,50000.0,680,0
M,41,65000.0,673,1
M,30,40000.0,678,0
F,29,20000.0,683,0
M,28,16000.0,683,0
M,42,20000.0,647,6
F,30,20000.0,671,0
M,33,90000.0,668,6
M,35,25000.0,647,5
M,54,48000.0,669,1
F,22,35000.0,666,0
M,33,16000.0,658,1
F,39,32000.0,686,0
M,31,30000.0,664,3
M,35,20000.0,675,0
M,30,15000.0,696,0
M,34,25000.0,675,0
M,24,20000.0,676,0
M,56,28000.0,672,0
F,32,25000.0,661,0
M,32,60000.0,653,26
M,32,45000.0,703,11
M,28,23000.0,690,0
F,58,25000.0,685,0
F,26,38500.0,657,0
M,31,18000.0,691,0
M,31,20000.0,703,0
M,22,17250.0,680,0
M,30,26000.0,708,0
M,45,40000.0,717,0
M,38,16000.0,678,0
M,21,19000.0,670,0
M,46,22000.0,684,0
M,58,28000.0,708,0
F,31,62000.0,687,0
M,32,30000.0,690,2
M,32,40000.0,656,2
M,39,18000.0,687,0
M,49,52000.0,694,3
F,41,25000.0,669,2
M,48,164491.0,685,14
F,46,35000.0,689,0
M,31,16000.0,689,0
M,22,25000.0,673,0
M,38,9000.0,684,0
M,30,18300.0,671,0
M,45,46000.0,681,13
M,40,25000.0,670,0
M,33,22000.0,693,0
M,33,19000.0,650,0
M,24,39000.0,641,0
F,27,45000.0,669,1
M,32,35000.0,711,0
M,29,36500.0,691,0
M,40,37000.0,692,0
M,36,25000.0,669,0
M,26,15000.0,688,0
M,35,25000.0,655,3
M,36,25000.0,682,0
M,21,20000.0,686,0
F,53,9810.0,698,0
M,37,22000.0,673,0
M,23,25000.0,684,0
M,36,21000.0,640,3
M,44,19000.0,700,0
M,25,25000.0,675,0
M,31,45000.0,658,0
F,28,18000.0,651,2
M,24,15000.0,672,11
M,24,20000.0,667,0
M,24,16500.0,687,0
M,25,49000.0,681,0
F,33,45000.0,691,6
M,27,32500.0,666,0
M,24,39000.0,666,0
M,59,19000.0,636,4
M,49,20000.0,732,0
M,24,30000.0,682,3
M,29,25000.0,689,0
M,43,38000.0,682,0
M,25,38800.0,677,0
F,29,12000.0,680,0
M,29,27000.0,699,0
M,46,27000.0,695,0
F,33,40000.0,681,0
M,43,50000.0,681,0
M,44,48000.0,703,0
M,21,19000.0,682,0
M,37,45000.0,690,0
M,29,22000.0,678,0
M,24,24000.0,690,0
M,31,25000.0,678,0
F,29,13500.0,671,0
M,36,30000.0,689,0
M,40,15000.0,691,0
M,35,15000.0,690,0
M,40,28000.0,687,1
M,26,50000.0,664,2
M,41,120000.0,727,0
M,28,35000.0,689,2
M,58,24000.0,687,9
M,25,13500.0,672,2
F,45,12000.0,717,0
M,51,19000.0,690,0
M,25,45000.0,683,0
M,30,35000.0,684,0
M,23,18000.0,699,0
M,25,15000.0,698,0
M,25,18000.0,655,1
M,22,22000.0,629,0
M,41,35000.0,664,1
M,49,28000.0,676,1
M,41,45000.0,659,0
M,42,40000.0,676,0
M,38,95000.0,683,0
F,33,38500.0,675,0
M,37,21000.0,717,0
M,25,20000.0,682,0
M,27,34000.0,696,0
M,45,50000.0,624,8
M,41,30000.0,677,0
F,46,18000.0,692,0
M,40,10000.0,683,0
M,25,25000.0,672,0
F,23,14000.0,673,0
M,23,20000.0,673,9
M,26,25000.0,678,0
M,25,20000.0,657,1
M,32,25000.0,682,0
M,26,31500.0,678,0
M,45,18000.0,684,0
M,55,40000.0,686,0
F,21,47000.0,679,0
F,30,35000.0,683,0
M,23,11000.0,673,0
M,33,18500.0,654,0
M,36,23400.0,693,8
M,27,43000.0,693,0
M,29,41000.0,660,0
M,34,20000.0,672,0
M,43,35000.0,726,14
M,24,21000.0,676,0
F,34,20000.0,704,0
M,35,30000.0,686,0
M,30,14500.0,698,1
M,27,16000.0,682,0
M,32,35000.0,656,1
F,37,10000.0,680,0
M,34,50000.0,711,0
M,38,18000.0,689,0
M,34,12000.0,668,1
M,25,14000.0,677,0
M,21,25000.0,683,0
M,23,15000.0,672,0
M,36,40000.0,686,0
F,22,10000.0,656,0
M,64,23000.0,674,0
M,33,30000.0,678,0
M,26,12000.0,671,0
M,48,14000.0,690,0
F,37,25000.0,688,5
M,28,33000.0,691,0
M,42,24000.0,674,4
F,36,55000.0,698,0
M,43,28000.0,711,0
M,54,28000.0,697,0
M,31,13000.0,711,6
M,27,20000.0,682,4
M,30,30000.0,670,0
M,23,19000.0,657,0
M,30,33000.0,635,0
M,26,42000.0,664,13
M,34,30000.0,661,0
M,37,42500.0,677,0
F,41,20000.0,663,1
M,59,13500.0,670,2
M,24,20000.0,656,0
M,22,15000.0,696,0
M,46,32000.0,686,13
M,22,23000.0,585,1
M,31,30000.0,661,1
M,29,17500.0,677,0
M,42,20000.0,695,24
F,49,17900.0,687,0
M,35,35000.0,669,0
M,30,45000.0,681,0
M,23,35000.0,670,0
M,33,23500.0,678,0
M,26,17000.0,658,2
F,34,23000.0,678,0
M,39,33000.0,681,0
M,42,30000.0,716,0
M,38,16000.0,703,0
M,25,18000.0,677,5
M,33,13500.0,691,0
M,24,35000.0,659,0
M,46,20000.0,680,0
M,41,12000.0,678,4
M,35,20000.0,684,3
M,38,40000.0,674,0
M,42,17000.0,686,1
M,46,25000.0,715,0
M,31,17800.0,684,0
M,27,20000.0,682,0
M,29,20000.0,713,0
M,29,15000.0,656,0
M,39,39580.0,692,0
M,32,22000.0,694,0
M,21,21500.0,683,0
M,27,35000.0,630,3
M,32,15000.0,667,13
M,34,30000.0,678,3
M,40,15000.0,651,6
M,29,80000.0,667,1
M,28,15000.0,668,0
M,44,22000.0,651,4
M,23,42000.0,611,0
M,28,19000.0,673,1
M,38,30000.0,663,13
M,24,30000.0,648,0
M,32,40000.0,692,0
M,38,16000.0,680,0
M,45,25000.0,685,2
M,50,20000.0,662,0
M,31,13000.0,680,0
M,31,30000.0,680,0
M,44,35000.0,697,0
M,43,40000.0,755,0
M,36,15000.0,688,0
M,27,20000.0,700,0
M,29,25000.0,642,0
M,23,17000.0,678,0
F,28,18000.0,680,0
M,34,16000.0,672,0
M,24,28000.0,622,0
M,32,26000.0,677,1
M,33,14000.0,689,0
F,43,10.0,674,0
M,50,43000.0,741,0
F,38,18200.0,684,0
M,41,25000.0,681,0
M,24,25000.0,680,0
M,32,25000.0,731,0
F,35,25000.0,656,3
M,34,32500.0,749,0
M,28,21000.0,663,12
M,34,35000.0,693,7
M,34,25000.0,667,2
M,32,50000.0,656,0
M,29,24000.0,675,0
M,39,21700.0,701,0
M,25,20000.0,659,0
M,27,13500.0,684,0
F,36,40000.0,671,1
M,55,44567.0,691,0
M,52,25000.0,670,1
M,44,30000.0,717,0
M,23,20000.0,648,1
M,29,20000.0,668,0
M,26,35000.0,671,2
M,25,18000.0,628,1
M,30,30000.0,692,11
M,42,25000.0,680,0
M,37,16000.0,706,0
M,34,29500.0,646,12
M,24,20000.0,656,1
M,37,15000.0,672,0
F,24,20000.0,676,0
M,44,14000.0,683,0
M,24,28000.0,660,0
M,37,20000.0,657,1
F,40,48000.0,673,0
M,22,15000.0,680,0
M,32,13000.0,652,0
M,41,40000.0,683,0
M,32,18000.0,678,0
M,48,15000.0,664,3
M,25,17000.0,684,0
M,33,25800.0,663,0
M,32,13000.0,688,0
M,30,24000.0,675,5
M,29,15000.0,696,0
F,38,9000.0,673,0
M,25,27000.0,683,8
M,44,24000.0,668,0
M,46,25000.0,673,0
M,45,40000.0,672,0
F,54,24000.0,679,0
M,61,25000.0,728,0
M,29,19500.0,674,9
F,26,15000.0,644,1
M,30,37000.0,677,0
M,40,34000.0,704,0
M,38,32500.0,729,0
M,38,35000.0,715,0
M,38,20000.0,660,0
M,25,17000.0,671,0
F,44,14500.0,657,0
M,22,20000.0,666,0
M,41,40000.0,676,8
F,34,45000.0,673,0
M,30,30000.0,684,0
F,31,17000.0,691,0
M,37,25000.0,685,0
M,29,20000.0,651,1
F,26,20000.0,670,0
M,36,21100.0,700,0
M,26,12000.0,679,2
M,25,35000.0,675,0
M,39,15000.0,688,0
M,41,30000.0,672,0
M,40,20000.0,697,4
M,51,30000.0,716,1
M,35,42600.0,680,0
M,27,30000.0,673,0
M,24,20500.0,673,0
M,30,45000.0,647,0
M,31,13000.0,645,1
M,34,20000.0,687,0
M,32,20000.0,701,0
M,27,25000.0,696,0
F,36,20000.0,688,12
M,29,13000.0,670,2
M,42,20000.0,672,0
M,50,22000.0,767,0
M,22,22000.0,674,0
M,23,20000.0,664,0
M,34,25000.0,663,0
M,26,20000.0,675,0
F,35,15000.0,669,1
F,40,23000.0,658,2
M,29,16000.0,669,0
M,41,30000.0,659,21
M,60,17500.0,723,0
F,34,25000.0,655,0
M,35,10000.0,682,0
M,31,19999.0,655,0
M,49,20000.0,669,0
F,25,23000.0,676,0
M,40,20000.0,653,0
M,30,52000.0,719,0
M,24,12000.0,665,0
M,31,14800.0,714,0
M,34,20000.0,698,1
F,29,15000.0,697,0
M,43,19000.0,657,5
M,43,38164.0,680,8
M,21,23000.0,670,0
M,40,40000.0,684,0
M,31,25000.0,681,0
M,24,35000.0,675,0
M,43,12000.0,682,0
F,44,18000.0,687,0
M,47,45000.0,686,0
M,22,20000.0,672,2
M,29,27000.0,692,2
M,45,10000.0,678,0
M,25,27000.0,665,0
M,31,35000.0,718,0
M,26,15000.0,677,0
M,23,40000.0,676,0
M,28,19000.0,677,0
F,48,31000.0,701,0
M,34,16050.0,675,0
M,34,50000.0,679,0
M,37,16500.0,649,3
M,23,20000.0,668,5
M,25,15000.0,684,0
M,33,14000.0,664,3
M,35,21000.0,690,0
M,39,25000.0,699,2
M,22,16000.0,667,0
M,35,24500.0,697,0
F,37,20000.0,672,0
M,34,23000.0,653,0
M,25,28000.0,652,6
M,31,18000.0,654,0
M,21,11300.0,677,0
M,36,20000.0,692,0
F,27,20000.0,698,0
M,34,26000.0,648,6
M,27,20000.0,678,0
M,27,30000.0,671,0
M,29,18000.0,666,1
M,23,18000.0,663,2
M,36,12000.0,673,0
M,40,18000.0,691,0
M,24,17000.0,678,0
M,22,9568.0,666,0
M,21,14000.0,706,0
M,34,40000.0,711,0
M,44,52000.0,701,0
M,25,50000.0,671,1
F,43,13000.0,668,0
M,40,20400.0,689,0
M,22,25000.0,670,0
M,26,95000.0,670,0
F,29,15000.0,678,0
F,40,16000.0,731,0
M,28,20000.0,666,0
M,22,27000.0,674,0
F,27,18000.0,650,1
M,25,60000.0,693,0
M,32,17000.0,662,12
M,38,19000.0,676,0
M,65,10000.0,719,0
M,56,10000.0,688,0
M,28,18500.0,686,0
M,35,37000.0,686,0
M,24,22000.0,659,0
M,28,95000.0,702,0
M,21,15000.0,672,5
M,33,20000.0,661,0
M,25,9000.0,681,0
M,28,28000.0,675,11
M,25,55000.0,685,0
M,31,30000.0,687,0
M,23,35000.0,670,0
M,25,24000.0,666,0
M,48,120000.0,652,4
M,36,85000.0,671,12
F,21,20000.0,690,9
M,33,15000.0,676,0
M,44,24044.0,743,0
M,33,27000.0,686,0
M,33,18600.0,725,0
M,36,25000.0,657,9
M,40,22000.0,663,0
M,53,28000.0,681,1
M,26,15000.0,666,0
M,21,25000.0,689,0
M,29,12000.0,702,0
M,26,38000.0,663,6
M,44,25000.0,702,0
M,31,20000.0,678,0
M,29,25000.0,665,0
M,57,30599.0,673,16
M,24,21000.0,651,1
F,40,15000.0,689,0
M,41,28000.0,674,0
F,23,16000.0,687,0
M,25,24800.0,684,0
M,39,48000.0,636,0
F,31,20000.0,688,0
M,38,12000.0,665,0
M,24,11000.0,678,0
M,32,22000.0,654,3
M,28,22000.0,659,0
M,27,15000.0,667,0
M,38,24000.0,691,0
M,41,28500.0,687,6
M,50,54000.0,673,14
M,28,32000.0,674,0
M,58,35000.0,694,11
M,34,35000.0,678,3
M,40,15000.0,688,0
F,38,14000.0,687,0
M,47,18000.0,683,0
M,31,34500.0,678,0
M,35,49000.0,690,0
M,48,27000.0,686,1
M,25,15000.0,681,0
M,30,20000.0,668,0
M,39,18500.0,682,0
M,39,25000.0,680,0
F,34,18000.0,693,13
M,41,34000.0,678,0
M,46,35000.0,712,0
M,31,48000.0,697,5
M,39,24900.0,690,2
M,43,30000.0,699,0
M,32,10000.0,683,0
F,30,15000.0,685,0
M,35,20000.0,695,2
F,22,10000.0,689,0
M,34,40000.0,672,2
M,38,11500.0,670,1
M,21,20000.0,682,0
M,32,35000.0,675,0
M,33,13800.0,682,0
F,25,19300.0,667,0
F,49,29000.0,654,0
M,30,8017.0,668,0
M,48,43000.0,694,4
M,41,33000.0,660,7
M,33,28000.0,682,0
M,38,15000.0,681,1
F,39,20000.0,700,0
M,49,38023.0,698,0
M,29,21000.0,663,0
M,24,24000.0,683,0
M,26,15000.0,688,0
M,21,20000.0,680,0
M,25,42822.0,690,0
F,31,10500.0,670,4
M,32,13000.0,700,0
M,36,55000.0,655,1
M,27,22000.0,662,0
M,34,16000.0,670,9
M,35,25000.0,689,0
M,23,41500.0,647,10
M,30,28000.0,668,0
M,25,20000.0,654,1
M,23,10000.0,664,0
M,29,20000.0,640,0
M,30,28000.0,664,0
M,34,15000.0,678,3
M,21,30000.0,668,0
M,25,20000.0,682,0
M,38,15000.0,658,4
M,21,21700.0,664,1
M,31,15000.0,670,0
M,51,38000.0,699,0
M,43,42000.0,680,17
M,61,30000.0,687,0
M,22,13000.0,659,0
F,36,25000.0,662,0
M,27,30000.0,671,0
M,25,15000.0,634,6
M,37,30000.0,681,0
M,29,40000.0,671,0
M,45,25000.0,656,1
F,55,25000.0,675,0
M,39,25000.0,684,0
M,38,25000.0,714,19
M,22,16000.0,686,0
M,29,12000.0,686,0
M,45,30000.0,735,0
M,25,30000.0,654,3
M,56,40000.0,705,0
M,40,30000.0,674,12
M,37,27000.0,746,2
M,31,21000.0,648,19
M,29,20000.0,687,0
M,27,25000.0,657,5
M,30,25000.0,686,0
M,46,30000.0,689,0
M,42,15000.0,717,0
F,39,19000.0,715,0
M,40,35000.0,694,0
M,30,32000.0,676,0
M,64,30000.0,732,0
M,23,18000.0,665,7
M,41,22000.0,682,0
M,28,16000.0,633,4
M,21,25000.0,667,0
F,27,30000.0,665,0
F,45,30000.0,670,0
M,31,20000.0,665,0
M,49,23000.0,654,1
M,28,14800.0,681,0
M,38,29000.0,675,0
M,23,24000.0,679,0
M,42,11000.0,708,0
M,37,24000.0,696,5
M,47,24000.0,708,0
M,51,50000.0,674,0
M,30,23000.0,709,0
M,26,30000.0,655,0
M,46,33500.0,682,15
M,35,11000.0,691,0
F,41,20000.0,673,0
F,30,35000.0,660,0
M,25,21000.0,676,0
M,24,17000.0,696,0
M,32,15000.0,682,0
M,27,30000.0,662,1
M,38,25000.0,679,3
M,32,25000.0,675,0
M,30,12850.0,667,4
F,36,15000.0,710,0
F,50,22500.0,670,4
M,60,25000.0,693,0
M,45,15000.0,681,0
M,26,20000.0,668,0
M,25,8000.0,678,0
M,42,28000.0,679,2
M,54,45000.0,678,0
M,31,25000.0,698,0
M,27,19500.0,693,0
M,43,36000.0,671,0
M,50,28500.0,715,0
M,51,55000.0,689,0
M,21,15000.0,674,3
M,21,30000.0,613,0
M,32,35000.0,684,0
M,28,20000.0,695,0
M,38,30000.0,676,1
M,42,16000.0,682,0
M,31,30000.0,676,0
M,46,20769.0,687,0
M,24,35000.0,663,0
M,35,23000.0,678,13
M,55,30000.0,684,0
M,33,30000.0,635,1
M,24,40000.0,678,0
M,31,11000.0,672,0
M,24,20000.0,632,0
M,33,11000.0,658,0
M,38,25000.0,690,0
M,26,27000.0,662,0
M,27,28000.0,669,0
M,31,18000.0,719,0
M,36,19200.0,678,0
M,44,37000.0,727,2
M,21,30000.0,644,1
M,32,30000.0,660,3
M,38,50000.0,701,0
M,30,50000.0,569,0
M,41,15000.0,679,0
M,35,40000.0,665,0
M,41,25000.0,687,0
M,25,25000.0,684,0
M,42,40000.0,675,0
M,43,28990.0,641,16
M,51,17500.0,688,0
M,30,35000.0,671,21
M,21,12000.0,662,1
M,40,18000.0,671,0
M,40,36000.0,710,7
M,36,15000.0,697,0
M,21,20000.0,671,6
M,57,34000.0,677,0
M,27,13000.0,676,0
M,28,12000.0,685,0
M,21,17000.0,686,0
M,22,11000.0,662,0
M,58,25000.0,689,0
M,26,18000.0,638,0
M,38,13000.0,688,0
M,28,23500.0,632,9
M,28,25000.0,682,0
M,37,45000.0,680,7
M,25,18800.0,682,0
M,27,20000.0,712,0
M,22,19000.0,660,2
M,33,27000.0,680,0
M,49,16400.0,680,0
M,30,18000.0,674,0
M,38,35000.0,681,0
F,45,15000.0,685,0
M,46,15000.0,688,0
M,56,60000.0,704,0
M,43,38000.0,685,0
M,27,16000.0,677,0
M,52,24000.0,651,1
M,38,30000.0,694,0
M,33,14387.0,683,14
M,27,35000.0,627,0
M,33,15000.0,625,10
M,39,35000.0,714,12
M,39,20000.0,665,1
M,38,18000.0,700,0
M,30,35000.0,686,7
M,32,18000.0,709,0
M,33,22000.0,675,11
M,41,16500.0,675,0
M,32,60000.0,688,0
M,52,35000.0,673,0
M,46,25000.0,700,0
M,22,18500.0,687,0
M,31,17000.0,689,0
M,25,25000.0,640,4
M,54,40000.0,775,0
M,24,30000.0,681,0
M,23,12000.0,696,0
M,26,18000.0,669,0
M,26,23000.0,699,0
M,42,50000.0,685,0
F,29,32000.0,642,3
M,30,35000.0,669,0
M,38,35000.0,664,1
M,40,20000.0,660,0
M,46,28000.0,683,0
M,37,23000.0,668,4
M,25,22000.0,657,0
M,28,17000.0,684,3
M,25,20000.0,680,0
M,25,25000.0,677,1
M,24,15000.0,673,0
M,28,17000.0,681,0
M,61,75000.0,690,0
F,41,22000.0,670,0
M,43,30000.0,675,2
M,41,35000.0,654,7
M,32,30000.0,701,0
M,24,24000.0,665,0
M,30,25000.0,704,0
M,37,35000.0,661,0
M,29,30000.0,678,0
M,47,30000.0,653,0
M,39,15000.0,691,0
M,36,8000.0,654,5
M,23,15000.0,673,0
M,43,25000.0,666,0
M,41,49000.0,723,17
F,30,25000.0,683,7
M,45,24000.0,672,3
M,54,12000.0,682,0
M,30,18000.0,700,0
M,29,25000.0,692,0
F,26,35000.0,679,0
M,41,32000.0,684,0
M,22,15000.0,687,0
M,35,26000.0,705,7
F,41,17000.0,669,0
M,26,20000.0,696,0
M,33,23000.0,682,0
M,45,16000.0,666,2
M,36,40000.0,672,1
F,29,18000.0,684,0
M,39,20000.0,673,0
M,49,18000.0,693,0
M,43,25000.0,680,0
M,38,55000.0,672,0
M,50,28000.0,682,0
M,23,23000.0,667,0
M,41,30000.0,657,0
M,30,27800.0,677,0
M,27,30000.0,693,0
M,42,20000.0,670,0
M,52,65000.0,666,1
M,28,12000.0,690,0
M,31,18000.0,652,1
F,37,13000.0,679,0
F,58,20000.0,684,0
M,25,28000.0,668,0
M,35,17000.0,694,0
M,28,25000.0,699,0
M,31,25000.0,650,0
M,30,25000.0,687,0
M,26,34000.0,674,13
M,42,18000.0,684,0
M,37,11000.0,708,0
M,32,21000.0,701,0
M,34,15000.0,670,0
M,48,60000.0,672,4
M,29,42500.0,687,0
F,38,35000.0,681,0
M,44,16500.0,667,0
M,24,15000.0,657,0
M,44,30000.0,691,1
F,25,18000.0,679,0
M,44,55000.0,691,0
M,22,22300.0,663,2
M,24,68000.0,678,0
M,22,58000.0,664,0
M,27,18000.0,727,2
M,42,40000.0,677,0
M,28,22000.0,679,0
M,22,18000.0,692,0
M,31,15000.0,676,0
M,30,15000.0,677,0
F,42,18000.0,682,0
M,36,40000.0,669,6
M,23,25000.0,661,0
M,22,25000.0,664,0
M,37,14000.0,690,0
M,31,40000.0,670,7
M,33,22000.0,697,0
M,22,21000.0,678,0
M,35,30000.0,668,0
M,41,25000.0,670,0
M,34,23000.0,681,0
F,23,20000.0,674,0
M,44,46490.0,685,0
M,30,18000.0,675,3
M,37,20000.0,665,0
M,33,8000.0,680,0
M,28,35000.0,681,0
M,60,45000.0,704,5
M,32,18000.0,676,1
M,24,20000.0,682,0
M,24,20000.0,694,1
M,49,70000.0,663,1
F,39,13000.0,683,0
M,38,20000.0,723,0
M,29,12000.0,675,0
M,36,25000.0,670,0
M,25,22000.0,675,0
M,34,32000.0,658,1
M,44,20000.0,676,3
M,23,19800.0,656,0
M,50,40000.0,706,3
M,21,22000.0,679,0
M,34,20000.0,661,2
M,27,9500.0,678,0
F,47,17000.0,696,3
M,29,28500.0,689,0
M,27,25000.0,649,0
M,37,42000.0,692,8
M,40,30000.0,681,9
M,35,15000.0,688,0
M,26,12000.0,664,3
M,30,12000.0,690,0
M,23,23000.0,659,1
M,33,25000.0,658,0
M,45,61658.0,686,0
M,27,20000.0,670,2
M,29,15500.0,666,0
M,36,24000.0,679,21
M,22,18000.0,660,1
M,22,13600.0,667,0
M,22,15000.0,678,4
M,38,22000.0,680,0
M,29,18000.0,686,0
F,34,11500.0,681,0
M,27,30000.0,668,0
M,24,15500.0,666,1
M,27,50000.0,682,0
M,38,28400.0,672,0
F,42,14000.0,682,0
M,30,17000.0,692,0
M,26,24000.0,671,0
M,28,38000.0,701,0
M,32,30000.0,664,0
F,29,22000.0,698,0
F,33,20000.0,730,0
M,28,25000.0,662,0
M,46,24000.0,720,0
M,32,65000.0,674,1
M,21,16000.0,689,0
F,42,25000.0,692,0
M,35,14000.0,671,0
F,38,30000.0,672,0
M,29,23500.0,696,0
M,43,25000.0,672,0
M,35,69000.0,683,1
M,31,40000.0,667,1
M,24,25000.0,657,0
M,24,48000.0,640,0
M,36,25000.0,668,0
M,24,120000.0,685,0
M,46,43500.0,663,21
M,34,30000.0,694,12
M,27,18000.0,657,0
M,24,27000.0,684,0
M,33,27500.0,660,1
M,40,15000.0,663,1
M,33,25000.0,670,0
M,35,14000.0,676,3
M,42,20000.0,684,9
M,35,25000.0,696,0
M,23,30000.0,679,0
M,45,30000.0,668,0
M,35,60000.0,701,0
M,25,15000.0,655,2
M,24,25000.0,675,0
M,37,25000.0,671,0
M,24,22000.0,671,0
M,38,41500.0,681,1
M,44,19000.0,669,17
M,34,40000.0,694,0
M,35,15000.0,677,0
M,24,30000.0,680,0
M,25,17000.0,631,0
M,44,18000.0,705,14
F,24,12000.0,685,1
F,33,30000.0,661,0
M,32,31580.0,660,0
M,37,20000.0,741,2
M,33,50000.0,684,0
M,36,16000.0,685,0
M,28,18000.0,690,0
M,23,55000.0,643,0
M,34,17000.0,683,0
M,44,80000.0,712,0
M,28,24000.0,670,0
M,39,25000.0,705,2
M,26,17500.0,671,0
M,28,20000.0,661,0
F,41,20000.0,657,2
M,41,15000.0,720,0
M,32,22000.0,674,0
M,29,50000.0,742,0
M,22,45000.0,679,0
M,28,18000.0,649,1
M,28,30500.0,652,0
M,27,18000.0,677,0
M,34,14500.0,666,0
M,55,27000.0,690,0
F,40,20000.0,700,1
F,33,3500.0,679,2
M,30,30000.0,701,0
M,39,11000.0,673,0
M,51,45000.0,669,1
F,24,18500.0,659,0
M,32,30000.0,714,0
M,25,15800.0,650,0
M,21,16000.0,675,0
M,40,16000.0,667,0
F,41,10000.0,720,0
F,28,20000.0,680,0
M,23,15000.0,640,14
M,24,25000.0,679,0
M,37,15000.0,668,0
F,37,12000.0,682,0
M,33,43000.0,681,5
M,48,16000.0,708,0
M,30,62000.0,664,0
F,29,25000.0,675,0
M,32,25000.0,686,0
M,25,19000.0,688,0
M,32,20000.0,684,6
M,52,25000.0,677,8
M,62,40000.0,688,0
M,36,20000.0,710,0
M,30,28000.0,663,0
F,26,20000.0,666,0
M,30,13500.0,656,0
M,52,25000.0,691,0
M,31,25000.0,679,0
M,28,25000.0,689,0
M,35,24000.0,677,0
M,35,40000.0,679,0
M,46,11000.0,682,3
M,49,24000.0,671,1
M,27,30000.0,675,1
F,41,15000.0,690,0
M,52,35000.0,707,0
F,28,15000.0,677,1
M,36,18000.0,721,0
F,27,18000.0,669,0
M,33,38000.0,725,0
M,34,34000.0,707,6
M,51,48000.0,683,1
F,64,35000.0,752,0
M,28,30000.0,692,1
F,43,37000.0,657,3
M,32,15000.0,655,0
M,38,18500.0,701,0
M,42,22000.0,666,0
M,32,18000.0,671,0
F,39,20000.0,690,0
F,34,92000.0,710,0
M,28,30000.0,681,0
M,25,25000.0,664,0
M,32,15000.0,666,13
M,39,32000.0,702,0
M,25,15000.0,665,0
M,49,19500.0,700,0
M,29,18000.0,647,6
M,31,30000.0,689,24
M,33,30000.0,668,4
M,44,28000.0,671,0
M,22,20000.0,659,1
M,21,30000.0,668,0
M,38,20000.0,694,0
M,29,28000.0,656,12
M,24,20000.0,551,34
F,49,22000.0,684,0
M,51,20000.0,658,0
M,51,70000.0,662,0
M,28,8600.0,670,0
M,27,24000.0,677,0
M,21,20000.0,675,0
M,39,24000.0,701,3
M,42,31000.0,691,0
M,45,50000.0,713,0
M,24,7000.0,688,0
M,43,25800.0,671,0
M,23,28000.0,679,0
M,34,30000.0,664,2
M,47,30000.0,673,0
F,30,25000.0,686,0
M,24,30000.0,643,0
M,22,35000.0,678,1
M,29,20000.0,679,0
M,32,12000.0,680,0
M,41,35000.0,714,2
M,35,17000.0,701,0
M,28,10000.0,656,0
M,24,25000.0,662,0
M,37,20000.0,681,0
M,49,21000.0,672,0
M,36,25000.0,688,0
M,40,40000.0,722,4
M,31,30000.0,700,0
M,40,35000.0,701,0
M,48,20000.0,715,0
M,31,25000.0,665,0
M,22,18800.0,688,0
F,31,38000.0,687,0
M,31,28000.0,665,0
M,40,28000.0,680,0
M,28,15000.0,686,0
M,32,27000.0,679,0
M,28,25000.0,672,0
F,47,20000.0,672,1
M,30,16000.0,672,0
M,25,20000.0,671,0
M,27,39000.0,670,2
M,45,27000.0,670,3
M,31,52000.0,711,0
M,25,40000.0,682,0
M,22,14000.0,665,0
M,28,20000.0,684,1
M,33,20000.0,669,1
M,33,35000.0,700,0
M,21,20000.0,642,1
M,64,30000.0,721,0
M,35,30000.0,691,0
M,27,16000.0,638,3
F,30,15000.0,664,0
M,29,25000.0,669,1
M,31,25000.0,674,0
M,34,60000.0,660,6
M,25,16000.0,674,0
M,50,25000.0,639,0
M,25,40000.0,667,0
F,47,30000.0,671,0
M,29,16500.0,690,0
M,39,40000.0,706,14
M,39,15000.0,663,0
F,41,15000.0,655,7
F,22,24000.0,675,0
M,24,32790.0,671,1
M,26,10500.0,685,0
M,38,20000.0,712,0
M,37,25000.0,700,0
M,47,17000.0,708,1
M,51,20000.0,675,0
M,24,35000.0,656,3
M,28,46000.0,654,1
F,37,100000.0,734,8
F,22,20000.0,695,0
M,25,29000.0,681,0
M,21,11000.0,676,0
M,37,40000.0,624,5
F,46,30000.0,668,10
M,48,39000.0,679,0
M,34,60000.0,675,0
M,29,12000.0,706,5
M,29,15000.0,690,0
M,36,30000.0,664,0
M,41,30000.0,678,0
M,49,95000.0,692,0
M,27,21000.0,645,0
M,27,12000.0,662,0
M,39,50000.0,767,33
M,31,20000.0,635,5
M,30,10000.0,714,0
M,43,35000.0,684,0
F,23,12000.0,665,0
M,35,20000.0,670,0
M,27,19000.0,675,0
M,22,19000.0,683,0
M,24,19000.0,678,0
M,25,8000.0,698,1
M,36,12000.0,679,0
M,24,12000.0,660,0
M,38,9000.0,679,0
M,33,50000.0,698,0
M,27,48000.0,679,0
M,32,30000.0,663,4
M,49,16700.0,670,0
M,42,17000.0,709,0
M,35,20000.0,733,0
M,30,34000.0,639,4
M,35,11000.0,670,0
M,26,15000.0,682,0
M,36,55000.0,685,0
M,39,35000.0,690,0
F,23,8500.0,693,0
M,31,20000.0,679,15
M,24,20000.0,666,10
M,34,12000.0,682,1
M,32,16000.0,683,0
M,28,19000.0,678,0
M,30,20000.0,708,0
M,48,45000.0,660,2
M,24,35000.0,657,0
M,26,15000.0,673,0
M,39,15000.0,665,0
M,32,25000.0,700,0
M,23,20000.0,663,2
M,26,18000.0,678,0
M,22,14000.0,664,5
F,41,22000.0,691,0
M,26,30000.0,642,6
M,28,20000.0,658,0
M,22,19000.0,659,1
F,35,16000.0,671,0
M,27,15000.0,679,0
M,25,15000.0,693,7
M,29,23000.0,708,0
M,22,25000.0,686,0
M,30,15000.0,667,4
M,29,25000.0,680,1
M,24,25000.0,681,0
M,57,52000.0,666,1
M,37,20000.0,652,0
F,35,20000.0,657,7
M,42,40000.0,724,0
M,25,20000.0,633,0
M,27,15000.0,711,0
M,49,25000.0,679,0
F,23,9000.0,677,0
M,26,18000.0,677,0
M,26,18000.0,684,0
M,45,20000.0,741,0
M,21,40000.0,672,0
M,43,30000.0,671,9
M,22,27000.0,685,0
M,43,31000.0,672,0
M,38,26000.0,729,0
M,50,21500.0,688,0
F,39,25500.0,710,0
M,35,35000.0,675,0
M,45,20000.0,673,0
M,30,20000.0,719,0
M,35,16000.0,681,0
M,38,22000.0,679,0
M,26,16000.0,657,2
M,50,23500.0,740,0
M,45,30000.0,713,0
M,32,18000.0,658,5
M,36,16000.0,685,5
M,35,20000.0,664,0
M,29,35000.0,690,0
F,24,18000.0,672,0
M,35,35000.0,681,0
M,26,27000.0,678,0
M,22,25000.0,679,0
M,24,22000.0,702,0
M,46,30000.0,689,0
M,24,23000.0,686,0
M,27,18000.0,689,0
M,23,16000.0,670,0
M,40,25000.0,678,0
M,40,31000.0,691,0
M,34,12000.0,694,0
M,25,12500.0,671,0
M,29,15000.0,683,0
F,27,55000.0,677,0
M,40,42000.0,709,0
M,35,18000.0,685,0
M,37,35400.0,694,0
M,42,33000.0,717,20
M,44,20000.0,718,0
M,38,13000.0,687,0
M,31,30000.0,659,27
M,27,20000.0,676,1
M,36,22000.0,686,0
M,22,29500.0,690,0
M,23,20000.0,680,0
M,41,50000.0,686,28
F,42,10000.0,702,20
F,35,15000.0,698,0
M,26,14000.0,664,0
M,34,27000.0,677,0
M,31,21235.0,698,0
M,31,35000.0,695,0
M,43,50000.0,731,22
M,26,35000.0,681,0
M,37,15000.0,682,0
F,56,25000.0,661,0
M,41,15000.0,683,1
M,25,20000.0,666,0
M,31,25000.0,684,1
M,42,24000.0,683,0
M,34,30000.0,655,2
M,34,20000.0,654,3
M,27,25000.0,662,5
M,24,21000.0,671,0
M,29,25000.0,654,0
M,28,25000.0,683,0
F,31,25000.0,653,2
M,47,32000.0,657,6
M,23,30000.0,661,0
M,34,14000.0,680,0
M,24,1700.0,679,0
M,25,35000.0,690,0
M,37,23000.0,659,1
M,22,17000.0,672,0
M,34,43000.0,726,1
M,48,28000.0,710,0
M,23,15000.0,678,1
M,24,25000.0,668,0
F,24,21000.0,671,0
M,27,22000.0,672,9
F,26,19000.0,734,0
F,34,100000.0,656,2
M,23,15000.0,698,0
M,41,23000.0,691,0
M,23,25000.0,690,0
M,36,39000.0,700,0
M,28,12500.0,682,11
M,40,23000.0,674,2
M,34,18000.0,673,0
F,49,50000.0,726,5
M,25,25000.0,687,0
M,41,20000.0,674,19
M,26,27500.0,712,0
M,42,25000.0,695,2
M,51,49000.0,696,0
M,30,38000.0,676,0
F,24,14200.0,680,0
M,54,21000.0,677,0
M,31,20000.0,654,6
M,39,18000.0,691,3
M,34,35000.0,668,0
M,44,15000.0,689,15
M,31,38000.0,657,0
M,37,40000.0,710,21
M,45,30000.0,692,12
M,32,30000.0,729,6
M,34,30000.0,682,0
M,34,50000.0,715,32
M,29,12000.0,707,0
M,34,14000.0,705,0
F,33,9500.0,668,0
M,27,18000.0,666,0
M,40,28000.0,680,0
M,23,18000.0,671,3
M,22,20000.0,677,0
M,61,30000.0,704,0
M,41,32000.0,647,1
M,32,35000.0,645,3
M,23,29000.0,669,0
M,50,90000.0,712,1
F,38,45000.0,682,1
M,38,29000.0,735,0
M,31,15000.0,679,0
M,37,15000.0,687,0
M,34,25000.0,684,4
M,31,50000.0,703,0
M,36,28000.0,698,0
M,26,23000.0,677,0
M,33,18500.0,642,5
M,36,26000.0,688,3
M,27,22000.0,666,1
M,31,20000.0,677,1
M,58,35000.0,678,0
M,38,15000.0,723,0
M,32,20000.0,687,0
M,41,60000.0,661,1
F,22,25000.0,586,0
M,32,15800.0,657,0
M,33,22000.0,698,0
M,35,28500.0,697,0
M,27,25000.0,685,0
M,33,24000.0,678,0
F,45,40000.0,714,0
M,28,35500.0,675,0
M,28,16000.0,687,0
F,43,13000.0,688,3
M,28,20000.0,694,0
M,40,18000.0,680,3
M,36,40000.0,683,2
M,25,18500.0,669,0
M,34,13500.0,678,0
M,31,39500.0,690,0
M,30,20600.0,699,0
M,37,23000.0,689,13
M,39,29000.0,667,12
M,30,22500.0,663,0
F,30,32000.0,687,0
F,32,13000.0,694,0
M,23,22000.0,687,0
M,33,20.0,695,5
M,43,33000.0,676,0
M,37,37000.0,706,1
M,24,25000.0,687,0
F,24,12000.0,680,1
M,24,15000.0,682,0
M,23,12000.0,709,0
M,27,23000.0,676,0
F,49,10.0,664,4
M,40,15000.0,698,1
M,22,25000.0,653,3
M,30,25000.0,689,0
M,30,18000.0,678,0
M,24,10000.0,680,0
F,36,80000.0,697,0
M,25,16000.0,677,0
M,32,13500.0,685,0
M,29,22000.0,694,0
M,32,22000.0,704,0
M,29,23000.0,673,0
M,35,37000.0,686,1
M,26,11000.0,661,0
M,34,25000.0,662,1
M,39,20000.0,708,0
M,46,46000.0,719,0
M,27,14000.0,686,0
F,37,10000.0,689,0
M,38,20000.0,662,10
M,29,50000.0,668,0
M,28,40000.0,684,0
M,31,24000.0,725,0
F,38,15000.0,679,6
M,43,20000.0,673,0
M,24,15000.0,675,0
M,28,20000.0,679,0
M,39,24427.0,695,0
M,33,9000.0,676,0
M,32,50000.0,678,2
M,26,11000.0,709,0
M,27,24000.0,683,0
F,42,30000.0,686,0
M,21,25000.0,670,0
M,37,12000.0,713,0
F,23,16500.0,655,0
M,37,25000.0,681,0
M,50,45000.0,691,2
M,31,12000.0,668,15
M,26,16000.0,655,0
M,37,53000.0,697,9
M,22,18500.0,672,1
F,27,25000.0,652,0
M,26,25698.0,670,0
M,22,20000.0,639,0
F,42,25000.0,680,0
M,38,20000.0,670,0
M,32,15000.0,648,0
M,29,15000.0,658,1
M,59,15000.0,694,0
M,26,30000.0,674,0
M,55,20000.0,695,0
M,41,30000.0,727,0
M,46,27500.0,729,0
M,22,21000.0,680,0
M,29,15000.0,655,14
M,31,19000.0,696,0
M,37,33000.0,654,1
M,23,30000.0,654,0
M,36,20000.0,660,1
M,29,25000.0,659,0
M,29,12000.0,681,0
M,32,25000.0,648,3
M,55,57000.0,686,0
M,27,23000.0,702,0
M,40,15000.0,697,0
M,55,15000.0,688,4
M,36,35000.0,676,0
M,49,35000.0,668,3
M,34,20000.0,676,0
M,22,13000.0,670,0
M,34,25000.0,762,0
M,21,30000.0,691,0
M,22,18000.0,669,0
M,27,23000.0,616,0
M,26,17500.0,670,5
M,33,13000.0,668,1
M,51,25000.0,689,0
M,22,15000.0,666,0
M,32,20000.0,674,0
M,36,22000.0,677,6
M,25,16000.0,673,0
M,33,15000.0,710,12
M,26,30000.0,665,10
M,29,33000.0,678,9
M,26,25000.0,686,1
M,32,35000.0,680,0
F,48,12000.0,708,0
M,32,30000.0,673,6
M,27,25000.0,682,0
M,26,12000.0,687,0
F,54,10000.0,673,0
M,43,26500.0,698,0
M,50,28000.0,662,0
M,25,25274.0,677,0
M,49,50000.0,695,0
M,23,12000.0,634,2
M,54,18000.0,685,0
M,24,20000.0,671,0
F,33,18000.0,680,0
M,34,40000.0,707,0
M,41,60000.0,679,0
F,32,14000.0,673,0
M,29,17000.0,690,4
M,22,13200.0,673,0
M,34,24000.0,677,0
M,44,30000.0,685,0
F,33,25000.0,653,2
M,37,22000.0,683,0
M,30,16000.0,703,0
F,36,27000.0,684,0
M,34,15000.0,671,0
M,58,11500.0,665,0
M,34,17000.0,627,0
M,27,28000.0,684,4
F,29,22000.0,672,0
M,29,20000.0,684,0
M,30,40000.0,691,0
M,27,21600.0,682,0
M,33,38000.0,667,0
F,34,12000.0,680,0
M,31,38000.0,665,0
M,34,27000.0,722,2
M,31,35000.0,699,9
M,23,18000.0,670,0
M,43,15600.0,744,0
M,22,35000.0,646,4
M,27,23580.0,643,0
M,25,24000.0,684,0
M,28,20000.0,677,12
M,27,18000.0,694,0
M,27,19500.0,707,0
M,33,40000.0,697,0
M,32,16500.0,693,0
M,26,45000.0,667,0
F,41,23000.0,679,0
M,58,24000.0,689,0
M,34,23000.0,625,3
M,33,35000.0,663,2
M,45,25000.0,642,8
M,39,39000.0,678,0
M,27,10000.0,662,0
M,31,53000.0,672,0
M,30,23000.0,690,0
M,30,19000.0,701,0
M,28,34000.0,671,0
M,34,70000.0,621,0
M,23,36000.0,665,0
M,25,25000.0,662,0
M,25,18000.0,668,0
M,41,18500.0,681,2
M,32,25000.0,713,0
M,42,25000.0,709,0
M,31,20500.0,675,1
M,35,32000.0,705,0
F,31,18000.0,696,0
M,21,10000.0,687,0
F,43,25000.0,660,2
M,24,18000.0,686,0
M,24,30000.0,662,2
M,42,30000.0,666,13
M,30,32000.0,693,0
M,25,20000.0,681,0
M,25,15000.0,682,0
M,42,60000.0,684,0
M,34,29000.0,700,0
M,30,32000.0,694,0
M,37,28000.0,675,0
M,36,60000.0,695,0
F,26,30000.0,674,0
M,26,30000.0,662,0
M,37,23000.0,689,1
M,29,45000.0,669,2
M,42,35000.0,683,0
M,27,17000.0,675,0
M,40,20000.0,673,11
M,42,25000.0,691,14
M,45,45000.0,672,8
M,27,21000.0,664,0
M,29,25000.0,678,4
M,37,15000.0,657,14
M,50,30000.0,650,0
M,51,25000.0,705,1
M,34,22000.0,691,0
M,32,18000.0,690,1
M,34,20000.0,664,0
M,29,45000.0,683,13
M,37,12.0,665,6
M,25,14000.0,686,0
M,32,20000.0,699,0
M,22,20000.0,616,0
M,21,30000.0,698,0
M,27,16000.0,643,0
M,41,40000.0,718,0
M,31,45000.0,715,0
M,35,65000.0,693,0
M,44,25000.0,696,0
M,24,24000.0,668,5
M,39,14500.0,709,0
M,29,24000.0,644,0
M,30,15000.0,702,2
M,23,9000.0,665,0
M,40,15000.0,687,10
M,46,15000.0,704,20
M,29,14000.0,682,0
M,60,15000.0,700,0
M,46,25000.0,678,0
M,22,19000.0,690,0
M,30,20000.0,691,13
M,21,12000.0,673,0
M,31,15000.0,683,11
M,56,20000.0,647,0
M,35,26000.0,693,0
F,22,14000.0,661,2
M,25,19000.0,621,0
M,44,20000.0,695,0
M,41,25000.0,693,4
F,47,18000.0,674,2
M,23,22100.0,687,0
M,54,15000.0,673,0
M,36,12868.0,718,0
M,25,20000.0,678,0
M,38,10000.0,692,5
M,31,8000.0,692,0
M,33,20000.0,701,0
M,24,38000.0,675,0
M,25,40000.0,665,0
F,37,20000.0,698,1
M,46,15000.0,679,0
M,25,30000.0,664,0
M,28,18000.0,661,0
M,22,20000.0,689,0
M,25,11300.0,682,0
M,33,28000.0,647,0
M,36,25000.0,713,0
M,46,24000.0,685,0
M,29,15000.0,661,3
M,44,29000.0,666,0
M,27,17000.0,685,7
M,28,30000.0,668,3
M,53,17500.0,650,1
M,32,25000.0,702,0
M,25,25000.0,674,5
M,45,15000.0,695,0
M,22,15000.0,690,0
M,35,32000.0,739,6
M,27,18000.0,732,0
M,37,30000.0,677,0
M,46,21000.0,701,4
M,31,15000.0,659,0
M,45,40000.0,728,1
F,31,35000.0,689,0
M,49,22000.0,678,8
M,35,30000.0,671,0
M,38,35000.0,690,1
M,45,34000.0,701,0
F,41,20000.0,693,0
M,26,25000.0,673,0
M,32,25000.0,630,12
M,48,45000.0,658,1
M,30,10000.0,663,0
F,41,12000.0,670,0
M,23,18000.0,672,2
M,35,25000.0,698,0
M,34,40000.0,707,0
F,32,18000.0,681,0
M,30,42000.0,685,0
M,23,25000.0,657,0
M,22,16700.0,663,0
M,21,40000.0,687,0
M,24,28500.0,690,0
M,36,35000.0,693,0
M,33,35000.0,665,1
M,35,20000.0,684,0
M,34,24000.0,667,0
M,21,23000.0,664,0
M,31,22000.0,676,0
M,25,55000.0,678,0
M,43,75000.0,671,0
M,46,30000.0,681,0
F,34,14000.0,686,0
M,33,8000.0,653,0
M,31,30000.0,654,1
M,34,18000.0,747,0
M,38,65000.0,684,0
M,31,700000.0,661,0
M,28,10000.0,664,1
M,27,30000.0,647,0
M,22,13000.0,668,2
M,39,25000.0,675,5
M,23,45000.0,653,5
M,38,15000.0,672,5
M,27,57000.0,670,0
M,28,25000.0,663,0
M,34,11000.0,671,0
M,27,18500.0,675,0
M,48,15000.0,736,2
M,40,20500.0,672,0
M,41,30000.0,716,1
M,35,31000.0,685,6
M,35,18000.0,701,9
M,48,35000.0,665,6
M,22,15000.0,687,0
M,27,30000.0,669,0
M,23,20000.0,659,0
M,29,17000.0,661,9
M,27,60000.0,644,4
M,58,25000.0,681,1
M,29,35000.0,675,0
M,26,32000.0,670,0
M,32,40000.0,677,2
M,48,55000.0,684,6
M,28,30000.0,653,0
M,27,20000.0,664,0
M,45,25000.0,697,3
F,30,14000.0,671,0
M,27,35000.0,658,11
F,39,15000.0,691,1
M,25,35000.0,651,0
M,23,45000.0,688,0
F,35,50000.0,668,3
M,44,13000.0,679,0
M,59,70000.0,692,0
M,30,22000.0,698,0
M,51,28000.0,682,0
M,49,20000.0,666,0
M,32,18000.0,706,0
M,40,25000.0,707,0
M,28,19000.0,678,0
F,31,30000.0,679,0
M,36,18500.0,661,3
M,31,20000.0,672,0
M,50,40000.0,687,0
M,37,13000.0,666,0
M,35,20000.0,670,1
M,52,35000.0,736,0
M,57,25000.0,699,0
M,32,40000.0,674,0
M,32,18000.0,705,0
M,26,40000.0,653,0
M,49,27000.0,675,1
M,23,15000.0,671,0
M,28,21000.0,673,3
M,32,22000.0,671,0
F,48,55000.0,679,0
F,34,35000.0,703,1
M,27,40000.0,683,12
F,22,18000.0,674,0
M,21,30000.0,673,0
M,26,35000.0,675,0
F,38,14000.0,672,8
M,47,100000.0,723,2
F,33,15000.0,665,0
F,44,30000.0,704,0
M,53,50000.0,699,3
M,38,25000.0,673,0
M,25,12000.0,665,0
M,33,21000.0,664,1
M,27,22000.0,683,3
M,39,19000.0,669,1
M,26,20000.0,689,0
M,41,23000.0,709,0
M,51,25000.0,701,0
M,43,25000.0,666,0
M,22,30000.0,668,0
M,21,15000.0,680,0
M,27,18000.0,681,5
M,28,18000.0,642,37
M,34,19500.0,700,0
M,30,49000.0,652,28
F,23,20000.0,664,0
M,51,20000.0,695,4
M,32,16000.0,683,0
M,22,12.0,676,2
M,46,20000.0,699,0
M,29,24000.0,691,0
M,29,33500.0,666,2
M,22,25000.0,678,0
M,22,20000.0,666,1
M,24,15000.0,687,0
M,22,15000.0,676,0
M,44,18000.0,667,0
M,25,30000.0,665,0
M,37,10000.0,708,1
F,33,12500.0,735,0
M,25,30000.0,661,0
M,22,20000.0,682,0
F,37,25000.0,677,0
F,33,25000.0,680,0
M,24,24900.0,656,1
M,26,10000.0,682,0
M,25,1000.0,677,0
M,27,13000.0,654,4
M,42,30000.0,681,0
M,33,28000.0,685,0
M,38,20000.0,697,0
M,22,45000.0,628,0
M,40,23000.0,652,3
F,38,18000.0,686,0
M,33,27000.0,705,0
M,27,13000.0,684,0
M,23,25000.0,646,0
M,24,38000.0,674,7
M,30,38000.0,700,0
M,26,18000.0,661,4
M,22,20000.0,681,0
M,32,21500.0,626,0
M,39,45000.0,683,18
M,41,33000.0,689,0
M,47,20000.0,681,1
M,41,20000.0,693,0
M,27,40000.0,674,7
M,22,25000.0,676,0
M,45,20000.0,697,0
M,48,15000.0,704,0
M,35,34000.0,679,0
M,37,28000.0,702,3
M,33,24000.0,691,0
M,21,27000.0,666,0
M,40,19000.0,672,0
M,21,14000.0,682,0
M,29,14000.0,673,0
M,38,17000.0,699,0
M,26,60000.0,684,0
F,53,32000.0,689,0
M,31,40000.0,642,2
F,44,12000.0,692,0
M,39,23000.0,700,0
M,38,20000.0,591,9
M,36,18000.0,658,0
M,21,18000.0,658,1
M,39,120000.0,670,0
M,32,22000.0,670,0
M,27,20000.0,677,4
M,26,15000.0,675,0
M,28,20000.0,712,0
M,46,50000.0,664,6
M,24,15000.0,653,5
M,46,14000.0,669,2
M,50,24000.0,676,6
M,32,58000.0,612,1
F,38,13000.0,674,0
M,26,18000.0,667,0
M,25,35000.0,674,2
M,29,13000.0,654,4
M,26,25000.0,666,5
M,32,20000.0,654,2
F,30,23500.0,657,3
M,52,50000.0,662,1
M,24,17650.0,695,0
M,33,20500.0,681,9
M,50,18000.0,688,5
M,42,50000.0,716,0
M,28,40000.0,701,0
M,23,40000.0,656,0
M,40,30000.0,687,0
M,53,27050.0,680,0
M,26,30000.0,676,0
M,49,31000.0,665,2
F,40,34000.0,678,3
M,34,48000.0,657,1
M,61,8.0,719,3
M,40,23000.0,681,0
M,40,32000.0,706,0
M,26,20000.0,678,0
M,30,35000.0,692,0
F,32,20000.0,675,0
F,43,10000.0,654,1
M,29,23000.0,689,13
M,32,30000.0,646,0
M,31,15000.0,694,0
M,25,40000.0,664,2
M,30,30000.0,686,0
M,27,200000.0,677,0
M,38,30000.0,675,0
M,39,30000.0,697,0
F,45,34500.0,676,0
M,39,25000.0,682,0
F,28,48000.0,633,16
M,57,15000.0,683,0
M,26,16000.0,659,0
M,28,14000.0,694,0
M,32,14000.0,690,9
M,33,15000.0,704,0
M,49,28000.0,695,0
M,41,20000.0,662,2
M,34,30000.0,678,0
M,49,25000.0,649,1
M,46,58000.0,681,0
M,26,17000.0,681,3
M,23,15000.0,689,0
M,23,9000.0,715,0
M,26,16000.0,667,2
F,28,12000.0,696,0
M,41,15000.0,688,8
M,31,20000.0,653,2
M,24,18000.0,693,6
M,43,30000.0,670,2
F,33,15000.0,710,0
M,26,20000.0,665,0
M,36,70000.0,706,0
M,26,14000.0,683,0
M,25,14000.0,662,0
M,29,21000.0,687,0
M,44,12500.0,683,0
F,51,25000.0,689,0
M,22,10000.0,686,0
M,31,36700.0,690,0
M,54,28500.0,662,3
M,30,18000.0,674,0
M,24,27000.0,686,0
M,30,20500.0,657,1
M,37,50000.0,680,7
M,29,26000.0,699,1
M,23,25000.0,675,0
F,41,30000.0,740,10
F,41,25000.0,683,4
M,29,25000.0,680,1
M,24,11000.0,672,0
F,38,25000.0,683,3
M,22,18000.0,687,0
M,46,13000.0,672,0
M,25,23500.0,681,0
M,47,24000.0,724,0
M,26,20000.0,678,0
F,24,35000.0,657,0
M,30,25000.0,712,0
M,36,22000.0,684,0
M,26,18400.0,664,1
M,24,12000.0,694,0
M,38,40000.0,687,0
M,31,30000.0,694,0
M,30,30000.0,638,0
M,55,25000.0,702,0
M,46,25000.0,684,0
M,22,30000.0,674,0
F,25,22000.0,673,0
M,34,20000.0,676,0
M,23,23500.0,673,0
M,42,45000.0,688,0
M,23,22000.0,655,0
M,42,14000.0,703,0
M,32,16000.0,681,0
M,26,18000.0,682,1
M,27,11000.0,679,0
M,33,17000.0,643,4
M,21,30000.0,676,0
M,58,34000.0,673,0
M,43,38000.0,672,0
M,38,35000.0,679,5
F,26,11500.0,679,0
M,29,16000.0,673,0
M,31,55000.0,665,0
M,37,16700.0,676,0
M,34,25000.0,642,1
M,24,33200.0,713,0
M,27,15800.0,672,0
M,31,23000.0,691,0
M,26,30000.0,675,7
M,25,30800.0,655,0
M,36,20000.0,687,0
M,35,33500.0,658,0
M,31,32700.0,619,0
M,30,35000.0,664,14
M,27,8000.0,689,0
M,36,40000.0,692,0
M,38,13500.0,675,0
M,29,11000.0,685,0
M,32,25000.0,690,0
M,28,15000.0,692,0
F,30,14000.0,673,0
M,56,93650.0,708,0
M,35,25000.0,679,0
M,44,23782.0,677,0
M,49,20000.0,696,0
M,24,34000.0,663,0
M,22,21000.0,663,6
M,26,40000.0,689,0
M,22,45000.0,677,0
M,40,20400.0,667,0
M,26,28000.0,664,6
M,23,15000.0,683,0
M,37,30000.0,679,0
M,33,25000.0,687,5
M,25,14500.0,682,0
M,22,30000.0,624,0
M,30,30000.0,664,1
M,27,48000.0,692,0
M,34,28000.0,662,0
M,38,18228.0,689,0
M,25,15600.0,658,3
M,38,50000.0,675,0
M,28,33000.0,709,0
M,39,16000.0,678,1
M,42,19500.0,689,0
M,30,30000.0,669,0
M,29,21000.0,687,0
M,35,34000.0,644,1
M,43,28000.0,680,1
M,46,16000.0,715,0
M,22,20000.0,675,0
M,35,25000.0,683,5
M,21,17000.0,672,0
M,51,30000.0,669,0
M,42,17000.0,658,0
M,33,28000.0,692,0
M,28,30000.0,654,0
M,29,35000.0,667,0
M,29,30000.0,679,0
F,38,30000.0,681,18
M,26,25000.0,670,1
F,33,15000.0,653,15
M,44,31000.0,669,9
M,28,26500.0,653,0
M,28,18000.0,706,0
M,22,15000.0,675,6
M,48,60000.0,667,3
M,25,25000.0,682,0
M,52,30000.0,678,1
M,36,40000.0,645,8
M,46,34000.0,703,0
M,58,30000.0,684,0
F,41,16000.0,724,0
M,22,16000.0,654,0
M,38,16000.0,704,2
M,31,35000.0,688,0
F,38,37000.0,688,0
M,33,51000.0,695,0
F,25,22000.0,685,0
M,38,18000.0,679,0
M,25,30000.0,675,11
M,34,14000.0,677,0
M,34,26100.0,655,8
F,44,18000.0,704,0
M,31,18000.0,699,0
M,36,30000.0,691,0
M,43,50000.0,690,0
M,29,45000.0,668,5
M,33,15000.0,668,1
M,33,25000.0,671,0
F,49,21000.0,676,4
M,21,24000.0,690,0
F,37,12500.0,689,0
M,27,25000.0,691,0
M,24,28000.0,664,0
M,33,20050.0,662,7
M,27,60000.0,662,0
M,23,10000.0,660,1
M,36,35000.0,692,0
M,26,20000.0,670,0
M,28,25023.0,672,0
M,36,37000.0,679,0
M,23,17500.0,666,1
M,27,18000.0,687,1
M,36,25000.0,677,0
M,36,24500.0,718,0
F,40,30000.0,627,24
M,36,25000.0,727,10
M,34,22000.0,657,0
M,23,45000.0,671,0
M,40,22000.0,693,0
M,56,45000.0,677,14
M,27,20000.0,689,0
M,38,40000.0,667,23
M,38,50000.0,679,0
F,30,15800.0,662,3
M,47,25000.0,667,6
M,40,15000.0,661,1
M,47,63000.0,692,0
M,35,40000.0,670,1
M,33,70000.0,682,0
M,28,15400.0,688,0
M,33,20000.0,716,0
M,53,40000.0,664,8
M,25,35500.0,652,6
M,22,25000.0,610,2
M,25,18000.0,685,0
M,24,18000.0,677,0
M,35,25000.0,645,0
M,40,11500.0,680,0
M,28,25000.0,667,0
M,37,22000.0,678,0
M,35,16000.0,664,0
M,33,46000.0,713,0
M,34,30000.0,694,3
F,39,31000.0,669,7
M,38,18000.0,678,0
M,43,15000.0,687,0
M,26,19000.0,690,0
M,35,25000.0,693,3
M,26,15000.0,663,0
M,35,40000.0,673,0
M,39,13000.0,691,0
M,24,16000.0,674,0
M,46,40000.0,669,5
M,27,20000.0,657,0
F,45,13000.0,699,0
M,24,35000.0,684,0
M,38,23142.0,680,0
M,37,22000.0,721,0
M,34,40000.0,664,1
M,30,27000.0,691,0
M,43,15000.0,689,0
M,33,14000.0,699,0
F,31,30000.0,686,1
F,34,17000.0,708,0
M,36,22000.0,661,5
M,26,26500.0,697,0
M,39,30000.0,677,0
F,35,13200.0,683,0
M,41,24000.0,699,0
M,35,12.0,720,0
M,32,28000.0,666,0
M,29,27000.0,668,0
F,43,20000.0,673,0
M,51,25000.0,735,0
M,35,9000.0,681,0
M,42,18000.0,658,1
M,36,85000.0,662,0
M,28,32000.0,686,0
M,45,30000.0,696,0
M,35,10000.0,653,2
M,33,40000.0,682,3
M,52,30000.0,724,0
M,33,100000.0,700,0
F,45,3000.0,673,0
M,23,12000.0,676,0
M,36,28000.0,676,0
M,43,30000.0,626,0
M,29,90000.0,679,0
M,37,38000.0,671,5
M,54,25000.0,713,0
M,44,20000.0,660,2
M,42,11000.0,701,0
M,29,45000.0,660,3
M,38,26000.0,668,0
M,44,28500.0,690,9
M,31,25000.0,698,0
M,24,20000.0,685,0
M,41,10000.0,685,0
M,32,40000.0,683,2
F,43,30000.0,666,0
M,39,17845.0,685,1
M,54,23000.0,662,1
M,36,32000.0,700,20
M,23,12000.0,677,0
M,36,22500.0,692,0
F,34,12000.0,684,0
M,31,25000.0,673,0
M,43,19000.0,691,0
M,48,25000.0,674,0
M,28,30000.0,674,0
M,28,30000.0,645,1
M,37,28000.0,654,2
M,31,16000.0,668,0
M,42,35000.0,631,23
M,28,25500.0,676,1
M,25,25000.0,678,4
M,23,10000.0,680,15
M,42,35000.0,679,0
M,30,18000.0,679,8
M,29,27000.0,669,0
M,35,19000.0,684,4
M,29,35000.0,692,0
M,38,25000.0,666,4
M,26,14000.0,678,0
M,46,12000.0,740,0
M,23,25000.0,671,0
M,56,50000.0,715,2
M,32,45000.0,678,1
F,39,25000.0,665,0
M,32,33500.0,671,1
F,37,10000.0,674,0
M,22,25000.0,680,0
M,30,15000.0,671,0
M,46,25000.0,687,0
M,42,15000.0,677,0
M,22,15000.0,672,0
M,24,15000.0,669,0
M,30,23000.0,701,0
M,25,30000.0,664,0
M,36,18500.0,674,0
M,22,30000.0,669,0
M,23,15000.0,663,0
F,25,20000.0,681,0
F,46,27000.0,672,0
M,33,25000.0,640,1
F,29,13000.0,645,12
M,28,38000.0,656,0
M,57,21000.0,702,0
M,25,18500.0,677,2
M,47,50000.0,684,0
M,34,17000.0,687,0
M,32,25000.0,679,0
M,23,15000.0,690,0
M,33,29500.0,663,1
M,29,32000.0,687,0
M,51,25000.0,669,0
M,41,12000.0,696,0
M,27,12000.0,680,4
F,26,60000.0,686,0
F,45,35000.0,679,0
M,32,40000.0,680,0
M,30,17000.0,658,1
M,38,17000.0,665,0
M,47,23000.0,707,11
M,36,15000.0,673,0
M,32,50000.0,692,2
M,25,28000.0,681,6
M,23,10000.0,707,0
M,31,23500.0,678,0
M,25,18000.0,671,0
M,26,27550.0,653,4
M,42,15000.0,688,0
M,28,22000.0,691,0
M,24,23000.0,695,0
M,36,20000.0,681,0
M,53,16900.0,671,0
M,35,35000.0,671,0
M,43,26000.0,669,0
F,55,55000.0,665,7
M,52,13800.0,666,0
M,35,50000.0,718,0
M,42,12000.0,676,3
M,26,18000.0,692,0
M,30,10.0,675,0
M,57,50000.0,692,0
M,27,25000.0,697,0
M,33,13000.0,655,0
M,53,48000.0,726,0
M,30,24000.0,694,3
M,28,25000.0,689,0
M,26,12000.0,679,0
M,35,15000.0,680,0
M,53,25000.0,711,0
M,27,29000.0,673,1
M,25,18000.0,663,0
M,46,45000.0,714,1
F,23,18000.0,681,0
M,38,12000.0,712,0
M,24,23000.0,703,0
M,48,18000.0,683,0
M,36,28000.0,703,0
M,35,20000.0,683,0
M,40,80000.0,706,0
M,35,20000.0,679,0
M,41,30000.0,705,0
M,22,24000.0,674,0
M,26,20000.0,677,3
M,25,35000.0,677,0
M,26,18000.0,692,1
M,21,14800.0,650,0
M,52,48000.0,675,0
M,27,35000.0,662,0
M,33,25000.0,693,0
F,48,24000.0,738,0
M,25,35000.0,664,0
M,35,32000.0,676,0
F,25,8000.0,674,0
M,48,20000.0,686,0
M,23,29000.0,675,1
F,36,20000.0,676,0
M,34,22600.0,733,0
M,35,18000.0,662,7
M,41,30000.0,678,0
M,31,20000.0,684,0
M,32,21000.0,676,6
M,46,36000.0,697,4
M,44,35000.0,724,0
M,55,23000.0,659,5
M,24,50000.0,687,0
M,30,15000.0,670,0
M,53,47000.0,693,2
M,24,70000.0,681,0
M,23,25000.0,681,0
M,47,18000.0,675,0
F,44,20000.0,682,0
M,23,18000.0,651,0
M,41,19000.0,698,0
M,48,20000.0,697,0
M,29,30000.0,671,0
F,47,22000.0,669,10
M,30,28000.0,670,0
M,21,35000.0,642,0
M,50,25000.0,674,0
M,23,30000.0,657,0
M,21,16000.0,680,0
M,23,40000.0,668,12
M,29,18000.0,677,0
M,35,21000.0,669,18
M,24,16000.0,669,13
M,29,60000.0,668,0
M,31,12000.0,674,0
F,37,35000.0,677,0
M,32,84000.0,679,11
M,24,50000.0,687,3
M,22,65000.0,707,2
M,26,16500.0,680,0
M,42,40000.0,665,0
M,36,14990.0,638,1
F,32,20000.0,705,0
F,44,15000.0,662,0
M,24,13500.0,658,0
M,34,15000.0,694,0
F,29,20000.0,678,0
M,23,20000.0,694,0
F,45,28000.0,687,0
F,39,30000.0,654,2
M,50,26000.0,727,13
M,27,28000.0,651,5
M,29,30000.0,686,9
M,28,35000.0,698,0
M,29,30000.0,676,2
M,28,34000.0,666,2
M,32,20000.0,642,0
M,30,24000.0,682,15
M,45,30000.0,675,0
M,51,13000.0,687,0
M,33,29000.0,663,0
F,51,25000.0,683,0
M,39,12000.0,724,0
F,31,22000.0,715,0
M,21,40000.0,673,0
M,25,30000.0,668,0
M,31,40000.0,661,0
M,22,20000.0,667,8
M,51,40000.0,687,0
M,38,34000.0,635,0
M,43,35000.0,682,0
M,34,18500.0,657,0
F,30,25000.0,676,0
M,27,18000.0,671,7
M,36,18000.0,695,0
M,40,22000.0,650,0
M,30,35000.0,656,1
M,27,28000.0,666,0
M,29,14500.0,689,0
M,29,16000.0,701,1
F,27,25000.0,670,0
M,21,13000.0,674,0
M,30,15000.0,660,0
F,29,16000.0,683,0
F,30,20000.0,682,0
M,37,60000.0,658,10
M,30,12000.0,679,1
F,53,25000.0,686,0
M,22,22300.0,684,0
M,47,15000.0,672,0
M,30,18000.0,672,0
M,31,12000.0,689,0
F,31,15000.0,685,0
M,38,25000.0,680,0
M,26,25000.0,662,6
M,46,40000.0,668,0
M,44,22000.0,665,0
M,46,46000.0,689,0
M,32,15000.0,672,0
M,49,18500.0,657,0
M,31,50000.0,690,0
M,41,24000.0,724,0
F,42,18000.0,679,1
M,21,31500.0,674,0
M,39,14000.0,697,0
M,28,30000.0,683,0
F,48,17000.0,676,1
M,26,21500.0,659,8
F,28,15000.0,684,0
M,22,45000.0,686,0
M,43,20000.0,676,0
M,29,45000.0,643,2
M,28,25000.0,672,0
M,41,21000.0,682,1
M,46,18000.0,694,0
M,35,16500.0,699,0
M,33,35000.0,692,0
M,22,43000.0,683,1
M,28,24000.0,690,0
F,38,25000.0,674,0
M,31,20000.0,700,0
M,44,50000.0,676,10
M,28,25000.0,675,0
F,44,65000.0,694,0
M,31,15000.0,687,0
M,25,12500.0,689,0
M,29,15000.0,684,0
M,24,85600.0,664,5
M,34,30000.0,636,0
M,41,12000.0,716,0
M,44,14500.0,674,2
F,45,25000.0,687,0
M,30,36000.0,688,3
M,21,18000.0,675,0
M,36,35000.0,651,24
M,45,25000.0,700,3
M,32,30000.0,679,0
M,35,22980.0,680,0
M,25,48000.0,654,1
M,42,20000.0,687,2
M,56,34000.0,684,0
M,25,34790.0,668,0
F,30,45000.0,673,1
M,37,22000.0,689,0
M,38,39000.0,668,2
M,23,20000.0,677,0
M,34,40000.0,672,0
M,23,10.0,656,3
M,25,30000.0,670,1
M,34,14000.0,685,4
M,31,17000.0,678,23
M,40,24000.0,657,1
M,29,16000.0,648,0
M,30,35000.0,687,0
M,35,15000.0,744,0
M,26,12000.0,676,0
M,33,10000.0,682,1
M,38,24120.0,711,0
M,22,10500.0,681,0
M,46,35000.0,709,0
M,25,18000.0,686,0
M,42,18000.0,667,9
M,33,23000.0,677,0
M,22,14097.0,670,0
M,37,28000.0,688,0
M,32,16593.0,707,0
M,36,17000.0,688,0
M,34,25000.0,663,0
M,33,35000.0,685,0
M,27,15000.0,676,0
M,27,30000.0,645,0
M,31,35000.0,690,0
M,29,20000.0,672,3
M,30,20000.0,687,0
M,43,40000.0,689,2
M,21,12000.0,679,1
M,39,27000.0,707,0
M,32,23000.0,648,0
M,24,15400.0,691,0
M,55,30000.0,659,1
M,30,20000.0,680,0
F,36,20000.0,689,0
M,24,15000.0,684,0
F,36,28000.0,709,0
M,22,18000.0,661,1
M,51,45000.0,705,0
M,32,32790.0,688,0
M,30,41000.0,701,0
M,36,23000.0,680,0
M,36,10000.0,688,0
M,26,10000.0,659,15
M,31,20000.0,653,1
M,50,18000.0,697,0
F,33,15000.0,693,0
M,25,25000.0,680,0
M,33,23500.0,674,0
M,23,17500.0,628,0
M,29,13000.0,682,0
M,32,24000.0,733,3
M,37,30000.0,653,8
M,29,30000.0,684,0
M,25,45000.0,666,0
M,30,25000.0,688,0
M,30,25000.0,674,0
M,21,60000.0,675,0
M,25,15000.0,668,0
M,41,30000.0,700,0
F,23,42500.0,666,0
M,24,40000.0,689,0
M,35,19000.0,680,0
M,27,33500.0,684,0
M,32,21000.0,712,7
M,21,33000.0,670,0
M,34,50000.0,681,9
M,57,52000.0,673,0
M,40,40000.0,692,0
M,21,46000.0,658,1
M,38,15000.0,708,0
M,33,15500.0,688,0
M,32,35000.0,660,6
M,29,14000.0,643,4
M,43,35000.0,691,3
M,33,6000.0,726,0
M,44,45000.0,703,0
M,42,22000.0,708,0
F,32,18000.0,680,0
F,37,50000.0,682,0
M,43,18000.0,686,0
M,25,22000.0,658,2
M,29,32000.0,672,2
M,37,33000.0,690,0
M,31,28000.0,676,2
M,48,50000.0,717,0
M,28,100000.0,648,7
M,23,23000.0,675,0
M,37,15000.0,693,0
M,34,19500.0,686,1
M,31,24000.0,672,0
M,29,42000.0,676,0
M,25,12000.0,689,0
M,41,55000.0,706,0
M,23,19000.0,682,0
M,29,19000.0,684,0
M,28,18000.0,667,0
M,31,35000.0,661,32
M,25,17000.0,684,0
M,31,25000.0,705,1
M,32,42000.0,672,0
M,22,20000.0,668,2
F,41,12000.0,666,1
M,33,20000.0,722,0
M,51,35000.0,696,0
M,31,13000.0,680,0
F,40,20000.0,658,0
M,21,20000.0,675,0
M,27,25000.0,661,19
M,27,22000.0,676,3
M,32,18000.0,682,0
M,41,20000.0,690,0
M,29,19000.0,713,0
M,25,23000.0,674,0
M,48,12000.0,679,1
M,24,17000.0,645,1
M,21,30000.0,682,0
F,40,21000.0,679,9
M,50,50000.0,733,0
M,30,78500.0,657,1
M,34,45000.0,695,0
M,33,20000.0,704,1
M,37,27000.0,674,0
M,33,20000.0,651,1
M,55,23000.0,671,0
M,34,100000.0,672,0
M,28,15000.0,705,0
M,31,13000.0,669,0
M,46,27000.0,665,0
M,31,28000.0,669,0
F,31,17000.0,672,0
M,43,16000.0,679,0
M,22,11000.0,662,0
M,27,25000.0,678,4
M,33,30000.0,689,0
M,30,45000.0,687,0
M,39,28000.0,698,14
M,21,28000.0,669,0
M,31,20000.0,683,0
M,28,17800.0,671,0
F,31,30000.0,696,0
M,41,22000.0,679,0
M,32,20000.0,674,0
F,54,20000.0,678,0
M,29,23000.0,682,0
M,38,24000.0,700,0
M,24,32000.0,669,1
M,26,25000.0,688,0
M,34,20000.0,706,1
M,54,100000.0,727,0
M,34,28500.0,688,0
M,39,34800.0,703,0
M,33,17000.0,682,0
M,27,40000.0,686,4
M,32,25000.0,680,0
F,29,30000.0,656,3
M,23,20000.0,678,0
M,25,14000.0,688,0
M,24,25000.0,670,0
M,26,35000.0,671,0
F,46,35000.0,681,2
M,29,16000.0,678,1
F,26,16500.0,673,0
M,37,16000.0,712,0
M,46,30000.0,664,0
M,38,15200.0,665,0
M,26,15000.0,673,0
M,24,35000.0,664,0
M,59,35000.0,699,0
M,24,10000.0,693,0
F,33,42000.0,660,2
M,52,30000.0,719,0
F,23,10000.0,690,0
M,39,15000.0,657,0
F,37,25000.0,670,0
F,34,50000.0,652,11
M,41,17400.0,747,0
M,29,15000.0,660,0
M,28,25000.0,695,0
M,38,20000.0,714,3
M,27,18000.0,687,0
M,42,29000.0,682,1
F,30,20000.0,690,0
M,28,30000.0,681,11
M,35,30000.0,685,0
F,32,10000.0,667,1
M,22,12000.0,660,0
M,31,85000.0,706,0
F,43,26000.0,685,0
M,25,20000.0,679,0
M,27,20000.0,705,0
M,25,30000.0,656,0
M,31,20000.0,651,1
M,44,30000.0,709,0
M,28,20000.0,672,1
M,21,20000.0,652,0
M,37,45000.0,717,8
M,58,15000.0,659,6
M,37,20000.0,717,1
M,48,21000.0,727,0
M,35,25000.0,679,0
M,25,12000.0,682,0
M,30,30000.0,684,0
M,28,12500.0,654,3
M,34,10000.0,659,0
M,52,40000.0,687,0
M,38,50000.0,684,6
M,51,25000.0,666,3
M,33,33990.0,714,0
M,29,26000.0,649,3
M,55,30000.0,653,2
F,29,25000.0,686,0
M,24,16000.0,667,0
F,25,20000.0,672,0
M,23,20000.0,669,0
M,50,20000.0,718,0
M,21,22000.0,675,0
F,29,15000.0,667,0
M,26,16000.0,669,2
M,23,14000.0,681,0
M,22,18000.0,664,0
M,28,28000.0,675,0
M,29,30000.0,650,1
M,34,15000.0,677,0
F,30,16000.0,682,0
F,39,37500.0,663,2
M,49,18000.0,680,14
M,26,24500.0,714,0
M,50,33000.0,717,0
M,26,16500.0,640,0
M,28,40000.0,649,3
M,26,20000.0,710,0
M,28,25000.0,672,4
F,28,17.0,646,1
M,29,25000.0,674,0
M,29,20000.0,635,0
M,50,28000.0,707,0
M,25,25000.0,668,0
M,56,35000.0,669,0
M,26,19000.0,698,0
M,33,13000.0,687,0
M,25,10.0,688,0
F,43,30000.0,668,0
M,26,15000.0,666,0
M,48,16000.0,688,0
M,24,15000.0,682,0
M,29,45000.0,693,1
M,33,29000.0,659,0
M,27,35000.0,683,0
M,23,55000.0,684,0
M,44,25000.0,683,30
M,35,30000.0,683,0
M,30,33000.0,638,0
M,21,25000.0,680,4
F,46,20000.0,700,0
M,28,15000.0,687,0
M,21,23000.0,653,0
M,54,50000.0,692,0
M,31,90000.0,688,0
M,29,18000.0,681,1
M,44,25000.0,679,0
M,34,35000.0,687,0
M,27,25000.0,677,0
M,30,32500.0,672,5
F,26,24000.0,671,0
M,34,25000.0,679,7
M,46,25000.0,678,0
M,33,25000.0,677,0
F,28,12000.0,671,3
M,25,12000.0,685,1
F,50,30000.0,693,2
M,37,26000.0,655,1
M,29,5000.0,678,2
M,33,25000.0,636,0
M,29,29500.0,712,0
M,27,30000.0,654,4
M,28,18000.0,664,1
M,30,30000.0,672,0
F,29,15000.0,687,4
M,38,32000.0,683,0
M,34,19000.0,678,8
M,26,24000.0,690,0
M,33,39500.0,661,0
M,29,15000.0,662,0
M,38,48000.0,652,0
M,40,12000.0,692,1
M,24,20000.0,676,0
M,42,36000.0,670,0
M,39,24000.0,765,13
M,43,30000.0,681,0
M,36,45000.0,726,3
M,33,25000.0,684,0
M,33,18000.0,692,0
M,25,20000.0,664,0
M,23,23000.0,669,11
M,43,12000.0,678,2
M,22,17000.0,665,1
M,46,10000.0,689,0
M,58,43475.0,682,1
M,31,23500.0,683,0
M,30,22000.0,681,0
M,32,20000.0,675,3
M,30,14000.0,671,4
M,23,30000.0,686,0
M,32,25000.0,607,1
M,34,20000.0,686,1
M,32,20000.0,644,2
M,23,16500.0,661,0
M,30,87000.0,643,2
M,29,30000.0,668,2
M,32,16500.0,682,0
M,28,20000.0,673,0
M,24,18000.0,686,0
F,39,55000.0,683,0
M,33,36000.0,705,0
F,42,14000.0,682,0
M,47,51085.0,706,32
M,26,15000.0,668,1
M,46,23000.0,717,0
M,26,29000.0,683,0
M,28,40000.0,679,0
M,39,55000.0,662,0
M,22,18500.0,687,0
M,27,15000.0,661,0
M,27,20000.0,672,0
M,25,25000.0,673,0
M,47,22000.0,661,0
M,32,15000.0,670,0
M,45,100000.0,666,0
M,58,30000.0,684,0
M,40,25000.0,666,6
M,21,22000.0,689,0
M,49,24200.0,683,0
F,53,15000.0,666,0
M,32,24000.0,719,29
M,33,25000.0,636,1
M,46,28000.0,716,0
M,36,20000.0,673,0
M,42,15000.0,673,4
F,41,22000.0,676,0
M,21,32000.0,678,1
M,23,17000.0,691,0
M,46,35000.0,730,0
M,39,23000.0,667,0
M,27,15000.0,658,0
M,23,30000.0,678,0
M,47,25000.0,737,0
M,27,25000.0,683,0
M,26,18000.0,685,0
F,25,15000.0,699,0
F,42,20000.0,689,0
M,35,20000.0,667,0
M,32,10000.0,689,0
M,47,22000.0,664,0
M,49,40000.0,697,0
M,22,15.0,692,0
M,29,50000.0,684,0
M,23,33000.0,679,0
M,29,50000.0,707,0
M,33,20000.0,681,0
M,27,30000.0,651,2
M,41,35000.0,689,0
M,25,100000.0,671,0
M,31,28000.0,685,0
M,32,30000.0,700,0
M,21,20000.0,693,0
M,30,27000.0,660,4
M,32,11000.0,692,0
M,47,12.0,727,0
M,47,18000.0,714,0
M,26,19000.0,679,0
F,56,35000.0,715,0
F,48,12000.0,673,0
F,24,15000.0,683,0
M,22,32000.0,658,1
M,21,20000.0,670,0
M,24,22000.0,677,0
M,48,35000.0,668,1
M,21,21500.0,680,0
M,42,23000.0,663,1
M,29,25000.0,671,0
M,25,90000.0,662,0
M,32,15000.0,679,0
M,30,21000.0,659,1
M,41,27000.0,664,10
M,33,23000.0,709,0
M,23,20000.0,676,0
M,37,30000.0,699,0
M,43,20000.0,674,0
M,32,110000.0,561,4
M,43,12000.0,677,0
M,28,18500.0,689,0
M,25,40000.0,680,2
M,34,15000.0,673,0
M,30,15000.0,671,0
M,28,14000.0,666,0
M,35,30000.0,680,0
F,30,15000.0,663,1
M,38,50000.0,689,0
M,33,25000.0,674,0
M,37,35000.0,699,0
M,33,12000.0,667,0
M,37,35000.0,678,0
M,36,13000.0,688,0
M,41,20000.0,690,1
F,38,25000.0,685,0
M,48,40000.0,723,0
M,51,25000.0,710,2
M,27,13500.0,691,0
M,23,22000.0,712,0
M,33,150000.0,682,1
F,29,18000.0,689,0
M,34,39000.0,638,0
M,21,25000.0,671,0
M,50,24000.0,708,0
F,35,23000.0,674,0
M,37,15000.0,693,0
M,43,28000.0,643,0
F,27,10000.0,664,0
M,33,20000.0,680,0
M,33,33000.0,661,4
M,42,30000.0,666,0
M,34,20000.0,664,8
F,24,19000.0,669,0
M,25,15000.0,678,6
M,37,23000.0,689,6
M,28,12900.0,681,0
M,27,20000.0,651,0
M,24,14000.0,681,0
M,31,20000.0,687,11
M,36,20000.0,686,0
M,44,60000.0,658,3
M,23,18000.0,684,0
M,39,24000.0,685,0
M,32,38000.0,662,2
M,43,21000.0,690,0
M,43,21000.0,685,0
F,46,35000.0,729,0
M,23,15000.0,659,4
M,41,35000.0,683,8
M,29,18000.0,682,0
M,25,38000.0,689,0
M,37,20000.0,700,1
M,46,20000.0,739,0
M,48,15000.0,675,0
M,31,18500.0,673,0
F,46,15000.0,651,0
M,43,45000.0,686,0
M,27,20000.0,674,0
M,31,17000.0,690,0
M,31,20500.0,688,1
F,41,25000.0,688,1
M,45,40000.0,691,28
M,30,18000.0,663,7
F,30,45000.0,661,0
F,29,17500.0,671,0
M,49,24000.0,677,0
M,44,20000.0,699,0
M,32,25000.0,717,0
M,33,18000.0,680,0
M,33,18000.0,693,0
F,31,15000.0,676,1
M,32,25000.0,686,0
M,28,40000.0,678,8
M,29,15600.0,677,4
M,25,17000.0,685,0
M,28,23000.0,666,2
M,46,32000.0,750,0
M,59,17500.0,663,1
M,33,34000.0,674,26
M,61,22000.0,720,0
M,35,17500.0,677,0
F,22,18000.0,708,0
M,29,45000.0,659,0
M,29,18000.0,696,0
M,33,25000.0,657,3
M,26,40000.0,692,0
M,43,26500.0,652,4
M,29,25000.0,692,0
M,36,28000.0,677,0
M,30,13500.0,664,2
M,31,35000.0,700,0
F,42,25000.0,682,0
M,26,18000.0,684,0
M,31,25000.0,670,0
M,31,50000.0,695,13
M,26,20000.0,691,0
M,34,33000.0,690,2
M,37,15000.0,660,18
M,32,15000.0,683,0
M,34,30000.0,693,0
M,27,24000.0,689,0
M,44,32000.0,709,0
M,35,25000.0,671,7
M,41,25000.0,763,0
M,50,25500.0,708,1
M,26,50000.0,679,3
M,28,20000.0,659,3
M,22,35000.0,659,0
M,33,24000.0,681,0
M,32,20000.0,688,0
M,36,10000.0,700,0
M,34,25000.0,665,0
M,36,18000.0,692,0
M,43,35000.0,696,5
M,39,20000.0,685,11
M,26,20000.0,691,0
M,31,30000.0,674,0
F,35,25000.0,649,0
M,58,60000.0,697,0
M,26,45000.0,678,0
F,54,40000.0,681,6
M,35,25000.0,673,0
M,27,24000.0,678,2
M,24,25000.0,677,6
M,21,18000.0,680,0
M,23,10000.0,704,0
M,25,100000.0,672,0
M,25,22000.0,678,0
M,26,12500.0,683,0
F,27,28000.0,688,19
M,38,10000.0,709,0
M,34,22000.0,684,0
M,23,16000.0,690,0
M,24,22000.0,698,0
M,31,16000.0,701,0
F,32,20000.0,697,0
M,29,16000.0,657,0
M,44,30000.0,684,3
M,45,15000.0,693,0
M,38,21000.0,650,3
M,23,40000.0,661,2
M,42,35000.0,682,0
M,32,23000.0,685,0
M,40,16000.0,754,15
M,45,18000.0,705,7
M,37,18500.0,689,3
M,57,42000.0,661,11
M,26,18000.0,668,9
F,33,25000.0,686,0
M,28,25000.0,661,7
M,39,40000.0,667,0
M,30,25000.0,704,0
M,31,20000.0,685,0
M,26,15000.0,674,0
M,50,23000.0,692,0
M,46,9000.0,695,0
M,38,15000.0,708,0
M,29,11500.0,687,0
M,25,36000.0,666,0
M,23,8000.0,700,0
M,30,40000.0,680,0
M,24,36000.0,699,35
M,26,12000.0,716,0
M,38,20000.0,673,1
M,29,12000.0,711,0
M,29,15000.0,682,0
F,40,22500.0,664,4
M,21,24000.0,673,0
M,38,30000.0,711,0
M,26,18000.0,641,1
F,23,19000.0,650,0
M,39,18000.0,681,0
M,47,16000.0,680,0
M,32,65000.0,676,0
M,25,45000.0,669,3
M,40,14000.0,658,1
M,25,20000.0,663,0
F,48,14500.0,674,0
M,35,45000.0,678,1
M,37,90000.0,709,0
M,30,15000.0,679,0
M,43,45000.0,685,0
M,49,13200.0,714,0
F,24,18000.0,654,1
M,27,16600.0,648,0
M,46,8000.0,674,0
M,55,19000.0,659,1
M,60,15000.0,704,10
M,41,25000.0,677,0
M,25,20000.0,675,0
M,28,34850.0,695,0
M,23,15800.0,664,17
M,32,25000.0,716,0
M,36,30000.0,663,1
M,25,25000.0,671,0
M,28,14000.0,664,1
M,41,30000.0,705,0
M,37,30000.0,681,2
M,23,12000.0,669,0
M,25,15200.0,699,0
M,28,20000.0,669,2
M,30,38000.0,700,1
M,45,30000.0,698,0
M,34,40000.0,668,0
M,29,28000.0,692,0
M,38,30000.0,674,0
M,30,21000.0,710,0
M,41,25000.0,719,0
M,54,74000.0,726,0
M,35,30000.0,655,10
M,28,17500.0,667,0
M,24,20000.0,658,0
M,34,30000.0,676,1
M,22,30000.0,664,2
M,25,40000.0,671,0
M,42,18000.0,676,0
M,37,25000.0,664,3
M,43,26000.0,702,0
M,32,30000.0,703,0
F,37,18000.0,685,0
M,27,1000.0,689,0
M,40,33500.0,714,0
F,26,20000.0,674,0
M,55,21000.0,653,0
M,38,30000.0,684,0
F,22,20000.0,677,0
M,45,35000.0,708,0
M,40,30000.0,687,0
M,30,13000.0,667,3
F,30,15000.0,697,0
M,30,35000.0,681,0
M,36,36912.0,624,1
M,48,23000.0,689,3
M,31,25000.0,678,0
M,29,25000.0,668,3
M,25,23500.0,666,4
M,35,48000.0,667,7
M,30,25000.0,654,0
M,61,25000.0,696,0
M,26,17000.0,706,0
M,34,30000.0,704,0
M,29,15000.0,697,0
M,32,19000.0,692,0
M,59,18000.0,676,0
F,41,15000.0,711,3
M,35,18000.0,690,0
M,23,60000.0,681,0
M,40,20000.0,708,0
M,31,15000.0,683,0
M,53,21000.0,669,1
M,24,14000.0,647,0
M,37,23000.0,689,2
M,45,40000.0,747,0
M,28,20000.0,686,0
M,30,23500.0,681,0
M,32,16000.0,688,3
M,28,13000.0,680,0
M,22,25000.0,661,0
M,34,25000.0,677,0
M,38,35000.0,697,0
M,57,27000.0,660,1
F,43,52000.0,679,1
M,35,15000.0,681,2
M,45,16000.0,680,3
F,40,26000.0,679,0
M,37,20000.0,689,0
M,25,35000.0,677,0
M,35,15000.0,706,3
M,32,27000.0,678,1
M,41,15000.0,669,4
M,33,45000.0,671,0
M,23,27650.0,690,0
M,21,12000.0,690,0
M,33,30000.0,675,2
M,39,11500.0,688,0
M,26,25000.0,693,0
M,42,25000.0,665,2
F,38,24000.0,696,0
M,42,50000.0,764,1
M,30,35000.0,670,6
M,35,2200.0,681,0
M,40,15000.0,693,0
M,52,24500.0,736,0
M,35,20000.0,702,0
M,33,40000.0,702,0
M,33,33500.0,651,3
M,35,11000.0,669,0
M,23,22000.0,675,0
M,22,16000.0,684,0
M,32,11000.0,729,0
M,36,30000.0,664,0
M,30,22000.0,701,0
F,24,10000.0,692,0
M,43,28000.0,685,0
M,30,12000.0,677,0
M,39,50000.0,679,4
M,41,50000.0,683,0
M,31,34000.0,658,7
M,44,75000.0,711,0
M,28,18000.0,674,2
F,27,28000.0,683,0
F,43,30000.0,678,2
M,26,36000.0,682,0
M,28,80000.0,689,0
M,35,32000.0,655,0
M,28,15000.0,654,2
M,25,25000.0,677,0
M,24,13000.0,678,0
M,34,47000.0,657,1
M,27,16000.0,688,0
M,44,30000.0,717,0
M,31,24000.0,685,0
M,37,25000.0,678,0
M,32,20000.0,680,0
M,26,15000.0,667,0
M,37,28000.0,674,0
M,52,32000.0,694,0
M,24,22000.0,662,0
M,25,25000.0,642,0
M,26,45000.0,663,3
M,32,20000.0,686,0
M,34,16000.0,687,1
M,31,22000.0,678,0
M,32,25000.0,689,0
M,58,25000.0,687,3
M,35,23000.0,663,2
M,27,25000.0,650,1
M,42,20500.0,653,6
M,25,17000.0,672,1
M,42,15000.0,716,0
M,21,50000.0,685,0
M,43,37500.0,684,0
M,41,33500.0,691,0
F,22,15000.0,673,0
F,30,18000.0,659,0
M,41,18000.0,710,1
M,29,40000.0,662,0
M,24,18000.0,684,0
M,46,20000.0,714,0
M,27,16300.0,677,0
M,36,24000.0,678,0
F,25,15000.0,677,2
M,31,25000.0,675,4
M,46,55000.0,713,0
M,48,23000.0,700,0
M,45,38000.0,738,0
M,29,40000.0,676,13
M,25,38000.0,685,0
M,25,20000.0,689,0
M,27,54000.0,686,0
M,40,35000.0,698,0
M,26,19000.0,675,0
F,22,7000.0,691,0
M,24,18000.0,673,0
M,43,18000.0,695,14
M,32,30000.0,678,2
M,37,15000.0,658,0
M,48,18500.0,737,0
M,49,45000.0,686,0
M,27,25000.0,700,0
M,33,22500.0,675,2
M,41,11000.0,692,0
M,42,23000.0,702,0
M,33,22000.0,683,1
M,23,22000.0,687,0
F,32,30000.0,686,10
M,46,20000.0,664,5
M,24,8000.0,690,0
F,25,25000.0,672,0
M,28,28900.0,665,4
M,28,30000.0,673,15
M,39,35000.0,671,0
M,30,25000.0,680,0
M,41,20000.0,708,12
M,21,20000.0,666,17
M,32,40000.0,682,0
M,21,15000.0,687,0
M,45,30000.0,693,0
M,34,34000.0,685,0
M,27,30000.0,644,0
M,24,27000.0,679,0
M,34,25000.0,687,0
M,26,20000.0,681,0
M,30,29000.0,682,0
M,36,40000.0,674,0
F,26,13000.0,709,1
M,21,21000.0,680,0
M,55,60000.0,687,0
M,35,15000.0,725,3
M,26,17000.0,701,10
M,29,25000.0,684,0
M,35,29000.0,678,1
M,28,31500.0,686,0
M,54,25000.0,647,10
M,25,20000.0,703,1
M,25,35000.0,584,1
M,30,38000.0,652,3
M,34,18000.0,672,0
M,41,32000.0,690,2
M,46,31000.0,702,1
M,54,30000.0,809,9
M,46,40000.0,701,0
M,24,23900.0,655,0
M,44,30000.0,680,0
M,44,26000.0,708,0
M,34,50000.0,677,0
M,22,10000.0,665,1
M,23,18000.0,651,0
M,30,23000.0,673,0
M,46,18000.0,679,2
M,34,90000.0,600,0
F,25,9500.0,689,0
M,41,65000.0,674,0
M,28,30000.0,688,0
M,44,40000.0,697,0
M,26,25000.0,691,0
M,38,40000.0,666,24
M,27,17500.0,679,0
M,44,45000.0,728,0
M,33,15000.0,714,0
F,26,15000.0,655,0
M,32,45000.0,703,0
M,32,100000.0,672,0
F,36,44000.0,663,4
M,24,50000.0,673,0
M,58,30000.0,679,0
M,25,13500.0,674,0
M,35,23000.0,677,0
M,35,18000.0,664,0
M,23,25000.0,678,0
M,35,17000.0,671,15
M,37,20000.0,703,0
M,34,17000.0,676,0
M,24,32000.0,701,0
F,49,12000.0,672,1
M,37,30000.0,656,0
M,36,20000.0,553,6
M,28,25000.0,675,0
M,40,52000.0,708,0
M,22,25000.0,560,0
M,48,30000.0,682,0
M,30,21000.0,670,0
M,36,45000.0,672,13
M,38,50000.0,640,12
M,30,17000.0,673,0
M,55,20000.0,713,0
M,55,28000.0,722,0
M,26,15000.0,679,0
M,31,18000.0,677,0
M,31,25000.0,678,1
M,23,24000.0,720,0
M,37,17000.0,679,3
M,23,50000.0,672,0
M,48,25000.0,695,0
M,34,18000.0,706,0
M,30,21000.0,650,0
M,62,25000.0,676,8
M,27,35000.0,655,0
M,26,32000.0,675,14
M,30,15000.0,695,0
M,28,20000.0,680,0
M,21,16000.0,671,0
M,30,30000.0,682,13
F,38,25000.0,677,0
M,37,17500.0,670,0
M,28,20000.0,666,0
M,31,18000.0,678,11
F,27,70000.0,666,0
M,22,38000.0,675,0
M,22,40000.0,653,0
M,30,24000.0,691,0
M,46,35000.0,676,0
M,35,10000.0,684,0
M,28,22000.0,679,1
M,33,65000.0,669,0
F,50,14000.0,692,7
F,41,20000.0,661,0
M,26,15000.0,664,0
M,35,38000.0,681,3
F,34,8000.0,669,0
M,46,18000.0,693,0
M,46,55000.0,723,1
M,45,19000.0,711,0
F,49,10000.0,701,9
M,34,24000.0,682,1
M,44,13000.0,697,23
M,33,18000.0,664,3
M,36,30000.0,693,0
M,28,15000.0,685,0
M,38,20000.0,702,2
M,23,16700.0,665,0
M,25,15000.0,671,0
M,39,15000.0,707,0
F,31,15000.0,668,0
F,34,60000.0,667,0
M,27,15000.0,683,0
M,30,20000.0,669,0
M,34,23000.0,690,0
F,39,15000.0,661,0
M,23,25000.0,676,0
M,26,26200.0,669,0
M,41,12500.0,708,0
M,31,15000.0,678,6
M,26,15000.0,647,0
F,28,22000.0,702,0
M,36,18000.0,693,4
M,27,25000.0,699,0
M,43,30000.0,676,0
M,28,24652.0,727,0
M,34,22000.0,697,0
M,32,50000.0,678,0
M,48,25000.0,696,2
M,34,35820.0,669,10
M,33,22000.0,670,3
M,24,14000.0,674,0
M,27,45000.0,686,0
M,42,40000.0,721,1
M,40,18000.0,743,8
M,34,33000.0,710,0
M,21,42000.0,667,0
M,32,28000.0,669,0
M,29,40000.0,667,0
M,27,25000.0,665,0
M,28,12000.0,683,0
F,36,25000.0,679,0
M,28,16000.0,668,4
M,27,20000.0,684,0
M,26,22000.0,673,0
M,28,4500.0,667,0
M,34,32000.0,697,0
M,26,20000.0,700,0
M,42,53000.0,667,14
M,44,12000.0,680,0
M,28,10000.0,676,0
F,25,20000.0,685,0
M,51,11500.0,687,0
M,43,20000.0,634,2
M,27,22000.0,669,0
M,36,11200.0,668,0
M,27,24000.0,674,2
M,46,85000.0,686,7
M,49,10000.0,689,0
M,42,27500.0,650,1
M,38,50000.0,675,29
M,46,24800.0,660,1
M,30,32000.0,671,11
M,27,22000.0,665,1
M,21,17000.0,657,0
M,34,35000.0,695,0
M,36,32000.0,701,6
M,54,25000.0,740,18
M,58,20000.0,704,8
F,32,25000.0,687,0
M,28,22000.0,667,0
M,34,32000.0,685,0
M,23,13500.0,665,0
M,24,21000.0,670,0
M,38,35000.0,664,4
F,30,15000.0,684,0
M,41,20000.0,690,0
M,22,14000.0,679,0
F,38,14000.0,687,0
M,26,50000.0,671,0
M,26,12000.0,672,0
M,28,16500.0,661,0
M,29,26000.0,673,0
M,30,19000.0,693,1
F,25,18000.0,686,0
M,34,30000.0,686,0
M,39,60000.0,668,0
M,45,16000.0,666,0
F,29,13000.0,682,0
M,29,17500.0,682,7
M,22,15000.0,670,0
M,49,55800.0,704,0
M,21,15000.0,672,0
M,38,75000.0,669,0
F,27,18000.0,699,0
M,34,18000.0,671,0
M,45,18000.0,692,0
M,24,19868.0,676,9
M,31,18000.0,666,1
M,24,17000.0,670,0
M,39,25000.0,670,0
M,22,18000.0,642,0
M,38,20000.0,677,7
M,25,20000.0,694,0
M,45,30000.0,713,0
F,26,49000.0,676,0
M,44,8800.0,658,1
M,30,46000.0,665,1
M,36,6000.0,682,0
M,28,20000.0,669,0
M,35,16000.0,700,0
M,31,20000.0,677,0
M,24,18500.0,657,0
M,23,20000.0,665,5
M,52,25000.0,665,2
M,26,13000.0,683,0
M,31,32800.0,667,0
M,24,28500.0,688,0
M,28,15000.0,687,0
F,29,25000.0,687,0
M,28,25000.0,658,1
M,51,30000.0,694,0
M,37,16000.0,684,0
M,45,20000.0,688,0
M,36,38000.0,675,4
M,43,20000.0,724,4
F,45,25000.0,687,4
M,41,25000.0,679,0
M,24,24000.0,672,15
M,27,22500.0,672,0
M,42,19000.0,705,0
M,42,50000.0,658,5
M,43,50000.0,672,58
M,42,19000.0,676,0
M,29,15000.0,683,0
M,36,10500.0,693,0
M,33,30000.0,680,0
M,28,20000.0,690,0
M,29,30000.0,682,0
M,39,30000.0,681,0
M,30,11000.0,675,1
M,22,18500.0,668,0
M,30,24000.0,681,0
F,26,24000.0,672,0
M,23,15000.0,661,1
M,25,16000.0,679,0
M,34,28000.0,680,0
M,31,19500.0,675,0
M,25,17000.0,687,0
F,54,28000.0,666,0
M,49,15000.0,658,0
M,32,70000.0,685,0
M,33,25000.0,683,16
M,38,38000.0,693,4
F,21,18500.0,681,0
M,38,17500.0,724,0
F,30,17500.0,695,0
M,42,30000.0,679,0
M,36,39000.0,716,0
M,26,18650.0,694,0
M,40,36000.0,732,0
M,47,10.0,679,0
M,56,22500.0,707,1
M,25,38500.0,667,0
M,35,36000.0,701,0
M,21,30000.0,673,2
F,30,15000.0,660,0
M,26,30000.0,660,11
M,33,23000.0,688,0
M,48,24000.0,667,1
M,23,20000.0,677,0
M,30,28000.0,681,0
M,31,40000.0,691,0
M,37,25000.0,677,0
M,22,35000.0,686,0
M,24,30000.0,663,0
F,46,15000.0,701,0
M,43,18500.0,688,0
M,41,80000.0,678,0
M,32,20000.0,684,0
M,27,40000.0,679,1
F,27,20000.0,702,0
M,25,20000.0,672,0
M,29,22700.0,690,0
M,30,28000.0,658,14
M,32,40000.0,678,0
M,32,20000.0,661,0
M,23,25000.0,675,0
M,35,25000.0,646,2
M,32,30000.0,666,3
F,33,37000.0,679,2
M,22,45000.0,690,0
M,44,35000.0,712,0
M,38,21000.0,647,1
M,27,14192.0,716,0
M,39,16500.0,704,0
F,41,30000.0,676,6
M,36,40000.0,683,0
M,23,19000.0,683,0
M,52,30000.0,739,0
M,30,25000.0,674,0
M,35,21000.0,671,1
M,24,35000.0,676,0
M,27,47000.0,680,0
M,40,50000.0,681,0
M,47,10500.0,679,2
F,27,40000.0,688,0
F,57,17000.0,683,0
F,39,14500.0,705,8
F,52,35000.0,673,1
M,36,18000.0,663,0
M,44,50000.0,739,0
M,31,20000.0,726,0
M,32,35000.0,675,0
M,22,45000.0,680,0
M,34,38000.0,686,0
M,24,13000.0,689,0
M,30,35000.0,678,0
M,26,16500.0,685,0
M,57,31575.0,688,1
M,22,20000.0,649,0
M,34,32500.0,695,0
F,47,13400.0,685,0
M,31,46000.0,728,0
M,45,28000.0,688,0
F,33,15000.0,671,0
M,40,12000.0,677,0
M,22,15000.0,655,2
M,33,15000.0,675,1
M,45,20000.0,738,0
M,37,30000.0,686,0
M,32,27000.0,691,0
M,42,36000.0,622,1
F,27,18000.0,669,0
M,27,30000.0,694,0
M,26,60000.0,636,4
M,29,19000.0,685,0
M,40,15000.0,672,14
F,45,20000.0,681,0
M,25,19000.0,690,0
M,55,16000.0,722,0
M,40,11130.0,688,0
M,27,15000.0,675,0
M,32,13000.0,684,1
M,45,30000.0,675,0
M,24,23500.0,669,0
M,40,26000.0,698,0
M,36,29000.0,680,3
F,47,20000.0,649,1
M,23,30000.0,678,0
M,39,20000.0,670,0
M,30,22000.0,640,5
M,47,10000.0,674,0
M,21,19000.0,644,2
M,42,45000.0,691,6
M,25,20000.0,692,0
M,35,35000.0,669,0
M,40,17000.0,678,0
M,27,7000.0,669,2
F,34,32000.0,677,0
M,26,20000.0,679,0
M,42,30000.0,709,0
M,27,41000.0,681,0
M,29,14880.0,705,0
M,33,20000.0,687,0
M,25,25000.0,688,0
F,47,10000.0,679,0
M,36,30000.0,695,0
M,29,13000.0,681,0
M,36,25000.0,669,0
M,25,20000.0,653,4
M,42,18000.0,679,0
M,48,28000.0,676,0
M,27,17000.0,671,2
M,24,15000.0,671,0
M,56,35000.0,784,1
M,38,25000.0,680,0
M,30,23850.0,660,0
M,30,20000.0,713,1
M,35,35000.0,648,0
M,37,25500.0,686,0
M,34,20000.0,658,2
M,60,30000.0,693,0
M,24,17000.0,684,0
M,40,25000.0,668,1
F,35,8900.0,719,0
M,34,40000.0,676,17
F,32,28000.0,667,0
M,42,20000.0,677,4
M,33,30000.0,714,0
F,34,23780.0,667,0
M,29,16800.0,702,0
M,24,10000.0,680,0
M,36,11000.0,643,2
M,37,35000.0,679,6
M,30,18000.0,681,0
M,27,20000.0,678,0
M,22,45000.0,680,0
M,24,12000.0,682,0
M,43,50000.0,702,0
M,35,20000.0,674,0
M,34,25000.0,710,0
M,43,40000.0,692,7
M,31,40000.0,698,2
M,31,12000.0,672,0
M,39,24000.0,692,0
M,44,25000.0,659,8
M,37,28000.0,698,0
M,48,25000.0,665,1
M,55,38500.0,676,5
F,35,12000.0,682,0
M,27,12000.0,678,0
M,40,25000.0,667,0
M,31,18500.0,678,9
F,39,20000.0,674,0
M,26,28000.0,648,0
M,49,62200.0,738,54
M,23,18000.0,670,0
M,30,22000.0,638,0
M,34,25000.0,693,0
M,30,18600.0,698,4
M,53,65000.0,716,0
M,38,45500.0,666,0
M,35,28500.0,655,2
M,25,12500.0,675,3
M,28,15000.0,611,0
F,31,15000.0,652,9
M,29,13000.0,662,0
M,50,20000.0,679,0
M,23,9413.0,655,0
F,23,30000.0,639,0
M,23,17000.0,682,0
M,42,35000.0,704,0
M,51,19000.0,665,0
M,38,25000.0,695,0
M,46,25000.0,700,10
M,22,15000.0,690,0
M,30,25000.0,678,1
M,48,15000.0,668,0
M,27,20000.0,682,1
M,43,20000.0,656,2
M,46,16500.0,660,0
M,25,35000.0,679,0
M,33,350000.0,681,1
M,28,30000.0,678,0
M,26,26000.0,681,0
M,26,15000.0,679,0
M,35,16000.0,697,3
M,40,16000.0,680,0
M,32,2.0,691,1
M,24,18000.0,666,0
M,31,45000.0,681,0
M,36,28000.0,680,0
M,41,20084.0,707,4
M,43,20000.0,688,0
M,26,25000.0,674,0
M,33,33000.0,665,0
M,44,23000.0,672,0
M,33,35000.0,710,0
M,30,45000.0,656,1
M,28,19000.0,684,0
M,52,15000.0,674,0
M,21,25000.0,682,0
M,59,42000.0,655,2
M,24,17500.0,683,0
M,42,15000.0,681,0
M,47,37000.0,753,0
M,24,60000.0,682,0
M,31,22850.0,665,1
M,23,15000.0,658,0
M,23,35000.0,660,0
M,37,30000.0,629,0
M,21,18000.0,680,0
F,30,12000.0,685,5
M,23,35000.0,698,0
M,32,13000.0,684,0
M,27,15000.0,650,0
M,28,15000.0,687,0
M,31,20000.0,679,0
M,28,29300.0,684,27
F,41,10000.0,715,0
M,26,20000.0,686,0
M,36,24000.0,674,4
F,39,22500.0,661,1
M,46,17000.0,688,2
M,30,34000.0,693,20
M,31,13000.0,658,0
M,36,26000.0,681,0
M,35,25000.0,661,1
M,43,24000.0,674,1
F,28,27000.0,698,0
M,30,12500.0,668,6
F,53,35000.0,687,0
M,23,13000.0,680,0
F,44,55000.0,635,3
M,21,13556.0,647,0
M,27,25000.0,678,0
M,38,30000.0,705,0
M,29,30000.0,673,6
M,26,45000.0,665,0
M,30,28000.0,675,0
M,37,48000.0,670,0
M,34,11000.0,688,0
M,48,34000.0,688,0
M,27,42000.0,677,0
M,31,11000.0,696,0
M,45,30000.0,681,0
M,30,18000.0,679,0
M,37,31000.0,657,1
M,27,20000.0,660,10
F,32,14000.0,668,0
M,38,24000.0,701,13
M,31,25000.0,698,34
M,26,15000.0,682,0
M,34,19000.0,651,1
M,23,25000.0,687,0
M,30,14000.0,686,2
M,27,50000.0,536,0
M,30,14000.0,652,0
M,33,30000.0,687,0
M,23,10000.0,678,6
M,52,45000.0,685,1
M,42,23000.0,686,0
M,25,15000.0,676,0
M,27,16500.0,682,0
M,38,26000.0,686,5
M,25,25000.0,678,0
M,46,35000.0,722,0
M,43,20000.0,699,0
M,36,15000.0,693,1
M,30,35000.0,744,0
F,24,15000.0,688,0
F,39,19500.0,683,0
M,21,20119.0,646,0
M,22,14000.0,761,0
M,26,21500.0,679,0
M,33,11300.0,702,0
M,35,25000.0,675,0
M,37,20000.0,670,4
M,34,18000.0,644,4
M,24,55000.0,681,0
M,26,45000.0,664,0
M,35,35000.0,693,0
M,39,40000.0,693,0
F,27,35000.0,682,0
M,21,15000.0,672,14
M,25,11000.0,679,1
M,38,50000.0,674,4
M,30,23000.0,688,0
M,44,18000.0,692,0
M,29,50000.0,672,0
M,29,12800.0,687,10
M,40,20000.0,674,0
M,26,20000.0,668,0
M,35,35000.0,715,3
M,26,12000.0,663,2
M,37,64500.0,699,7
F,25,28000.0,657,0
F,28,27000.0,663,0
M,27,22000.0,687,0
M,25,25000.0,682,0
M,24,15500.0,665,0
F,22,20500.0,675,0
M,26,22000.0,660,1
M,32,84000.0,659,4
M,31,32000.0,660,0
M,34,10500.0,667,0
M,42,12000.0,697,0
F,21,15000.0,675,0
M,24,45000.0,678,0
F,25,45000.0,699,0
M,35,18000.0,690,0
M,40,15000.0,652,3
M,28,20000.0,678,0
M,25,15000.0,680,0
M,39,23000.0,701,5
M,40,35000.0,718,0
M,23,18000.0,654,0
M,30,50000.0,692,0
M,22,13500.0,675,0
M,42,20000.0,681,0
M,49,24000.0,710,0
M,48,41599.0,707,4
M,26,20000.0,680,0
F,32,28000.0,668,0
M,33,21000.0,678,0
M,38,28000.0,726,7
M,47,20000.0,658,0
M,44,38000.0,737,2
F,42,12000.0,695,0
M,25,35000.0,649,0
M,27,17000.0,682,0
F,57,25000.0,712,10
M,27,30000.0,677,13
M,22,27000.0,677,0
M,22,15000.0,667,0
F,31,30000.0,691,0
M,23,25000.0,650,2
M,51,35000.0,730,5
M,32,36000.0,655,16
M,45,55000.0,698,0
M,38,20000.0,712,0
M,24,20000.0,704,4
M,37,20000.0,692,0
M,36,36000.0,674,0
M,24,32000.0,662,1
M,23,40000.0,667,1
M,35,25000.0,680,0
M,38,22000.0,644,0
M,48,20000.0,680,0
F,46,10000.0,684,0
M,36,32000.0,692,0
M,38,25000.0,695,15
M,38,22000.0,687,0
M,26,28000.0,674,0
M,46,16000.0,697,0
M,27,30000.0,681,1
M,48,30000.0,689,4
M,26,22000.0,667,0
M,42,30000.0,705,15
M,32,35000.0,663,0
F,40,20000.0,681,0
M,25,15000.0,657,0
M,39,24000.0,680,15
M,28,11200.0,678,0
M,55,32000.0,727,0
M,26,10000.0,681,0
M,27,55000.0,689,1
M,52,25594.0,708,0
M,42,23000.0,664,2
M,32,11000.0,686,0
M,35,22300.0,697,0
M,22,13500.0,695,0
M,39,35000.0,690,0
M,25,20000.0,676,3
M,33,50000.0,652,3
M,26,18000.0,671,0
M,32,18000.0,655,8
M,55,26000.0,697,15
M,28,22000.0,643,11
M,31,40000.0,686,5
M,41,11000.0,709,0
M,32,30000.0,754,0
F,24,13000.0,666,0
F,41,20000.0,665,5
M,45,35000.0,710,5
M,23,22000.0,688,0
M,24,20000.0,678,0
M,28,30000.0,672,0
M,40,26000.0,658,1
M,40,50000.0,685,0
M,21,17000.0,672,0
M,24,10500.0,672,0
M,26,35000.0,685,0
M,47,11000.0,692,14
M,33,32000.0,732,0
M,24,15000.0,663,0
M,34,10060.0,681,0
M,26,16000.0,683,0
F,36,19800.0,663,3
M,28,18000.0,685,0
F,31,13000.0,684,0
M,29,19500.0,681,0
M,23,30000.0,675,0
M,24,15000.0,683,0
M,29,22000.0,672,0
M,33,42000.0,671,0
M,29,30000.0,735,0
M,35,25000.0,697,8
M,28,20.0,674,0
M,37,40000.0,668,2
M,32,36.0,652,2
F,35,13000.0,684,1
M,28,31000.0,658,0
M,27,23900.0,671,0
M,40,50000.0,692,0
M,46,13500.0,666,0
M,55,20000.0,686,0
M,41,38000.0,667,19
M,30,55000.0,681,0
M,27,20000.0,666,4
M,34,12500.0,706,0
M,25,25000.0,661,0
M,39,25000.0,633,0
M,26,18000.0,670,1
M,37,30000.0,794,0
M,43,25000.0,673,23
M,22,40000.0,684,0
M,29,15000.0,640,0
M,26,47000.0,676,0
M,25,20000.0,639,0
M,40,30000.0,741,0
F,26,15000.0,678,0
F,40,7000.0,658,1
M,26,35000.0,650,0
M,29,10000.0,690,0
M,27,25000.0,677,3
M,35,17000.0,654,4
M,47,1055.0,678,0
F,36,30000.0,671,0
M,30,24000.0,651,2
M,37,30000.0,691,0
M,31,20000.0,698,0
M,36,25000.0,685,4
M,37,30000.0,688,0
M,25,27000.0,681,0
M,42,25000.0,671,0
M,43,15000.0,665,3
M,26,23000.0,645,0
M,23,18000.0,672,0
M,36,20000.0,699,0
M,33,20000.0,671,0
M,32,22500.0,677,0
M,59,24000.0,673,0
F,33,12000.0,692,0
M,30,20000.0,675,0
M,22,20000.0,687,0
M,27,16000.0,683,0
M,43,29000.0,673,0
M,28,35000.0,678,0
M,46,20000.0,684,11
F,32,28000.0,679,0
M,30,26000.0,692,0
M,26,30000.0,673,0
M,30,22000.0,675,0
F,24,18000.0,685,0
M,31,17500.0,703,0
M,46,10000.0,677,17
M,42,64000.0,696,2
M,49,15000.0,732,2
M,37,23500.0,683,11
M,32,30000.0,689,2
F,34,9500.0,686,3
M,34,28000.0,685,0
M,26,30000.0,678,0
M,57,25000.0,698,0
M,45,20000.0,686,0
M,26,16000.0,663,1
F,27,65000.0,696,0
M,47,15000.0,670,0
M,27,25568.0,681,0
M,41,80000.0,682,1
M,24,26439.0,671,0
M,29,15000.0,664,0
M,48,40000.0,734,16
F,30,24500.0,673,0
M,32,22000.0,700,10
M,29,25000.0,664,0
M,22,15000.0,672,9
M,29,23000.0,656,2
M,32,2500.0,682,0
M,29,27250.0,665,0
M,24,13500.0,673,0
M,25,15000.0,631,4
M,34,25000.0,684,0
M,42,25000.0,700,0
M,32,40000.0,688,0
M,40,35000.0,693,0
M,39,30000.0,684,0
M,26,24000.0,682,3
M,28,20000.0,695,0
M,24,12000.0,676,1
F,45,15.0,673,4
M,24,25000.0,659,0
M,21,14600.0,680,0
M,30,18000.0,622,0
M,31,15000.0,673,0
M,30,18000.0,669,0
M,27,22500.0,684,0
M,21,35000.0,675,1
F,37,20000.0,723,0
M,35,24000.0,678,0
M,38,14000.0,672,0
M,23,30000.0,664,0
F,23,25000.0,685,0
F,43,18000.0,687,0
M,52,70000.0,716,0
M,31,31000.0,701,0
M,26,14000.0,692,0
M,55,8000.0,693,0
M,32,25000.0,700,0
M,28,20000.0,693,0
M,26,32400.0,680,0
M,31,18000.0,665,3
F,39,17000.0,658,2
M,27,30000.0,661,0
M,24,15000.0,667,0
M,30,30000.0,668,0
M,56,40000.0,683,0
F,33,12500.0,675,1
M,29,17500.0,705,0
M,28,40000.0,650,7
M,39,51000.0,682,0
F,26,16000.0,687,0
M,38,20000.0,686,0
F,23,18000.0,670,0
M,27,80000.0,651,4
M,31,33000.0,669,0
M,25,27000.0,670,0
M,25,30000.0,658,0
M,25,18000.0,690,0
M,29,23000.0,660,12
F,35,15000.0,686,0
M,29,24000.0,689,0
M,28,15000.0,678,0
F,39,15000.0,675,0
M,51,45000.0,664,1
M,45,40000.0,680,0
M,28,18000.0,679,0
M,34,29000.0,704,5
M,51,54000.0,691,0
M,24,35000.0,680,0
M,30,14000.0,666,5
M,29,37320.0,674,2
M,42,20000.0,671,0
M,33,18200.0,684,0
M,37,18000.0,681,0
F,28,20000.0,688,0
M,30,35000.0,674,0
M,28,16000.0,659,0
M,35,17000.0,669,0
M,26,20000.0,702,0
M,28,25800.0,686,0
M,21,45000.0,668,1
F,41,50000.0,638,1
M,24,25500.0,663,0
M,33,20000.0,661,0
M,23,25000.0,699,0
M,42,20000.0,672,9
M,26,18000.0,684,0
M,32,210000.0,672,4
M,31,30000.0,636,0
M,23,52000.0,653,0
F,26,20000.0,670,0
M,49,30000.0,731,0
M,21,14500.0,667,5
M,21,19500.0,650,1
M,21,18000.0,641,1
M,43,10800.0,707,0
M,27,45000.0,648,3
M,54,25000.0,670,11
M,38,35000.0,677,0
M,23,28000.0,585,0
M,54,30000.0,700,7
M,31,12000.0,672,0
F,33,18000.0,679,3
M,56,30000.0,687,0
M,27,21500.0,718,0
M,21,15000.0,687,4
M,23,15000.0,701,13
M,45,15000.0,663,0
M,24,24000.0,674,0
F,24,26.0,676,11
M,27,24000.0,692,0
M,49,32000.0,719,0
M,26,18000.0,667,0
M,26,20000.0,684,0
M,33,32000.0,676,1
M,29,59000.0,672,0
M,34,33500.0,601,0
M,33,16000.0,681,0
M,30,25000.0,694,0
F,28,15000.0,679,0
M,45,10000.0,671,1
M,25,50000.0,663,0
M,33,15000.0,652,11
M,42,43000.0,708,0
M,24,30000.0,647,1
M,34,30000.0,702,0
M,28,33000.0,658,1
M,37,13500.0,679,39
M,30,28000.0,649,0
M,27,24000.0,637,2
M,28,12000.0,690,0
M,24,22500.0,658,0
M,26,29500.0,680,0
M,25,18000.0,688,0
M,38,25000.0,659,1
M,27,30000.0,681,0
M,30,150000.0,656,0
M,30,35000.0,680,11
M,27,27000.0,674,0
M,23,19500.0,655,0
M,46,45000.0,684,0
M,33,22000.0,693,0
M,30,35000.0,679,1
M,38,10000.0,701,0
F,37,15000.0,705,0
M,40,30000.0,671,0
F,23,18000.0,634,0
M,22,25000.0,684,0
M,24,12000.0,680,0
M,38,12000.0,696,0
M,54,16800.0,695,0
M,25,12000.0,648,0
M,30,20000.0,678,5
M,33,35000.0,668,0
M,44,18000.0,706,0
M,43,20000.0,666,0
M,33,35000.0,685,0
M,35,20000.0,701,0
M,32,20000.0,683,6
F,29,12500.0,656,2
M,53,40000.0,740,0
M,28,15000.0,665,1
M,28,24500.0,647,2
M,30,10000.0,664,0
M,36,20000.0,652,4
M,33,28000.0,656,10
F,34,28000.0,710,0
M,49,40000.0,676,1
M,23,48000.0,688,9
M,41,19000.0,673,0
M,29,25000.0,683,0
M,33,20000.0,671,0
M,32,15400.0,663,0
M,52,29000.0,723,0
M,49,40000.0,685,0
M,37,14000.0,674,0
M,37,10000.0,690,0
M,30,24000.0,705,0
M,21,30000.0,662,0
M,33,26000.0,690,0
M,46,15000.0,742,12
M,41,19000.0,673,0
M,23,18000.0,670,0
M,27,25000.0,678,0
M,56,20000.0,698,0
M,30,20000.0,662,1
F,25,40000.0,733,0
M,32,40000.0,674,0
F,35,30000.0,707,0
M,28,2500.0,677,0
M,35,18000.0,704,0
M,27,25000.0,697,28
F,45,20000.0,654,2
M,32,12000.0,668,0
M,56,45000.0,693,0
M,26,25000.0,678,0
M,27,11000.0,656,0
M,29,32000.0,632,2
M,30,16500.0,675,1
M,33,23000.0,659,3
M,36,37500.0,674,4
M,28,31000.0,669,0
M,26,30000.0,699,0
M,32,35000.0,682,0
M,26,26500.0,672,17
M,39,25000.0,651,1
M,36,15000.0,642,0
M,37,10300.0,653,2
M,23,30000.0,688,0
M,32,90000.0,667,9
M,60,12000.0,698,0
M,25,14000.0,675,0
M,47,30000.0,679,0
M,35,25000.0,667,3
M,40,28000.0,689,26
M,37,17000.0,661,6
M,27,30000.0,678,0
M,30,40000.0,662,0
M,28,22000.0,657,0
M,24,15000.0,635,1
M,37,30000.0,689,0
M,25,20000.0,685,0
M,33,15000.0,652,2
M,29,15900.0,681,7
M,29,74000.0,663,1
M,33,25000.0,665,1
M,34,30000.0,683,0
M,22,14000.0,683,0
M,32,18000.0,681,0
M,31,10000.0,689,0
M,35,28000.0,688,0
F,28,25000.0,663,3
M,31,27000.0,702,0
M,30,24000.0,664,9
M,53,23000.0,678,0
M,25,16500.0,685,0
M,53,35000.0,708,0
M,27,13800.0,685,0
F,46,19000.0,657,5
M,29,27805.0,689,0
M,30,24000.0,660,0
M,38,44000.0,686,0
M,43,18000.0,694,0
M,30,30000.0,668,0
M,31,149000.0,684,6
M,24,16500.0,685,0
M,36,15000.0,682,0
M,25,30000.0,673,3
M,33,25000.0,676,0
F,29,23000.0,661,6
M,24,25000.0,684,0
M,31,26000.0,701,6
M,26,30000.0,696,0
M,44,40000.0,685,0
M,37,12000.0,683,9
M,21,18000.0,688,0
M,25,18000.0,684,0
M,32,18000.0,677,0
M,30,15000.0,665,0
M,41,20000.0,697,0
M,32,30000.0,682,0
M,26,29000.0,658,0
M,41,45000.0,662,0
M,49,45000.0,672,0
M,36,15000.0,680,3
M,35,20000.0,687,0
M,25,40000.0,652,1
M,27,28000.0,675,0
M,21,19000.0,689,0
M,45,30000.0,707,0
M,27,32000.0,677,0
M,24,25000.0,669,0
M,25,15000.0,694,0
M,39,18000.0,689,0
M,47,30000.0,668,1
F,34,15000.0,689,0
M,31,54253.0,704,0
M,26,17000.0,694,16
M,28,3000.0,695,0
M,38,18000.0,701,6
M,25,18000.0,675,4
F,29,35000.0,703,0
M,53,19500.0,683,0
M,21,15000.0,658,0
M,46,25000.0,695,7
M,27,45000.0,716,0
F,59,38600.0,690,0
F,37,30000.0,678,0
F,29,20000.0,681,1
M,29,16000.0,629,0
M,27,25000.0,686,0
M,47,17000.0,682,0
M,42,50000.0,675,0
M,33,38500.0,680,0
M,32,17500.0,637,0
M,29,20000.0,669,0
M,28,29000.0,703,0
M,27,18000.0,686,0
M,40,30000.0,661,1
M,23,13500.0,682,0
M,30,20500.0,639,5
M,55,48000.0,697,18
M,34,14700.0,662,4
M,27,8000.0,671,0
M,22,18697.0,673,0
M,23,25000.0,663,3
F,31,20000.0,683,0
M,31,24000.0,677,0
M,46,40000.0,760,0
M,41,25000.0,681,0
M,32,16000.0,681,0
M,34,25000.0,693,0
M,33,42500.0,691,0
M,42,30000.0,712,19
M,26,13000.0,700,0
M,38,25000.0,669,2
M,54,60000.0,680,3
F,38,30000.0,661,16
M,31,45000.0,673,0
M,28,15000.0,684,0
M,22,19000.0,679,0
F,26,15000.0,666,2
M,43,45000.0,684,0
M,22,19000.0,685,3
M,30,25000.0,700,0
M,35,30000.0,701,0
M,28,20000.0,681,0
M,38,35000.0,726,0
M,33,20000.0,686,0
M,25,30000.0,664,3
M,48,20000.0,702,11
M,21,20000.0,678,0
M,30,10500.0,699,0
M,32,40000.0,703,0
M,26,35000.0,654,0
F,49,32000.0,685,0
M,58,34695.0,694,0
F,27,28000.0,639,0
M,40,25000.0,694,0
M,36,24000.0,656,4
M,40,45000.0,692,0
M,28,33500.0,654,4
M,27,20000.0,688,0
M,42,28000.0,681,0
F,43,18300.0,657,2
M,35,25000.0,676,0
M,28,30000.0,662,0
M,32,30000.0,777,0
M,54,40000.0,694,0
M,49,26500.0,662,2
M,27,26000.0,689,0
M,37,20000.0,697,0
M,32,21000.0,649,1
M,33,25000.0,727,0
M,24,16000.0,675,0
M,49,35000.0,631,0
M,42,60000.0,645,6
M,21,22000.0,657,1
M,50,20000.0,683,0
F,41,28000.0,723,0
M,26,25000.0,698,0
M,34,18000.0,699,0
M,49,50000.0,704,0
M,36,19000.0,688,0
M,43,30000.0,668,0
M,29,29000.0,690,0
M,39,14500.0,683,0
F,21,16500.0,666,0
M,33,35000.0,693,30
M,32,14000.0,633,2
M,35,17000.0,697,0
F,27,14000.0,691,0
M,30,25500.0,679,0
M,29,10000.0,702,0
M,22,23000.0,663,6
M,37,40000.0,736,0
M,35,18000.0,675,7
M,45,40000.0,697,3
M,54,18000.0,694,0
M,47,25000.0,714,0
F,23,23000.0,673,0
M,22,40000.0,663,0
F,38,28000.0,669,0
M,30,20000.0,671,0
M,25,17000.0,687,0
M,22,25000.0,654,0
M,29,21000.0,668,0
F,39,25000.0,671,0
M,46,40000.0,743,0
M,49,35000.0,685,0
F,38,11000.0,678,0
M,26,12000.0,621,9
M,30,40000.0,676,0
M,39,18500.0,628,0
M,26,25000.0,593,0
M,39,22000.0,673,0
M,24,38000.0,676,0
F,43,18000.0,693,4
M,24,35000.0,656,0
M,29,20000.0,670,0
M,29,40000.0,695,0
M,53,30000.0,734,1
M,26,57500.0,658,0
F,40,20800.0,653,0
M,33,28000.0,665,0
M,24,11300.0,678,0
M,22,20000.0,670,0
M,31,14200.0,652,0
M,27,30000.0,680,0
M,23,12000.0,668,0
M,25,18000.0,694,0
F,37,10500.0,689,0
M,22,10000.0,678,0
M,39,10000.0,688,12
F,42,45000.0,684,0
M,26,35000.0,663,0
F,46,25000.0,705,2
M,39,45000.0,671,2
M,29,19000.0,687,0
M,26,21500.0,671,1
M,31,24000.0,654,0
M,33,20000.0,686,0
M,47,28000.0,681,0
M,44,38000.0,686,0
M,53,20000.0,698,0
M,30,30000.0,685,0
M,40,17600.0,666,0
M,24,30000.0,679,1
M,28,24500.0,690,0
M,39,20000.0,709,0
M,27,45000.0,685,2
M,31,20000.0,685,0
M,26,15000.0,691,0
F,40,17000.0,656,0
M,26,95000.0,651,0
M,38,15000.0,678,6
M,57,20000.0,698,0
M,31,39000.0,660,1
M,53,20000.0,698,0
M,27,20000.0,685,0
M,36,35000.0,687,0
M,29,12000.0,676,3
M,38,13000.0,679,0
M,42,35000.0,656,0
M,28,23000.0,667,0
M,26,40000.0,682,0
M,38,25000.0,625,1
M,44,35000.0,639,0
M,33,17000.0,689,4
M,29,20000.0,661,1
M,35,19000.0,686,0
M,28,45000.0,672,2
M,29,12000.0,689,0
M,46,23500.0,765,12
M,28,18800.0,677,0
M,41,20000.0,705,0
M,22,14500.0,668,0
M,38,45000.0,680,0
F,46,15000.0,683,0
M,30,26000.0,681,0
M,61,30000.0,701,1
M,42,20000.0,693,0
F,49,35000.0,691,0
M,29,60000.0,696,0
M,39,35000.0,712,0
M,40,25000.0,691,5
M,25,35000.0,677,0
M,27,10000.0,686,0
F,23,8500.0,683,0
M,42,24000.0,711,0
M,24,18000.0,582,1
M,44,30000.0,694,0
M,29,28000.0,699,4
M,24,30000.0,673,0
M,36,27000.0,701,2
M,24,20000.0,680,0
M,32,18000.0,689,0
M,36,18000.0,670,14
M,26,50000.0,660,0
M,28,85000.0,692,12
F,21,15000.0,692,0
M,34,10000.0,698,1
F,34,30000.0,706,0
M,51,50000.0,703,0
M,36,26000.0,671,0
M,31,40000.0,706,0
M,25,35000.0,663,0
F,30,15000.0,674,0
M,45,20000.0,622,1
M,30,16000.0,698,2
F,46,17000.0,658,0
M,31,15000.0,678,0
M,42,30000.0,692,0
M,29,23500.0,686,2
M,34,40000.0,688,0
M,37,15000.0,695,0
M,26,18000.0,662,0
M,23,43000.0,671,0
M,33,15000.0,638,11
M,36,28500.0,679,0
M,31,18000.0,665,0
M,38,12500.0,690,0
M,21,21000.0,677,0
M,41,15000.0,684,0
M,28,23000.0,692,0
M,22,18000.0,660,0
M,37,27000.0,640,10
M,26,15000.0,674,0
M,25,30000.0,673,0
F,26,18000.0,642,0
M,38,50000.0,708,0
M,37,40000.0,670,3
F,23,24400.0,690,0
M,42,35000.0,707,0
M,25,30000.0,656,2
F,38,12000.0,702,2
M,38,15500.0,703,0
M,47,32500.0,671,0
M,43,20000.0,680,0
F,38,15000.0,683,0
M,31,45000.0,683,0
M,48,56000.0,678,0
M,28,20000.0,677,0
M,31,26000.0,646,0
M,25,24000.0,694,0
M,38,18000.0,675,3
M,28,41000.0,663,0
M,41,36000.0,692,0
M,33,28000.0,690,0
M,50,25000.0,677,0
M,27,13000.0,691,0
M,38,38000.0,698,0
M,55,40000.0,690,0
M,34,20000.0,679,2
M,53,30000.0,679,2
M,35,45000.0,658,1
M,41,18000.0,668,0
M,29,25000.0,680,0
M,54,35000.0,710,0
M,40,20000.0,717,1
M,23,20000.0,670,0
M,39,15000.0,668,1
M,43,20000.0,699,0
M,33,25000.0,683,0
M,22,18000.0,641,0
M,32,12000.0,686,0
M,23,20000.0,678,0
M,36,20000.0,631,0
M,32,11486.0,668,0
M,45,18100.0,679,4
M,32,18000.0,669,3
M,41,25000.0,677,1
M,27,23100.0,677,3
M,32,15000.0,660,2
M,27,16000.0,695,7
M,27,20000.0,622,0
M,46,32000.0,688,2
M,34,33000.0,643,2
M,31,21000.0,691,2
M,30,35000.0,653,0
M,26,22000.0,689,0
M,45,85000.0,711,4
M,29,16000.0,656,5
F,51,50000.0,688,0
M,30,19000.0,655,1
M,33,45800.0,660,0
M,40,15000.0,696,1
M,29,21000.0,670,0
F,30,21500.0,724,2
M,29,15000.0,648,0
M,41,10883.0,676,2
F,41,19000.0,686,0
M,26,30000.0,688,0
M,27,34000.0,688,0
M,29,17000.0,666,0
M,24,16900.0,658,2
M,34,19000.0,683,0
M,38,13000.0,696,1
M,35,42000.0,668,1
M,37,38542.0,690,0
M,33,31000.0,682,0
M,39,16000.0,674,2
M,27,16000.0,689,0
M,31,38000.0,732,0
M,25,34000.0,690,0
M,34,24000.0,676,4
M,33,21500.0,685,0
M,29,27000.0,651,0
M,46,27000.0,666,0
M,42,30000.0,689,0
M,29,25000.0,742,0
M,29,25000.0,667,0
M,37,25000.0,702,0
M,27,12000.0,694,0
M,23,27000.0,683,0
M,34,28500.0,685,0
M,42,25000.0,676,0
M,23,35000.0,677,0
M,21,26000.0,671,2
M,41,15000.0,682,2
F,46,45000.0,683,0
F,47,17000.0,708,0
M,24,22500.0,622,4
M,49,30000.0,664,0
M,24,15000.0,684,0
M,40,45000.0,658,2
M,28,50000.0,688,0
M,23,24000.0,631,0
M,28,21000.0,696,3
M,26,20000.0,637,0
M,26,20000.0,662,13
M,24,12000.0,677,1
M,29,15000.0,701,2
M,33,16000.0,653,3
M,28,20000.0,684,0
F,36,25000.0,697,0
M,26,45000.0,664,0
M,54,20000.0,651,15
M,22,19500.0,675,0
M,32,18000.0,684,0
M,23,15000.0,653,0
M,31,22000.0,670,0
M,37,30000.0,657,0
M,32,30000.0,672,3
M,35,28000.0,687,7
F,37,15000.0,657,2
M,22,90000.0,663,1
M,44,16000.0,670,0
M,29,36000.0,686,0
M,25,16500.0,655,3
M,33,15000.0,674,7
F,42,30000.0,677,0
M,27,25000.0,679,0
F,39,18000.0,692,4
M,27,25000.0,687,0
M,24,18500.0,681,1
M,47,20000.0,707,3
F,36,50000.0,705,0
M,25,30000.0,691,0
M,51,20000.0,689,0
M,36,25000.0,678,0
M,25,22000.0,657,8
M,40,37000.0,653,0
M,41,16000.0,674,5
M,24,30000.0,676,6
M,40,24000.0,681,0
M,30,30000.0,690,0
M,35,27500.0,672,0
M,23,25800.0,683,0
M,41,95000.0,701,0
F,32,26000.0,681,0
M,36,28000.0,658,7
M,29,28000.0,675,5
M,33,24500.0,696,0
M,28,15000.0,686,9
M,48,70000.0,682,0
M,35,17000.0,690,0
M,32,14000.0,669,0
M,35,22300.0,687,7
M,30,18000.0,685,1
M,21,30000.0,682,0
F,45,6500.0,711,0
M,28,32000.0,678,0
M,46,35000.0,693,0
F,33,30000.0,686,0
M,23,16000.0,667,0
M,24,17400.0,663,0
M,24,37000.0,678,2
M,29,18000.0,673,10
M,42,96000.0,675,8
M,25,18000.0,654,1
M,26,60000.0,644,0
M,31,12000.0,686,0
M,36,28000.0,672,0
M,35,32000.0,719,0
F,42,35000.0,682,0
M,27,12000.0,686,0
F,28,15000.0,680,0
F,39,42500.0,682,0
M,35,23000.0,665,13
F,35,12500.0,654,4
M,22,17000.0,686,0
M,29,30000.0,666,1
M,52,30000.0,682,0
M,28,20000.0,663,0
F,23,17642.0,687,0
M,29,42000.0,681,0
M,24,12000.0,677,0
M,22,23000.0,662,0
M,58,20000.0,666,0
M,23,25000.0,687,0
M,35,18000.0,650,0
M,42,35000.0,661,1
M,23,18000.0,674,0
M,23,20000.0,661,0
F,39,25000.0,683,0
M,53,10000.0,671,4
M,25,25000.0,653,0
M,28,43000.0,663,0
M,45,15300.0,672,0
M,25,40500.0,691,6
M,33,36000.0,692,0
M,27,20000.0,667,0
M,43,20000.0,675,0
M,50,75000.0,717,1
M,31,15000.0,676,0
M,23,18000.0,691,0
M,26,13000.0,678,0
M,36,16500.0,693,0
M,22,30000.0,664,0
M,32,35000.0,684,0
M,25,18000.0,679,0
M,38,35000.0,684,3
F,44,15000.0,699,0
M,29,38000.0,726,0
M,39,18000.0,667,10
M,40,29500.0,681,0
F,45,60000.0,705,0
M,28,14000.0,693,0
M,44,25000.0,692,1
F,33,30000.0,685,0
F,33,35000.0,604,0
M,28,20000.0,715,0
F,35,19000.0,688,0
F,41,18000.0,692,0
M,34,25000.0,679,0
M,27,30000.0,677,0
M,31,29000.0,658,11
M,37,45000.0,700,0
M,24,11000.0,665,0
M,27,28000.0,679,0
M,58,25000.0,719,0
M,31,30000.0,682,0
M,34,17000.0,679,0
M,30,30000.0,661,0
M,36,38000.0,684,0
M,24,18000.0,667,0
M,33,12000.0,711,0
M,22,18000.0,663,2
M,35,18000.0,679,0
F,36,40000.0,673,3
M,49,18000.0,641,0
M,34,43000.0,718,0
M,29,24000.0,683,0
M,23,35000.0,696,0
M,39,22000.0,690,0
M,26,30000.0,680,0
M,33,15000.0,665,6
M,35,15000.0,691,0
M,43,10500.0,666,5
M,41,14000.0,666,1
M,34,18000.0,689,0
M,35,16000.0,728,4
M,40,15000.0,677,0
M,28,35000.0,678,0
M,33,30000.0,662,3
M,26,30000.0,682,0
M,23,15000.0,674,0
M,26,30000.0,674,0
F,28,20000.0,715,0
M,55,19000.0,692,0
M,41,15000.0,644,1
M,24,22500.0,680,0
M,27,30000.0,680,0
M,33,26000.0,682,0
F,35,18000.0,687,0
M,31,30000.0,666,11
M,25,28500.0,666,0
M,22,35000.0,682,0
M,38,45000.0,693,3
M,37,21000.0,704,0
M,42,40000.0,665,0
M,43,20000.0,676,6
M,30,20000.0,660,1
M,34,18000.0,678,7
M,58,200000.0,694,0
M,34,30000.0,672,0
M,40,35000.0,696,4
M,43,23400.0,658,0
M,24,26000.0,636,2
M,28,20000.0,635,0
F,45,40000.0,683,3
M,34,35000.0,662,0
M,23,30000.0,636,0
M,28,50000.0,697,1
M,24,20000.0,676,0
M,29,18500.0,681,11
M,29,38000.0,681,11
M,24,20000.0,675,0
M,33,20000.0,652,3
M,37,28000.0,707,0
M,32,35000.0,708,2
M,30,16000.0,684,0
M,40,35000.0,677,0
M,38,16000.0,691,0
M,46,30000.0,749,0
M,23,15000.0,652,1
M,28,35000.0,696,0
M,27,30000.0,682,1
M,24,33000.0,678,0
M,21,20000.0,671,0
M,44,32000.0,692,0
M,31,16000.0,666,0
F,30,30000.0,672,0
M,28,45000.0,679,0
M,43,20000.0,709,3
M,26,30000.0,665,1
F,33,18000.0,691,0
M,46,25000.0,712,0
M,32,50000.0,676,0
M,37,10000.0,682,10
M,35,20000.0,665,6
M,29,25000.0,675,0
M,22,17800.0,667,0
M,35,17000.0,706,0
M,29,23000.0,668,0
M,36,43000.0,678,15
M,37,10000.0,677,0
M,48,17600.0,710,3
M,31,20000.0,666,9
F,45,32000.0,672,0
M,25,15000.0,676,0
F,24,15000.0,693,0
M,31,11000.0,695,0
M,26,18000.0,702,0
F,46,10000.0,680,4
M,39,20000.0,667,4
M,26,20500.0,680,0
M,36,35000.0,716,0
M,24,13500.0,706,0
F,24,27000.0,695,0
M,24,13500.0,685,0
M,54,48500.0,692,1
M,51,20000.0,628,13
M,38,15000.0,697,0
M,26,42000.0,689,0
M,25,30000.0,696,0
M,28,13500.0,671,0
M,34,30000.0,686,0
M,26,30000.0,672,0
M,28,3500.0,672,0
M,30,28000.0,660,5
M,41,22000.0,666,3
M,49,38000.0,696,0
M,26,20000.0,666,0
F,32,33000.0,662,0
M,37,40000.0,683,3
M,30,29000.0,669,13
M,28,24000.0,681,0
M,23,45000.0,683,0
M,27,15000.0,662,21
M,29,25000.0,644,16
M,22,60000.0,671,0
M,29,21500.0,687,0
M,36,25000.0,685,12
M,31,40000.0,685,0
M,34,25000.0,699,0
M,38,35000.0,680,0
M,25,15000.0,673,0
F,38,30000.0,678,0
F,34,25000.0,645,9
F,30,12000.0,658,6
F,29,15000.0,666,0
M,25,15000.0,652,1
M,38,20000.0,686,0
F,37,23000.0,678,0
M,25,26000.0,669,0
M,33,30000.0,713,0
F,54,18000.0,679,0
F,22,16000.0,663,1
M,49,31000.0,683,0
M,47,80000.0,690,0
F,33,12000.0,689,0
M,36,45000.0,694,26
M,56,25000.0,677,0
M,25,15000.0,690,0
M,30,25000.0,687,0
M,54,130000.0,682,2
M,48,45000.0,690,1
M,35,35000.0,678,0
F,48,20000.0,703,0
M,41,31000.0,678,1
M,34,25000.0,701,0
F,25,17000.0,682,0
M,43,19919.0,686,0
M,33,32000.0,677,7
M,27,19500.0,657,4
F,42,23000.0,710,0
M,34,15000.0,682,0
M,32,12000.0,663,5
M,31,23500.0,687,0
M,29,12000.0,692,0
M,52,20000.0,695,0
M,30,30000.0,691,0
M,36,30000.0,670,0
M,26,20000.0,680,0
F,28,23000.0,692,0
M,37,30000.0,692,0
M,25,14000.0,689,0
F,29,30000.0,643,0
M,25,41000.0,663,8
M,28,14000.0,690,0
M,30,24000.0,696,0
M,23,16000.0,678,0
M,40,40000.0,696,10
M,43,30000.0,686,0
M,22,16000.0,682,0
M,45,20000.0,681,0
M,38,25000.0,694,0
M,27,13000.0,682,0
M,27,15000.0,674,3
M,49,35000.0,690,0
M,27,15000.0,677,0
M,30,20000.0,651,0
M,54,40000.0,690,0
M,27,12000.0,672,0
M,32,50000.0,671,1
M,26,20000.0,660,1
M,28,19000.0,680,0
M,31,10000.0,681,0
M,42,35000.0,690,3
M,29,19500.0,702,0
M,27,15000.0,656,4
M,28,20000.0,687,0
M,27,19000.0,685,0
M,52,27000.0,672,0
F,37,43000.0,688,0
M,42,16000.0,658,2
M,22,21000.0,676,2
M,26,20500.0,681,0
M,21,14500.0,674,0
M,38,29000.0,702,0
F,50,27000.0,674,0
M,30,30000.0,641,0
M,25,25000.0,672,0
M,25,17500.0,676,0
F,25,38500.0,654,0
M,43,10000.0,685,0
M,32,20000.0,687,0
M,29,20000.0,678,0
M,42,35000.0,670,0
M,23,20000.0,678,0
M,41,22000.0,680,0
M,22,29000.0,674,0
M,26,20000.0,685,0
M,43,16000.0,696,0
M,38,34000.0,673,0
M,24,9000.0,672,1
M,25,17000.0,666,2
M,38,18500.0,725,0
M,34,15000.0,674,0
M,40,12000.0,704,0
M,33,28000.0,680,7
M,31,35000.0,661,0
M,49,45000.0,675,4
M,31,30000.0,682,0
M,31,35000.0,488,0
M,22,35000.0,676,1
M,28,25000.0,664,0
M,35,44000.0,671,1
F,38,23900.0,674,3
M,44,23000.0,678,1
M,31,19500.0,688,0
M,28,20000.0,677,0
M,26,30500.0,685,1
M,33,15000.0,675,0
F,31,20000.0,670,0
M,46,65000.0,689,21
M,28,35000.0,675,1
M,34,19000.0,684,0
F,36,60000.0,662,0
M,31,15000.0,661,0
M,44,25000.0,704,1
M,27,48000.0,644,0
M,23,15000.0,686,0
M,35,25000.0,652,1
M,38,17000.0,683,0
M,23,18000.0,660,3
M,22,25000.0,661,2
M,42,30000.0,670,0
M,28,20000.0,686,13
M,45,40000.0,739,4
M,21,14000.0,659,1
M,39,35.0,681,0
M,33,20000.0,675,8
M,32,24800.0,678,0
M,22,40000.0,634,0
M,28,24000.0,677,0
M,25,25000.0,701,0
M,25,17000.0,685,0
M,27,24000.0,678,0
M,40,30000.0,681,3
M,33,40000.0,666,0
M,28,31500.0,665,2
M,45,30000.0,661,2
F,32,30000.0,676,0
M,29,30000.0,686,0
M,30,30000.0,707,0
M,25,55000.0,667,0
M,35,20000.0,633,1
M,26,20000.0,693,0
F,28,12000.0,664,0
F,29,19000.0,661,0
M,42,30000.0,682,0
M,23,40000.0,647,0
M,47,20000.0,690,4
M,29,14000.0,679,0
M,33,19500.0,688,3
M,29,18000.0,659,1
M,22,28900.0,680,0
F,37,18000.0,682,3
F,35,53500.0,715,2
M,38,28000.0,711,0
M,46,29900.0,686,0
M,53,27000.0,650,3
M,31,16000.0,679,0
M,32,22000.0,678,0
M,39,50000.0,730,12
M,26,32000.0,658,0
M,24,18500.0,676,2
M,50,15000.0,689,1
M,41,35000.0,690,8
M,28,26500.0,637,1
M,22,40000.0,699,0
M,36,43000.0,700,1
M,24,40000.0,692,0
M,52,25000.0,674,1
F,30,35000.0,696,0
M,37,17000.0,679,0
F,37,23000.0,690,0
M,34,20000.0,696,0
M,43,26000.0,697,4
F,43,16000.0,672,0
M,22,25000.0,686,0
M,22,14325.0,679,5
M,43,12000.0,700,0
M,27,32000.0,682,2
M,30,25000.0,651,0
M,26,14825.0,588,0
M,36,18000.0,686,1
M,29,22000.0,629,5
M,27,30000.0,649,0
M,36,18000.0,687,0
M,28,40000.0,638,2
M,29,15000.0,689,0
M,36,30000.0,662,5
F,34,40000.0,658,1
M,24,28500.0,669,0
M,35,40000.0,706,0
M,26,22000.0,685,0
M,46,25000.0,678,0
M,29,32000.0,684,0
F,32,30000.0,677,0
M,48,22000.0,682,0
F,58,60000.0,686,3
F,33,20000.0,652,8
F,30,29000.0,674,2
M,43,43000.0,682,1
M,29,25000.0,689,0
M,30,33000.0,698,0
M,39,50000.0,666,0
M,38,15000.0,693,0
F,48,23000.0,707,0
M,40,22000.0,673,0
M,24,50000.0,684,0
F,53,28000.0,704,0
M,31,35000.0,677,0
M,44,25000.0,718,0
M,29,20000.0,682,3
M,27,22000.0,657,0
M,26,20000.0,646,3
M,28,30000.0,695,0
F,30,16000.0,667,0
M,24,11000.0,673,0
M,33,14000.0,677,0
M,46,11910.0,668,0
M,43,8000.0,688,0
F,37,18000.0,650,0
M,48,28000.0,684,0
M,47,30000.0,701,14
M,29,25000.0,673,2
M,24,18000.0,694,0
M,45,14000.0,688,0
M,27,35000.0,689,0
M,29,21000.0,658,0
M,30,30000.0,673,0
M,39,25000.0,716,0
F,45,13000.0,637,3
M,23,30000.0,680,0
M,34,15000.0,674,0
M,29,28000.0,655,4
M,46,62500.0,680,0
M,23,30000.0,657,0
M,32,18084.0,703,3
M,27,25000.0,684,0
F,36,15000.0,754,2
M,49,20000.0,707,0
M,28,18000.0,698,0
M,36,25000.0,665,3
M,39,15000.0,680,0
M,30,18000.0,688,0
M,41,17000.0,665,0
M,26,15000.0,636,1
M,34,43500.0,672,0
M,43,18000.0,688,0
M,30,250000.0,697,2
M,28,24000.0,678,2
M,25,18000.0,678,0
M,26,40000.0,624,9
M,44,20000.0,709,0
M,27,30000.0,674,0
M,39,20000.0,684,0
M,31,28000.0,707,0
M,23,20000.0,668,0
M,33,125000.0,686,0
M,33,35000.0,675,5
M,30,35000.0,679,0
M,27,25000.0,692,0
M,35,27000.0,672,0
M,49,30000.0,707,10
M,22,10000.0,680,0
M,30,25000.0,672,0
M,49,27000.0,705,0
M,29,21000.0,675,0
M,45,21000.0,697,0
M,28,28000.0,665,3
M,22,20000.0,692,0
M,34,18000.0,719,0
M,24,60000.0,688,0
M,25,16500.0,641,4
M,29,15000.0,685,10
M,25,30000.0,671,5
M,28,37000.0,648,2
M,28,32000.0,681,0
M,21,18000.0,679,0
M,31,30000.0,780,0
M,37,30000.0,674,3
M,26,68000.0,706,8
M,29,15000.0,701,0
M,38,30000.0,699,0
M,35,26000.0,667,0
M,30,20000.0,676,14
M,24,22658.0,697,0
M,28,20000.0,682,0
M,38,15000.0,733,0
M,39,31000.0,697,3
M,48,15000.0,682,0
M,25,40000.0,683,3
F,23,25000.0,667,1
M,33,25000.0,650,10
M,55,28000.0,680,2
M,29,30000.0,668,5
M,56,50000.0,694,0
F,26,7500.0,684,0
M,28,20000.0,650,0
F,30,12000.0,657,0
M,26,22000.0,674,0
M,29,40000.0,659,1
M,28,62000.0,706,0
M,57,12000.0,679,0
M,42,100000.0,710,4
M,45,20000.0,706,18
M,25,33000.0,675,0
M,31,19500.0,667,0
M,56,10000.0,669,0
M,31,28000.0,669,8
M,31,35000.0,615,0
M,35,30000.0,707,0
M,33,25000.0,682,0
M,28,19000.0,702,0
M,35,32000.0,691,0
F,40,15000.0,675,0
M,30,10000.0,684,0
M,41,12500.0,718,0
M,27,65000.0,689,0
M,28,24000.0,679,0
M,44,20000.0,613,0
M,21,18000.0,671,0
M,30,27940.0,647,0
M,28,20000.0,708,0
M,35,52000.0,666,0
M,22,29500.0,672,0
M,35,10000.0,677,1
F,36,23000.0,664,0
M,28,18000.0,687,0
M,35,35000.0,708,1
M,27,13000.0,685,0
M,26,39000.0,672,0
M,32,18000.0,656,1
M,27,25000.0,670,0
M,28,18522.0,682,18
M,22,18000.0,711,0
M,30,28000.0,687,0
M,25,25000.0,677,0
M,33,15000.0,663,1
M,38,28000.0,700,10
M,51,28000.0,677,1
M,27,32000.0,668,0
M,27,30000.0,685,14
M,35,35000.0,684,4
M,49,21000.0,694,0
M,30,17000.0,692,3
F,41,18000.0,680,0
M,44,27000.0,699,0
F,32,38000.0,685,27
M,34,33000.0,656,0
M,33,16000.0,648,5
M,33,25000.0,669,0
M,30,30000.0,698,0
M,32,15000.0,697,0
M,30,25000.0,670,1
M,21,25000.0,650,5
M,30,35000.0,674,0
M,35,19000.0,677,0
F,27,30000.0,683,0
M,25,40000.0,678,0
M,38,18600.0,654,0
M,35,27500.0,665,0
F,30,30000.0,735,2
M,36,32000.0,667,1
M,24,40000.0,675,0
M,22,21000.0,660,0
M,41,60000.0,675,0
M,27,18000.0,678,1
M,30,35000.0,669,2
M,37,15000.0,697,0
M,38,40000.0,667,19
F,21,12000.0,666,1
M,44,25000.0,711,0
M,25,40000.0,676,0
M,43,28000.0,729,3
M,25,18000.0,670,0
M,54,25000.0,665,0
M,26,50000.0,650,7
M,54,25000.0,729,0
M,32,17845.0,675,35
M,48,18000.0,678,0
M,30,18000.0,677,0
M,35,28000.0,675,0
M,47,60000.0,703,0
M,42,30000.0,661,0
M,54,50000.0,702,0
M,41,28000.0,698,0
M,56,20000.0,665,0
M,42,20000.0,675,0
M,34,27000.0,667,19
M,34,30000.0,672,0
M,41,18000.0,665,0
M,47,73000.0,728,17
M,33,43790.0,688,0
M,34,24100.0,686,0
M,56,56000.0,737,0
M,44,28000.0,712,0
F,35,50000.0,750,14
M,30,13000.0,677,0
M,38,50000.0,705,0
M,34,18000.0,619,0
M,46,30000.0,693,0
M,27,15000.0,674,0
M,36,18300.0,678,0
M,27,18000.0,679,0
F,39,25000.0,655,5
M,30,15000.0,681,0
M,27,18000.0,656,0
M,29,28000.0,695,0
M,23,16000.0,663,2
M,21,16000.0,669,0
M,30,150000.0,679,0
M,35,40000.0,741,0
M,22,20000.0,695,0
M,35,23000.0,678,5
M,26,19100.0,655,5
M,22,15000.0,698,0
M,23,18500.0,668,0
M,27,20000.0,668,1
F,44,16000.0,667,0
M,24,28000.0,671,1
M,25,20000.0,679,2
M,30,23000.0,675,0
M,22,3000.0,650,2
M,35,30000.0,724,0
M,24,30000.0,683,0
M,30,20000.0,656,1
M,27,24000.0,676,0
M,38,45000.0,703,0
M,35,15000.0,683,0
M,43,18000.0,685,0
M,24,15545.0,668,0
M,21,13000.0,678,0
F,26,14500.0,674,9
M,36,25000.0,686,0
M,23,10300.0,677,0
F,49,15000.0,691,0
M,29,22000.0,666,0
M,41,30000.0,702,13
M,37,14000.0,705,1
M,29,30000.0,696,0
M,54,35000.0,694,0
M,30,14000.0,673,0
M,22,22500.0,681,0
M,48,26000.0,706,0
M,21,18000.0,673,0
M,50,20000.0,707,0
M,29,17000.0,680,3
M,31,18000.0,675,0
M,52,25500.0,688,0
M,52,18000.0,687,0
F,32,25000.0,675,0
M,32,30000.0,654,0
M,26,40000.0,666,0
M,29,45000.0,671,4
M,46,45000.0,692,0
M,58,24000.0,715,0
M,53,21000.0,683,0
M,32,30000.0,679,0
F,33,14000.0,683,0
M,23,14000.0,693,0
M,39,25000.0,678,0
M,39,30000.0,732,0
M,31,17500.0,677,0
M,40,15000.0,671,0
M,36,26000.0,661,0
M,32,25500.0,659,3
M,29,47000.0,707,2
M,50,32000.0,649,0
M,34,12000.0,688,0
M,24,20000.0,680,0
M,27,70000.0,687,0
M,39,18000.0,711,0
M,43,20000.0,674,0
M,31,30000.0,655,0
M,33,15000.0,706,0
M,21,13000.0,669,0
M,21,10000.0,679,0
M,40,14500.0,675,2
M,33,18000.0,691,0
M,23,20000.0,642,1
F,37,13000.0,669,0
M,34,45000.0,626,0
F,37,15000.0,694,0
M,32,20000.0,701,0
M,31,7890.0,688,0
M,25,25000.0,709,0
M,36,23000.0,635,1
M,30,18000.0,683,0
M,45,30000.0,664,1
M,26,26000.0,678,9
M,32,30000.0,663,0
M,23,16000.0,673,0
F,26,15000.0,672,0
M,33,1.0,687,4
M,31,25000.0,698,0
M,46,15000.0,666,9
M,24,12500.0,691,0
M,28,10000.0,676,0
M,25,21000.0,685,0
M,24,40000.0,655,1
F,29,18000.0,692,0
M,45,27000.0,683,0
M,38,23000.0,725,0
M,49,21990.0,695,0
M,47,32000.0,693,5
M,29,20000.0,656,0
M,25,35000.0,680,0
M,25,30000.0,695,0
M,27,16000.0,721,0
M,25,25000.0,669,0
M,27,24000.0,682,0
F,27,9000.0,671,0
M,26,28000.0,655,0
M,47,28000.0,679,0
M,33,10000.0,674,5
M,32,15000.0,667,0
M,23,18500.0,680,0
M,44,24000.0,658,1
M,21,85000.0,678,0
M,38,30000.0,639,1
M,24,15000.0,658,0
F,32,23400.0,715,0
M,36,21000.0,707,0
M,27,65000.0,695,14
M,26,12000.0,701,0
F,22,48000.0,673,7
M,34,40000.0,674,0
M,50,25000.0,687,0
M,40,25000.0,700,0
M,39,30000.0,698,0
F,26,38000.0,684,0
M,40,15000.0,708,0
M,49,45000.0,702,3
M,33,15000.0,683,0
M,38,40000.0,696,1
M,27,23000.0,720,0
F,28,27000.0,666,1
M,34,35000.0,664,8
M,21,8000.0,670,1
M,35,14000.0,684,0
M,22,18000.0,653,3
M,33,40000.0,659,0
M,32,23500.0,675,0
F,33,39000.0,707,0
M,37,40000.0,707,1
M,22,12000.0,684,0
M,35,42000.0,703,0
M,26,30000.0,680,2
M,30,17000.0,673,3
M,54,20000.0,706,0
M,31,7000.0,691,0
M,30,22100.0,654,9
M,41,60000.0,682,0
M,41,25000.0,662,1
F,53,35000.0,692,0
M,26,18000.0,668,0
M,27,15000.0,650,0
M,43,15000.0,671,1
M,25,11000.0,681,0
M,29,30000.0,653,1
M,28,25000.0,684,0
M,30,60000.0,704,0
M,25,25000.0,673,0
M,36,15000.0,682,0
M,38,24000.0,650,0
M,25,11000.0,678,0
F,45,10000.0,677,0
M,51,38000.0,694,0
F,39,18500.0,676,2
M,29,40000.0,678,0
M,29,22000.0,669,0
M,27,29000.0,671,0
M,25,17171.0,649,0
M,28,30000.0,684,0
M,36,23000.0,638,0
M,31,13500.0,687,0
M,22,15000.0,693,0
M,25,15000.0,686,0
M,38,20000.0,687,0
M,23,20000.0,667,0
M,25,26500.0,684,0
M,36,35000.0,688,0
M,36,26000.0,693,1
M,28,25000.0,686,6
M,25,12500.0,666,0
M,32,30000.0,654,3
F,28,20000.0,635,0
F,45,15000.0,689,0
M,26,35000.0,665,24
M,44,15000.0,669,3
M,29,40000.0,700,0
M,22,15500.0,669,0
M,37,15000.0,691,0
M,31,38000.0,658,2
M,41,60000.0,704,16
M,35,26000.0,708,0
M,31,20000.0,697,0
M,51,28000.0,715,0
M,24,30000.0,673,23
M,22,48000.0,676,0
M,37,61000.0,707,1
M,27,30000.0,675,1
M,28,23000.0,694,0
M,36,25000.0,669,0
M,41,15000.0,697,0
M,37,30000.0,665,5
M,29,25000.0,699,3
M,25,16000.0,662,0
M,34,25000.0,689,5
M,34,35000.0,658,0
M,33,25000.0,662,0
M,48,43500.0,716,0
M,38,48000.0,687,0
M,41,23000.0,690,0
M,31,24000.0,676,0
F,34,16000.0,693,0
M,32,35000.0,661,0
M,51,40000.0,705,0
M,26,25000.0,684,0
M,35,15000.0,713,0
M,25,25000.0,667,3
M,33,30000.0,722,0
M,43,20000.0,720,0
F,30,28000.0,686,12
M,26,14000.0,671,3
M,45,43000.0,650,1
M,21,10000.0,683,0
M,28,50000.0,673,0
M,46,40000.0,647,0
M,21,38000.0,687,0
M,22,15000.0,677,0
M,27,20000.0,693,0
M,23,12000.0,665,0
M,48,15000.0,691,0
F,23,9000.0,684,0
M,29,30000.0,681,0
M,45,35000.0,687,8
M,49,21000.0,675,0
M,35,24890.0,673,0
M,49,19000.0,695,6
M,37,20000.0,680,0
F,35,13000.0,683,0
M,25,20000.0,742,0
M,29,20000.0,626,7
F,44,17000.0,687,0
M,41,16500.0,698,1
M,38,18000.0,727,0
M,29,30000.0,683,2
M,58,23000.0,675,0
M,24,28500.0,669,1
M,34,25000.0,726,0
M,27,30000.0,699,0
M,22,40000.0,668,0
M,33,10000.0,701,0
M,31,28000.0,690,0
M,24,20000.0,676,0
M,38,30000.0,687,3
M,24,19000.0,666,1
M,55,35000.0,707,0
M,24,40000.0,642,0
M,32,12500.0,681,0
M,29,26000.0,683,0
M,27,35000.0,674,0
M,26,25000.0,689,0
M,32,15000.0,679,0
M,54,25000.0,673,0
M,42,25000.0,658,9
F,23,11000.0,661,0
M,31,22000.0,679,0
M,25,18200.0,693,0
F,45,15000.0,687,0
M,27,14000.0,669,5
M,28,28700.0,700,0
M,34,15000.0,696,0
M,23,30000.0,645,0
M,51,11100.0,676,0
M,44,40000.0,688,0
M,28,20000.0,661,1
M,54,40000.0,711,0
M,33,40000.0,682,9
M,39,20000.0,681,5
M,27,8000.0,690,0
M,30,30000.0,691,0
M,22,12000.0,656,1
M,21,13000.0,684,0
F,42,55000.0,725,0
M,31,45000.0,634,2
M,35,20000.0,692,0
M,25,24600.0,662,1
M,23,35000.0,687,1
M,24,22300.0,658,0
M,51,25000.0,671,0
M,38,20000.0,666,0
M,39,35000.0,650,1
M,32,20000.0,678,0
M,30,45000.0,661,0
M,32,25000.0,652,2
M,34,30000.0,680,2
M,30,20000.0,692,0
M,22,20000.0,637,0
M,47,18000.0,729,0
M,29,18900.0,674,0
M,34,14500.0,688,0
M,46,23000.0,681,0
M,35,25000.0,674,4
M,23,10000.0,685,0
M,38,28000.0,671,0
M,45,40000.0,658,7
M,40,40000.0,705,4
M,23,22000.0,679,0
M,53,54148.0,705,0
M,36,67580.0,683,0
M,34,55000.0,697,0
M,23,20000.0,669,0
M,23,25000.0,633,4
F,43,20000.0,690,2
M,43,30000.0,723,2
M,57,118500.0,698,0
M,27,25000.0,669,0
M,24,25000.0,675,0
M,30,40000.0,693,0
M,24,25000.0,701,0
M,35,45000.0,634,1
M,28,15000.0,686,0
M,28,14000.0,683,0
M,34,24000.0,692,7
M,36,50000.0,721,0
M,41,18000.0,689,0
M,25,25000.0,684,0
M,26,60000.0,669,1
M,38,25000.0,677,0
M,38,23000.0,680,0
F,24,16000.0,639,3
F,39,40000.0,676,8
M,54,13000.0,714,0
F,42,20000.0,665,1
M,41,20000.0,697,0
F,25,4000.0,670,0
M,21,56000.0,680,0
M,31,20000.0,689,0
M,26,20000.0,672,13
M,23,14500.0,667,0
M,29,30000.0,665,2
M,26,100000.0,670,0
M,28,25000.0,698,0
M,32,25000.0,695,20
M,32,20000.0,708,0
M,24,28000.0,666,1
M,49,25000.0,672,0
M,25,20000.0,678,0
M,48,20000.0,758,5
M,26,13006.0,666,0
M,32,15000.0,702,0
F,40,10000.0,689,0
M,44,64500.0,673,0
M,26,16000.0,701,0
F,39,15000.0,673,1
F,34,35000.0,685,0
M,23,28000.0,708,0
M,32,25000.0,673,0
M,45,28000.0,697,3
M,44,26000.0,686,0
M,46,35000.0,680,0
M,28,20000.0,705,0
M,24,26000.0,695,0
F,32,30000.0,658,1
M,32,20000.0,692,0
M,24,39000.0,670,2
M,46,50000.0,683,0
M,25,7651.0,679,0
F,24,40000.0,668,0
M,27,17000.0,648,0
M,24,25000.0,654,1
M,56,25000.0,696,0
M,49,20000.0,681,0
M,24,40000.0,667,0
M,36,18000.0,681,0
M,51,40000.0,673,3
M,45,48000.0,672,0
F,38,35000.0,683,4
M,38,85000.0,644,0
M,39,44000.0,674,0
M,28,15000.0,670,2
F,48,28000.0,690,0
M,31,12000.0,685,0
F,37,40000.0,723,4
M,29,35000.0,683,2
M,24,23000.0,667,6
M,36,15500.0,709,0
M,28,50000.0,704,0
M,28,28000.0,664,10
M,29,50000.0,680,0
M,32,50000.0,616,0
M,32,41000.0,695,0
M,27,18000.0,679,3
M,27,20000.0,700,0
M,34,18000.0,713,15
M,48,23500.0,717,0
M,26,17000.0,659,0
M,24,15000.0,659,0
M,31,25000.0,677,0
M,33,50000.0,649,24
M,46,33000.0,710,1
M,23,17000.0,685,0
M,25,20000.0,653,1
M,29,30000.0,686,0
M,22,14000.0,684,0
M,29,23500.0,704,0
M,58,35000.0,684,8
M,26,10000.0,680,0
M,29,25000.0,662,0
F,26,25000.0,682,0
M,45,28000.0,702,0
M,30,25000.0,690,0
F,43,15000.0,680,2
M,25,15000.0,688,0
M,26,12500.0,693,0
M,29,30000.0,677,0
M,42,20000.0,661,0
M,40,20000.0,688,0
F,57,25000.0,669,13
M,37,18000.0,677,0
M,46,30000.0,682,0
F,45,21450.0,716,0
M,24,25.0,660,5
M,33,15000.0,688,0
M,33,24000.0,699,0
M,36,23000.0,677,0
M,29,19500.0,669,0
M,29,17000.0,681,1
M,31,20000.0,687,0
M,25,20000.0,665,2
M,27,28000.0,648,0
M,35,22000.0,623,1
M,29,14000.0,668,0
M,30,25000.0,682,3
M,29,40000.0,681,1
M,23,40000.0,645,0
M,23,13000.0,675,0
M,43,16000.0,698,4
M,27,22000.0,695,0
M,33,22000.0,658,0
M,41,25000.0,690,0
M,21,13000.0,709,0
M,30,13500.0,677,0
M,26,20000.0,677,8
M,46,18500.0,697,6
M,49,25000.0,664,0
M,29,22000.0,664,20
M,35,22000.0,695,12
M,31,16300.0,676,0
F,36,35000.0,683,1
M,33,25000.0,692,0
M,35,22000.0,702,0
M,38,30000.0,660,2
M,24,40000.0,682,0
M,60,28000.0,694,0
M,22,25000.0,664,0
M,23,30000.0,669,0
M,64,30000.0,721,0
M,24,30000.0,690,0
M,22,25000.0,675,0
M,27,25000.0,641,0
M,25,20000.0,657,0
M,46,30000.0,701,0
M,30,14000.0,669,0
M,34,40000.0,690,18
M,32,28000.0,689,0
M,27,15000.0,670,0
M,47,50000.0,699,2
M,25,18000.0,689,0
M,30,12000.0,692,0
M,22,19800.0,653,1
M,51,18000.0,674,7
M,27,27000.0,688,0
M,48,75000.0,626,15
M,24,22100.0,651,0
M,22,18000.0,670,0
M,32,19000.0,686,0
M,31,20000.0,702,0
M,43,20000.0,728,0
M,54,10000.0,659,7
M,32,23000.0,677,0
M,47,25000.0,755,0
M,35,37000.0,673,14
M,22,13500.0,673,1
M,34,18000.0,698,0
M,31,14000.0,709,0
F,22,13000.0,671,0
M,35,35000.0,703,0
M,30,20000.0,687,0
M,48,47000.0,671,0
M,31,12000.0,706,0
M,40,30000.0,708,0
M,37,40000.0,677,0
M,29,17000.0,649,0
F,31,21000.0,664,0
M,59,74000.0,683,1
M,41,45000.0,654,0
M,29,23000.0,679,0
M,26,40000.0,658,7
M,32,37465.0,682,0
M,24,35000.0,665,0
M,28,18000.0,653,2
M,37,25000.0,691,10
M,50,60000.0,718,0
M,28,17000.0,692,0
M,23,10000.0,689,0
F,33,10000.0,678,0
F,31,12000.0,712,0
M,28,25000.0,651,1
M,26,22000.0,682,0
M,48,25000.0,662,0
M,38,23500.0,671,0
M,37,28000.0,676,0
M,33,30000.0,685,0
M,43,40000.0,662,4
M,31,18000.0,692,0
M,29,52000.0,681,0
F,23,15000.0,669,0
M,30,50000.0,700,0
M,56,16000.0,674,0
M,34,18000.0,681,0
M,44,22000.0,680,1
M,21,24000.0,682,0
M,27,12000.0,682,0
M,40,18000.0,682,0
M,43,19000.0,720,0
F,23,34000.0,670,1
M,44,23000.0,690,0
M,38,12000.0,672,0
M,22,14500.0,662,0
M,28,45000.0,677,0
M,47,39000.0,706,1
M,37,29000.0,679,0
M,39,22000.0,679,0
M,37,45000.0,682,0
M,32,10000.0,691,0
M,47,35000.0,675,0
M,27,25000.0,674,3
M,28,10178.0,665,0
M,21,25000.0,685,0
M,24,25000.0,671,2
M,54,40000.0,719,0
M,29,25000.0,686,0
M,24,45000.0,682,0
M,28,15000.0,653,8
M,47,35000.0,670,3
M,38,25000.0,679,4
M,29,41235.0,709,8
M,54,15000.0,761,7
M,46,28000.0,703,0
M,23,12500.0,647,0
F,47,18000.0,684,0
M,25,40000.0,701,0
M,49,25000.0,692,5
F,36,15000.0,725,1
M,46,20000.0,674,0
M,34,35000.0,713,0
M,29,45000.0,648,1
M,36,24600.0,689,0
M,30,18000.0,669,3
M,39,35000.0,672,0
M,22,20000.0,655,0
M,23,24000.0,675,0
M,33,75000.0,666,8
F,29,12000.0,659,0
M,32,18000.0,697,4
M,28,19200.0,671,16
F,50,12000.0,699,0
M,37,20000.0,717,0
M,30,13000.0,681,0
M,28,20000.0,681,0
M,26,15000.0,688,0
M,35,45000.0,722,4
M,28,10000.0,668,0
M,25,45000.0,663,2
M,24,15000.0,689,0
M,24,21000.0,689,0
M,55,25000.0,689,0
M,38,32000.0,681,0
M,25,18000.0,665,1
M,35,11000.0,691,0
M,40,25169.0,667,1
F,29,18000.0,658,0
M,31,30000.0,685,0
M,60,32000.0,713,0
M,39,60000.0,641,0
F,27,25000.0,656,12
M,51,20000.0,663,6
M,26,37000.0,699,9
F,37,10500.0,695,0
M,30,42000.0,654,0
M,43,175000.0,676,15
M,30,35000.0,685,2
M,38,41000.0,665,4
M,44,30000.0,658,0
M,46,45000.0,646,6
M,39,18000.0,666,0
M,37,18000.0,670,7
M,45,33558.0,738,0
M,35,10000.0,686,2
M,21,10000.0,674,0
M,26,35000.0,679,0
M,47,17000.0,703,0
M,26,11000.0,688,0
M,45,40000.0,695,0
M,25,75000.0,642,5
M,35,17000.0,666,1
M,50,40000.0,683,0
M,43,23500.0,670,0
M,37,18500.0,644,0
M,48,18000.0,703,0
M,24,25000.0,693,0
M,38,16000.0,711,0
F,47,30000.0,674,0
M,28,33000.0,668,0
M,32,28000.0,651,1
M,29,20000.0,656,1
M,27,28000.0,679,0
F,35,35000.0,688,0
M,45,25000.0,703,0
M,24,25000.0,711,14
M,29,25000.0,672,0
M,45,17000.0,615,0
M,27,18000.0,668,1
M,35,32000.0,652,14
M,22,19000.0,670,1
M,49,35000.0,656,0
M,37,53000.0,688,1
F,23,25000.0,678,0
M,25,17500.0,700,8
M,21,16000.0,669,0
M,25,10000.0,678,0
M,29,18000.0,706,0
M,27,18000.0,677,1
M,32,17000.0,679,0
M,60,28900.0,686,20
M,46,17640.0,753,0
M,29,21000.0,683,1
M,29,40000.0,706,0
M,34,33500.0,659,4
M,40,25000.0,693,0
M,42,20000.0,670,1
M,27,24000.0,694,0
M,49,30000.0,663,11
M,29,19000.0,695,0
M,56,30000.0,624,3
M,34,13712.0,680,0
M,30,30000.0,670,0
M,26,13000.0,679,17
M,28,25000.0,657,3
M,33,30000.0,668,0
M,23,15000.0,672,0
M,33,20000.0,663,1
M,37,45000.0,691,0
M,25,25000.0,646,0
F,33,24500.0,694,0
M,25,36500.0,671,12
M,28,18000.0,694,0
M,49,21560.0,683,0
M,24,35000.0,681,4
M,42,20000.0,673,0
M,23,25000.0,646,0
M,44,30000.0,697,0
M,24,35000.0,686,0
M,23,35000.0,676,0
M,35,25000.0,682,0
M,35,25000.0,673,2
M,25,15000.0,630,1
M,25,25000.0,698,0
M,38,35000.0,688,2
M,45,40000.0,727,1
M,29,20000.0,689,8
M,51,19000.0,712,0
M,44,23500.0,672,4
M,21,25000.0,646,2
M,33,23000.0,689,0
M,33,20000.0,701,0
M,36,19000.0,689,0
M,23,20000.0,686,1
M,49,38000.0,739,0
M,24,17000.0,674,13
M,21,30000.0,664,5
M,30,15000.0,653,11
M,47,14772.0,680,0
M,33,26000.0,668,0
M,29,30000.0,659,4
M,23,18000.0,656,0
M,27,15000.0,640,0
F,43,30000.0,732,29
M,64,20000.0,696,0
M,42,20000.0,664,0
M,38,13000.0,693,1
M,40,40000.0,682,0
M,29,20000.0,698,0
M,36,20000.0,737,0
M,38,15000.0,675,1
M,26,25000.0,671,0
F,25,37000.0,659,7
M,39,19500.0,677,2
M,31,29500.0,706,15
M,34,48000.0,668,0
M,45,20000.0,697,0
M,30,19500.0,669,1
M,44,35000.0,696,0
M,32,24000.0,674,0
M,53,12000.0,702,0
M,23,20000.0,689,0
F,39,60000.0,669,4
M,28,22000.0,648,2
M,25,15000.0,690,0
M,22,18000.0,668,3
M,28,35000.0,696,0
M,45,25000.0,682,0
M,33,35000.0,642,7
M,38,15000.0,679,0
F,43,12000.0,647,6
M,28,22500.0,683,5
M,22,17016.0,684,0
M,58,30000.0,745,1
M,27,30000.0,672,0
M,49,55000.0,666,0
M,28,4000.0,669,7
M,36,11000.0,682,0
M,24,11000.0,674,0
M,25,17000.0,682,0
M,29,13500.0,713,0
M,52,25800.0,658,1
M,38,30000.0,675,1
M,50,25000.0,708,2
M,53,25500.0,692,0
M,50,22000.0,687,0
M,26,20000.0,676,0
F,22,18000.0,675,6
M,49,26500.0,654,5
M,38,32500.0,668,0
M,38,30000.0,699,0
M,23,18000.0,660,0
M,54,35000.0,674,0
M,52,11000.0,699,0
M,28,35000.0,686,0
M,33,14000.0,681,0
M,28,29500.0,666,3
M,25,18000.0,673,15
M,22,35000.0,673,0
M,22,28000.0,666,3
M,34,22000.0,684,0
M,29,30000.0,674,0
M,27,16000.0,646,0
M,29,17500.0,666,0
M,24,10000.0,668,1
M,38,20000.0,688,11
M,31,35000.0,683,0
M,28,40000.0,660,0
M,58,40000.0,714,2
M,60,19000.0,652,0
M,62,33000.0,703,1
M,28,20000.0,660,1
M,44,38000.0,665,0
M,30,13000.0,689,3
M,32,40000.0,669,0
F,31,22000.0,698,0
F,34,40000.0,685,0
M,31,45000.0,711,0
M,24,33500.0,691,0
M,25,20000.0,663,0
M,34,20000.0,659,1
M,25,22000.0,685,2
M,42,25000.0,669,5
M,34,50000.0,656,3
M,35,20890.0,704,9
M,30,14000.0,687,0
M,43,30000.0,689,0
F,39,18500.0,660,0
M,37,28000.0,686,0
M,32,17000.0,683,0
F,54,28300.0,681,0
M,21,16000.0,680,0
M,25,31000.0,672,4
M,31,26000.0,710,0
M,31,26000.0,717,0
M,43,58000.0,707,2
M,24,10000.0,687,0
F,42,23000.0,698,4
M,29,14000.0,662,0
M,31,35000.0,701,0
M,24,19000.0,700,0
M,33,42000.0,670,6
M,26,30000.0,674,2
M,34,45000.0,642,4
M,38,27000.0,673,0
M,33,18000.0,664,0
M,35,68000.0,689,2
M,50,55000.0,696,0
F,46,21000.0,658,0
M,48,40000.0,687,0
F,38,9000.0,682,0
M,23,90000.0,677,4
M,24,20000.0,655,1
M,49,40000.0,684,0
M,24,15000.0,683,0
M,32,28000.0,664,0
M,33,28000.0,685,0
M,48,34000.0,691,0
M,45,14000.0,689,2
M,46,17000.0,734,2
F,30,20000.0,667,0
M,34,24500.0,687,10
F,36,15000.0,654,1
M,53,22000.0,677,18
M,39,35000.0,681,3
M,30,35000.0,678,0
F,42,13500.0,673,6
F,37,20000.0,689,0
M,36,13000.0,661,0
M,45,25000.0,691,0
M,27,9000.0,699,0
M,27,85000.0,666,0
M,26,33500.0,695,0
M,49,28000.0,707,0
F,28,26000.0,659,2
M,38,12000.0,641,0
M,24,25000.0,679,1
M,31,25000.0,698,0
M,59,25000.0,716,0
M,32,30000.0,670,2
M,24,14500.0,688,0
M,23,21000.0,676,0
M,26,30000.0,682,0
M,33,36000.0,700,0
M,30,20400.0,694,0
M,38,23000.0,680,2
M,32,20000.0,687,0
M,24,22000.0,686,0
M,23,10000.0,678,0
M,23,35000.0,683,0
M,64,30000.0,745,0
M,47,22000.0,669,0
M,41,25000.0,653,0
M,22,13000.0,673,0
M,57,16000.0,695,0
M,39,25000.0,670,0
M,23,15000.0,657,0
M,33,25000.0,704,0
M,27,15000.0,670,2
M,26,13000.0,692,0
M,26,28500.0,654,8
M,24,25000.0,658,0
M,36,70000.0,707,1
M,50,25290.0,702,0
M,34,19000.0,701,3
F,25,14000.0,668,2
M,43,19000.0,677,0
M,29,30000.0,706,0
M,38,25000.0,704,0
M,26,43000.0,686,0
M,52,16000.0,681,0
M,32,25000.0,674,9
M,44,45000.0,674,15
F,41,12000.0,656,0
M,23,40000.0,639,0
M,43,24000.0,675,0
M,42,27000.0,666,1
M,37,25000.0,684,0
F,43,29000.0,653,2
F,27,18000.0,673,0
M,35,28000.0,670,0
M,37,19700.0,701,2
M,24,18000.0,695,0
M,46,26500.0,680,0
M,29,29000.0,666,1
F,23,70000.0,692,5
M,31,30000.0,707,0
M,28,70000.0,664,4
M,22,16000.0,664,0
M,33,45000.0,716,0
M,40,45000.0,684,0
M,32,28000.0,668,0
F,59,30500.0,686,0
M,36,18000.0,685,0
M,25,30000.0,683,8
M,23,18000.0,684,0
M,26,21500.0,650,0
M,42,26500.0,691,0
F,30,18000.0,674,0
F,36,30000.0,670,12
M,47,26000.0,690,0
M,44,25000.0,677,16
M,29,13000.0,720,0
M,27,26000.0,695,0
M,41,20000.0,680,1
M,24,25000.0,685,0
M,36,23000.0,701,0
M,23,25000.0,686,0
M,28,20000.0,695,0
M,39,30000.0,697,0
M,34,19000.0,695,0
M,21,30000.0,676,0
M,25,45000.0,644,0
M,38,12000.0,682,0
M,35,68000.0,682,0
M,28,32000.0,670,0
M,33,60000.0,683,0
M,38,12000.0,682,11
M,22,13500.0,674,0
M,27,10000.0,664,1
M,39,12800.0,677,0
M,37,15000.0,666,0
M,40,15000.0,654,0
M,30,50000.0,684,0
M,26,25000.0,693,0
M,46,21000.0,667,0
M,28,20000.0,677,0
M,45,19500.0,706,0
M,24,23000.0,671,10
M,24,40000.0,677,0
M,53,30000.0,706,1
M,45,20000.0,678,0
F,28,24790.0,685,0
M,38,22168.0,680,7
M,35,35000.0,687,0
M,38,20000.0,676,7
M,54,21000.0,649,8
M,31,40000.0,652,9
M,23,30000.0,688,0
M,32,21000.0,652,0
M,23,28000.0,679,0
F,24,30000.0,650,1
M,28,25000.0,663,4
M,43,15000.0,702,7
M,27,20000.0,672,1
M,26,35000.0,673,0
M,36,38000.0,671,0
M,36,40000.0,750,19
F,28,22000.0,699,0
M,39,15000.0,673,7
M,32,30000.0,658,2
M,31,29000.0,673,0
M,35,30000.0,690,0
M,44,18000.0,689,0
M,28,22500.0,658,4
M,43,70000.0,652,2
M,31,20000.0,676,8
M,35,40000.0,660,1
M,36,50000.0,659,0
M,44,27000.0,688,0
M,33,24000.0,679,0
M,39,30000.0,696,0
M,35,25000.0,673,0
F,34,25000.0,730,0
M,48,35000.0,715,21
M,22,21000.0,656,4
M,39,25000.0,662,1
M,33,30000.0,694,0
M,45,25000.0,680,0
M,33,55000.0,635,0
M,31,40000.0,696,0
M,32,30000.0,690,0
M,36,32500.0,691,5
M,25,45000.0,668,0
M,49,13000.0,717,0
M,21,25000.0,675,0
F,49,30000.0,666,0
M,28,20000.0,670,0
M,44,28000.0,676,0
M,36,45000.0,721,0
F,24,10000.0,669,0
M,25,26000.0,674,0
M,30,21000.0,658,0
M,28,25000.0,741,0
M,28,20000.0,674,0
M,37,10000.0,680,0
M,39,30000.0,671,0
M,23,50000.0,680,1
M,31,20000.0,673,1
M,34,38000.0,659,0
M,23,19700.0,667,3
M,22,18000.0,649,2
F,33,15000.0,674,0
M,36,62600.0,692,2
M,22,11000.0,680,0
M,29,35500.0,672,0
M,22,40000.0,645,1
M,30,28000.0,689,0
M,48,25000.0,698,0
M,27,20000.0,674,0
M,47,23000.0,697,0
M,53,3000.0,689,17
M,27,25000.0,661,0
M,39,50000.0,695,0
M,27,40000.0,666,0
M,28,28000.0,671,2
M,35,18000.0,663,2
M,31,15000.0,670,0
M,47,35000.0,684,0
F,23,15000.0,691,0
M,29,27000.0,695,0
M,28,33000.0,683,1
M,42,28000.0,724,1
M,21,18000.0,691,0
F,53,22000.0,686,0
M,38,70000.0,711,0
F,37,30000.0,695,0
M,21,20000.0,674,0
M,54,39000.0,695,1
M,22,15000.0,683,0
M,43,55000.0,681,6
M,33,25000.0,690,7
M,25,50000.0,639,0
M,49,17500.0,681,0
M,22,12000.0,682,0
M,42,5000.0,697,4
M,42,20000.0,678,0
M,42,45600.0,662,18
M,34,14000.0,679,0
M,22,24000.0,674,1
M,46,47500.0,690,10
M,32,17000.0,709,0
M,36,25000.0,692,0
F,28,30000.0,693,0
F,40,2000.0,698,0
M,25,17000.0,686,0
M,23,30000.0,651,1
M,24,20000.0,661,3
M,33,70000.0,668,5
M,36,25000.0,679,1
M,31,40000.0,682,0
M,26,44000.0,665,1
M,38,12000.0,666,13
M,31,15000.0,663,0
F,47,40000.0,693,11
F,38,25000.0,669,0
M,27,50000.0,657,3
M,29,24500.0,678,0
M,22,43500.0,642,0
M,34,18000.0,669,0
M,23,18000.0,665,0
M,37,15000.0,666,1
M,26,9000.0,683,0
F,41,15000.0,675,0
M,39,45000.0,715,0
M,28,25000.0,666,0
M,32,40000.0,632,1
M,26,55000.0,683,0
M,25,20000.0,686,0
M,34,40000.0,675,5
M,37,21000.0,659,0
M,31,25000.0,668,12
M,23,21500.0,629,0
M,30,38000.0,699,5
M,40,33000.0,666,0
M,54,24000.0,690,2
M,51,54500.0,675,1
M,57,9500.0,675,0
M,41,30000.0,669,0
M,33,45000.0,704,9
M,33,28000.0,671,9
M,30,20000.0,621,0
M,30,22500.0,717,3
M,21,42500.0,675,0
M,43,11000.0,705,0
M,36,25000.0,690,0
M,27,12000.0,681,0
M,38,30000.0,709,8
M,32,14900.0,645,1
M,43,15000.0,666,2
M,24,30000.0,675,0
M,58,45000.0,688,0
M,34,35000.0,662,3
M,28,25000.0,676,0
M,22,26800.0,661,4
M,29,32000.0,651,1
M,32,38000.0,675,0
M,24,17000.0,675,2
M,23,16000.0,686,0
M,24,15000.0,676,0
M,33,25000.0,694,0
M,27,30000.0,675,32
M,32,22000.0,696,0
M,57,33000.0,705,4
M,23,10000.0,679,0
M,45,38000.0,675,11
M,22,15000.0,641,2
M,35,12500.0,685,0
M,48,35000.0,736,0
M,25,19000.0,671,12
M,24,15000.0,703,0
M,43,40000.0,691,0
M,30,55000.0,680,2
M,31,28000.0,676,0
M,32,20000.0,690,0
F,30,15000.0,738,0
M,32,30000.0,647,1
M,52,80000.0,709,0
M,29,14000.0,669,4
M,28,18000.0,648,15
F,38,16000.0,646,0
M,22,25000.0,667,0
M,39,20000.0,656,0
M,45,40000.0,667,11
M,28,17500.0,670,2
M,33,45000.0,694,1
M,46,13500.0,671,2
M,30,10000.0,687,0
M,52,17000.0,688,0
M,23,30000.0,665,0
M,30,25000.0,686,0
M,50,16000.0,716,6
M,47,20000.0,663,0
M,35,20000.0,679,2
M,36,25000.0,690,0
M,44,25000.0,692,0
F,39,30000.0,666,1
M,39,28000.0,672,0
M,47,25000.0,694,1
M,27,20000.0,678,4
M,40,45000.0,683,0
M,39,40000.0,685,0
M,37,20000.0,679,0
F,58,43000.0,658,0
M,21,15000.0,693,0
M,35,55000.0,667,1
F,35,36000.0,666,0
M,39,25000.0,690,1
M,28,32000.0,661,2
M,32,25000.0,672,4
M,25,20000.0,673,1
M,22,16000.0,674,0
M,23,13500.0,665,0
M,45,32000.0,685,0
F,38,16000.0,670,2
M,50,18000.0,671,0
M,37,25000.0,709,0
M,30,17000.0,685,0
M,23,25000.0,678,0
M,22,12800.0,683,0
M,25,15000.0,689,0
M,28,15000.0,670,2
M,26,15000.0,686,0
M,49,35000.0,683,0
M,29,18000.0,685,0
M,28,43000.0,693,0
M,27,20000.0,670,3
M,29,20000.0,684,0
M,31,37000.0,685,0
M,23,32000.0,677,10
M,26,20000.0,706,0
F,53,28000.0,659,0
M,44,22000.0,647,13
M,45,16000.0,667,1
M,33,20000.0,685,0
M,32,25000.0,661,0
M,30,12000.0,699,0
M,27,9500.0,638,2
M,27,40000.0,684,0
M,22,15000.0,688,0
M,24,14000.0,648,1
M,27,18000.0,670,12
M,29,16000.0,697,1
M,44,11.0,726,0
M,44,25000.0,684,0
M,35,20000.0,732,8
M,30,27500.0,677,5
M,36,10000.0,756,0
M,26,20500.0,675,0
M,28,23000.0,645,0
M,30,16200.0,678,0
M,31,35500.0,672,7
M,21,15000.0,684,0
M,54,25000.0,741,0
M,40,19000.0,663,0
F,30,20000.0,672,1
M,28,27000.0,654,0
M,36,10000.0,685,0
M,24,15000.0,650,7
M,27,38000.0,649,7
M,21,40000.0,699,0
M,25,15000.0,687,0
M,27,20000.0,703,0
M,28,35000.0,684,0
M,25,25000.0,681,1
M,40,27000.0,671,2
F,38,70000.0,677,0
M,25,11000.0,679,0
M,26,24000.0,677,0
F,24,17000.0,655,1
M,50,18000.0,670,0
M,40,20000.0,661,1
F,48,30000.0,702,0
M,32,25000.0,683,0
M,39,30000.0,667,1
M,25,22000.0,628,3
M,35,80000.0,673,0
M,56,19000.0,695,0
M,30,25000.0,700,8
M,33,33000.0,669,0
M,58,37500.0,748,0
F,27,39000.0,663,0
M,25,34852.0,678,1
M,26,30000.0,683,0
M,42,30000.0,710,0
M,24,15000.0,688,0
M,31,58000.0,667,0
M,39,40000.0,727,2
M,25,10.0,658,2
F,32,15000.0,721,0
M,21,15000.0,674,0
M,55,30000.0,732,0
M,27,18000.0,666,0
F,32,25000.0,654,13
F,44,10000.0,697,0
M,41,18000.0,688,0
M,29,15000.0,674,0
M,34,32000.0,723,0
M,29,31000.0,672,1
M,26,18000.0,688,0
M,32,65000.0,687,0
F,22,17000.0,671,2
M,38,30000.0,683,0
M,56,30000.0,668,2
M,36,30000.0,687,1
M,36,17000.0,691,4
M,35,37300.0,693,0
M,46,15000.0,659,0
M,28,30000.0,675,0
M,28,40000.0,653,5
M,24,13000.0,681,1
M,26,28000.0,618,1
M,24,40000.0,684,0
M,61,26000.0,687,0
M,30,30000.0,685,0
M,40,31500.0,722,0
M,39,30000.0,716,0
M,28,35000.0,680,0
M,36,33000.0,685,1
M,30,27000.0,657,0
F,30,48000.0,680,3
M,33,16000.0,688,0
M,28,25500.0,670,0
F,35,30000.0,683,0
M,28,25000.0,673,0
M,30,30000.0,689,0
M,30,18000.0,647,4
M,31,25000.0,653,1
M,23,16000.0,672,0
F,39,20000.0,672,1
M,30,36000.0,717,0
M,38,34000.0,677,0
F,30,12000.0,682,0
M,50,30000.0,713,0
M,45,28000.0,682,0
M,30,8409.0,699,0
M,30,25000.0,691,0
F,24,15000.0,668,0
M,28,37000.0,664,1
M,39,25000.0,727,0
M,50,28000.0,680,0
M,29,40000.0,657,0
M,25,18000.0,687,0
M,32,35000.0,665,1
M,23,18000.0,694,0
M,27,23000.0,689,0
M,46,35000.0,678,0
M,25,20000.0,680,0
M,22,41000.0,675,11
F,31,34000.0,678,0
M,31,30000.0,633,0
M,21,25000.0,692,0
M,25,15000.0,667,0
M,30,45000.0,686,2
M,36,20000.0,693,4
M,27,55000.0,675,0
M,27,28000.0,693,15
M,27,35000.0,669,0
F,38,17500.0,700,1
M,34,28500.0,695,17
M,49,35000.0,697,5
M,31,14500.0,680,0
M,37,26000.0,679,1
M,35,36000.0,672,2
F,49,35000.0,656,0
M,42,55000.0,695,12
M,34,40000.0,693,0
M,32,28000.0,675,0
M,33,12000.0,675,0
M,40,16000.0,704,0
M,43,31000.0,701,0
M,39,25000.0,677,0
M,51,20000.0,717,0
M,28,19000.0,676,0
M,33,25000.0,689,0
M,45,38000.0,688,0
M,33,38000.0,685,0
M,32,40000.0,663,1
M,25,3000.0,648,0
M,24,22000.0,687,0
M,25,19500.0,685,0
M,38,4000.0,692,8
M,34,90000.0,662,2
M,34,35000.0,699,0
M,52,35000.0,634,2
M,22,15000.0,673,0
M,29,25000.0,635,0
M,30,23000.0,652,5
M,29,28000.0,672,0
F,35,75000.0,667,5
M,41,18000.0,671,0
M,38,15000.0,678,1
F,26,19000.0,688,0
M,23,20903.0,674,0
M,30,22000.0,682,10
M,47,18000.0,677,0
F,39,13500.0,678,0
M,23,13000.0,680,0
M,29,22000.0,662,0
M,40,15000.0,686,0
M,50,25000.0,694,2
M,44,35000.0,674,0
F,28,20500.0,690,0
M,25,17000.0,651,0
M,32,18000.0,721,0
M,29,16000.0,671,6
M,24,11500.0,669,0
M,49,30000.0,709,0
M,31,35000.0,684,3
M,28,42000.0,682,0
M,30,16300.0,701,0
M,36,25000.0,690,0
M,31,26000.0,692,0
M,23,16000.0,673,2
M,35,35000.0,685,0
M,32,25000.0,694,0
F,24,90000.0,708,2
M,31,28000.0,697,0
M,23,17000.0,674,11
M,32,15000.0,700,0
M,39,65000.0,678,23
M,30,23000.0,681,0
F,32,20000.0,688,0
M,36,20000.0,685,0
M,31,20000.0,688,0
M,22,70000.0,676,1
M,22,20000.0,680,0
M,28,8000.0,666,4
F,61,20000.0,712,0
M,26,17000.0,667,6
M,35,15700.0,677,0
M,34,20000.0,664,1
M,28,27500.0,688,0
M,28,35000.0,674,0
M,24,16500.0,654,0
M,36,15000.0,690,0
M,31,35000.0,658,1
M,27,35000.0,655,5
M,30,18000.0,679,0
M,26,28000.0,704,0
M,34,40000.0,676,0
M,33,14000.0,687,0
M,25,16000.0,679,1
M,46,35000.0,673,5
M,23,11000.0,688,0
M,28,25000.0,668,2
M,36,40000.0,615,18
M,37,25000.0,690,3
M,38,30000.0,668,1
M,24,44000.0,685,0
M,26,22000.0,674,0
M,34,15000.0,709,0
M,35,35000.0,695,1
M,23,20000.0,674,0
F,36,25000.0,682,0
M,51,23000.0,658,0
M,45,35000.0,682,0
M,39,10000.0,671,0
M,24,80000.0,662,0
M,48,11000.0,701,0
M,28,18000.0,673,0
M,42,75000.0,669,0
M,25,34000.0,671,14
M,35,20000.0,674,2
M,31,40000.0,675,2
M,32,42709.0,674,0
M,24,25000.0,679,0
M,59,17500.0,681,0
M,41,28500.0,671,4
F,46,14500.0,711,0
M,24,20000.0,684,0
M,40,14000.0,708,0
F,34,17000.0,711,0
M,42,35000.0,681,0
M,38,15000.0,700,0
M,22,15000.0,689,0
M,37,40000.0,673,0
M,25,23000.0,657,0
M,63,16000.0,686,0
M,25,20000.0,674,0
M,37,25000.0,681,2
M,39,19000.0,665,0
M,22,18000.0,687,0
M,28,19500.0,676,3
M,45,50.0,699,0
M,28,20000.0,688,0
M,22,26000.0,690,0
M,48,25000.0,641,0
M,28,12000.0,677,0
M,24,16000.0,721,0
F,31,15000.0,687,0
M,29,20000.0,684,16
M,21,16000.0,685,0
M,41,12000.0,672,1
M,29,20000.0,666,3
M,23,22000.0,681,0
M,40,22000.0,670,2
M,24,34000.0,681,0
F,35,20000.0,671,0
M,33,20000.0,670,0
M,32,40000.0,681,0
M,51,35000.0,699,6
M,26,29800.0,681,0
M,35,25000.0,678,0
M,29,20000.0,626,0
M,26,27000.0,677,6
M,37,35000.0,660,0
M,29,20000.0,694,0
M,30,20000.0,640,3
M,28,34750.0,690,0
M,27,25000.0,666,1
M,31,30000.0,682,1
M,28,25000.0,672,0
M,44,30000.0,666,1
M,29,15000.0,676,0
M,42,18000.0,687,0
M,28,18000.0,690,0
M,39,70000.0,711,0
M,43,16000.0,672,0
M,34,35000.0,694,7
M,38,20000.0,667,0
M,24,18000.0,661,1
M,28,35000.0,683,14
M,25,14000.0,670,1
M,30,35000.0,626,13
M,37,45000.0,668,0
M,28,30000.0,682,0
M,21,24000.0,681,0
M,28,12000.0,657,2
M,29,35000.0,662,4
M,23,20000.0,692,0
M,47,35000.0,724,0
F,32,24000.0,681,0
M,32,9000.0,685,0
M,32,28000.0,673,0
M,36,23000.0,700,2
M,26,17500.0,628,18
M,26,22000.0,675,0
M,30,24000.0,687,0
M,27,25000.0,681,1
F,45,20000.0,667,0
M,22,10000.0,681,0
M,32,20000.0,672,2
M,31,15000.0,661,0
M,30,45000.0,676,0
M,35,15000.0,684,0
M,40,25000.0,704,4
M,22,19000.0,693,0
M,45,12000.0,678,0
M,25,15000.0,663,0
M,32,45000.0,676,2
M,32,18000.0,664,8
M,41,35000.0,706,0
F,24,15300.0,661,0
M,26,20000.0,672,0
M,27,16500.0,673,0
M,30,35000.0,710,1
M,43,15000.0,663,0
M,24,18000.0,693,0
M,27,3000.0,662,0
M,25,18000.0,682,0
M,34,19500.0,685,0
M,35,20000.0,693,0
M,28,18000.0,660,4
M,21,20000.0,686,7
M,36,33000.0,688,0
M,35,16000.0,702,0
M,43,18750.0,703,15
M,27,30000.0,682,0
M,27,12000.0,685,0
M,24,22000.0,680,0
M,23,25000.0,674,0
M,33,17000.0,685,0
M,60,30000.0,701,1
M,45,15000.0,704,0
M,30,15000.0,680,3
M,21,20000.0,681,0
M,36,18000.0,688,0
M,31,20000.0,698,0
M,25,18000.0,670,0
M,21,20000.0,681,0
M,53,2300.0,663,0
F,25,56000.0,681,0
M,28,18000.0,666,5
M,27,2100.0,658,4
M,30,23440.0,680,11
M,43,27500.0,681,9
M,35,16000.0,692,0
M,46,23000.0,702,0
M,34,47000.0,675,1
M,29,30000.0,691,0
M,46,22000.0,665,0
M,28,20000.0,707,2
M,33,40000.0,684,0
M,28,20000.0,669,0
M,44,18367.0,707,12
M,30,11500.0,652,11
M,43,28000.0,675,0
M,36,33000.0,692,0
M,28,35000.0,675,0
M,40,39000.0,696,0
M,24,31300.0,680,0
M,23,32000.0,675,0
M,35,25000.0,678,0
M,23,19000.0,650,0
M,27,13500.0,690,0
F,49,22000.0,693,0
F,35,24000.0,686,3
M,50,32000.0,687,2
M,31,30000.0,683,0
M,32,50000.0,665,2
M,39,18000.0,699,0
M,25,15000.0,677,0
M,28,24000.0,660,2
M,32,62000.0,685,0
M,43,30000.0,671,8
M,36,18000.0,698,0
M,34,32000.0,719,0
M,29,35000.0,674,8
M,27,20000.0,677,0
M,22,12000.0,683,0
F,41,20000.0,688,0
M,25,18000.0,692,0
M,40,35000.0,731,0
M,34,21100.0,675,0
M,23,20000.0,655,0
M,23,20000.0,672,0
M,39,35000.0,660,0
M,21,15000.0,673,0
M,34,50000.0,688,0
M,33,23500.0,670,1
M,23,22000.0,670,1
M,37,25000.0,705,5
M,45,18000.0,661,0
M,23,16500.0,671,0
M,36,40000.0,709,7
M,27,30000.0,712,0
M,39,18500.0,676,0
M,64,18000.0,710,0
M,44,50000.0,689,3
M,29,15000.0,651,2
M,37,25000.0,669,0
M,29,28000.0,663,0
F,37,35000.0,630,0
M,39,18000.0,691,0
M,26,35000.0,661,0
F,28,17000.0,680,0
M,28,24000.0,649,0
M,34,12000.0,670,3
M,35,22500.0,691,1
M,35,23000.0,686,0
M,28,100000.0,694,0
M,35,16000.0,621,1
M,25,45000.0,679,0
M,38,35000.0,688,0
M,42,90000.0,702,0
F,29,15000.0,687,0
M,58,35000.0,658,0
M,60,30000.0,684,0
M,23,25000.0,663,0
M,52,21000.0,691,0
F,27,1000.0,676,0
M,21,13000.0,690,0
M,23,15000.0,661,3
M,33,35687.0,663,0
M,28,23000.0,658,3
M,24,18500.0,677,0
F,31,25000.0,689,0
M,27,10000.0,668,0
M,28,25000.0,686,0
M,31,25000.0,676,2
M,44,15000.0,724,0
M,38,22000.0,705,0
M,41,35000.0,686,0
M,61,45000.0,670,3
M,30,28800.0,684,0
M,34,23000.0,663,1
M,38,10000.0,708,0
M,37,32000.0,682,0
M,30,30000.0,670,2
F,28,10000.0,676,0
M,25,15000.0,672,0
M,25,19000.0,566,0
M,30,25000.0,691,0
F,36,22000.0,683,0
F,34,10000.0,668,0
M,38,28000.0,700,8
M,32,13500.0,716,0
M,45,15000.0,669,0
M,34,21000.0,671,0
F,37,32000.0,696,0
M,38,18000.0,694,0
M,42,10000.0,699,9
F,24,18000.0,665,0
M,31,56000.0,662,1
M,41,25000.0,694,0
M,24,12000.0,672,0
M,42,44000.0,668,0
M,39,28000.0,637,2
M,48,25000.0,681,0
M,21,10000.0,656,7
M,28,25000.0,670,0
M,32,13500.0,698,0
F,26,18000.0,670,0
M,41,24500.0,681,0
M,25,25000.0,657,6
M,48,15000.0,652,0
M,47,25000.0,690,9
M,31,30000.0,678,0
M,38,12500.0,679,0
F,30,20000.0,683,0
M,35,10000.0,694,0
M,29,13700.0,686,0
M,29,15000.0,668,1
M,41,45000.0,675,1
M,26,16000.0,686,0
M,48,18000.0,710,0
M,32,21000.0,687,0
M,27,18000.0,681,0
M,52,45000.0,740,7
M,40,16970.0,711,0
F,24,16800.0,706,0
M,27,29000.0,692,0
M,27,19000.0,648,8
M,32,18563.0,705,0
M,24,29000.0,694,0
F,54,25000.0,673,0
M,28,15000.0,659,8
M,30,67000.0,670,0
M,40,15000.0,663,1
M,24,21000.0,678,0
M,48,35000.0,691,0
M,34,20000.0,703,0
M,35,17000.0,679,1
M,49,30000.0,713,0
M,43,17000.0,674,0
M,23,35000.0,688,0
F,22,35000.0,681,1
M,32,24000.0,701,0
M,24,15000.0,672,0
M,28,42000.0,687,0
M,27,100000.0,669,1
M,27,32000.0,661,8
M,22,34000.0,676,0
M,30,14000.0,670,3
M,29,12500.0,701,0
M,30,38000.0,684,0
M,28,35000.0,683,2
M,51,28000.0,688,5
M,45,15000.0,739,0
M,28,16000.0,665,0
F,29,45000.0,691,0
M,24,15000.0,684,0
M,36,45000.0,669,0
M,39,20000.0,682,0
M,42,35000.0,675,0
M,32,15000.0,667,0
M,24,15000.0,666,2
M,30,10000.0,672,0
M,31,20000.0,698,0
M,23,20000.0,665,0
M,31,23000.0,692,0
M,34,4800.0,694,0
M,26,19000.0,683,0
M,28,29000.0,678,8
M,45,15000.0,705,0
M,50,46000.0,673,3
M,40,39000.0,695,0
M,51,44000.0,678,0
M,34,33500.0,691,4
M,32,15000.0,672,7
M,27,35000.0,710,0
F,32,20000.0,703,0
M,45,20000.0,680,22
M,40,40000.0,696,0
F,26,18500.0,695,3
M,34,18000.0,658,3
M,33,10000.0,663,0
M,29,30000.0,696,4
M,48,40000.0,744,0
M,22,15000.0,682,0
M,43,54000.0,700,0
F,29,30000.0,690,0
M,26,30000.0,686,0
M,22,30000.0,683,0
M,41,15000.0,669,2
F,28,14500.0,666,0
M,25,19500.0,657,0
M,25,28000.0,673,0
F,25,11000.0,689,0
M,31,48000.0,660,0
F,58,30000.0,718,0
F,35,19000.0,680,0
M,27,13000.0,689,0
M,32,18000.0,653,9
M,28,22000.0,670,0
M,29,30000.0,674,3
M,31,120000.0,692,0
M,24,19000.0,688,0
M,34,42500.0,714,0
M,22,13500.0,664,1
M,30,26000.0,705,0
F,46,48000.0,671,12
M,40,35000.0,682,5
M,43,33500.0,722,0
M,31,15000.0,675,2
M,29,16000.0,694,0
M,25,30000.0,654,1
M,54,12000.0,747,0
M,35,28000.0,712,0
M,21,16000.0,692,0
M,32,25000.0,667,1
M,45,33000.0,701,0
M,28,20000.0,677,0
M,54,42100.0,680,0
M,43,25500.0,711,0
M,28,17000.0,685,0
M,31,20000.0,684,0
M,32,30000.0,587,1
M,35,26000.0,687,0
M,24,23000.0,665,0
M,28,16000.0,694,1
M,35,30000.0,679,1
M,24,8500.0,686,2
M,57,24000.0,689,0
M,27,16000.0,673,9
M,26,22000.0,690,0
M,41,30000.0,708,0
M,40,20000.0,700,0
M,48,35000.0,659,3
M,22,16500.0,643,0
M,25,19500.0,695,4
M,23,11000.0,678,0
M,26,18000.0,675,4
M,28,45000.0,669,5
M,23,33000.0,652,1
M,34,20000.0,670,0
M,41,15000.0,701,0
M,32,15000.0,688,0
M,44,50000.0,714,19
M,37,30000.0,683,1
M,48,15000.0,686,0
M,37,25000.0,676,0
M,25,30000.0,702,0
M,33,40000.0,679,0
M,50,40000.0,691,0
M,51,15000.0,675,22
M,23,38758.0,650,0
M,25,15000.0,661,3
M,47,17000.0,693,0
F,35,15000.0,673,0
F,28,19000.0,681,0
M,25,20000.0,664,0
M,31,33955.0,685,6
M,24,24000.0,688,0
M,22,30000.0,671,0
M,35,40000.0,695,11
F,37,15500.0,668,0
M,34,35000.0,695,1
M,28,30000.0,654,0
M,26,13000.0,684,0
M,33,23000.0,682,0
M,32,25000.0,673,0
F,24,40000.0,657,0
M,34,21000.0,691,0
M,43,40000.0,704,7
M,24,15000.0,678,2
M,53,7000.0,686,0
M,47,22000.0,693,0
M,49,26000.0,675,2
M,41,25000.0,693,0
M,32,26300.0,657,8
M,37,24000.0,682,0
F,53,13000.0,656,0
M,24,13000.0,666,0
M,33,20000.0,699,0
M,31,17500.0,679,0
M,26,35000.0,663,0
M,37,15000.0,682,3
M,31,13000.0,689,0
F,38,31000.0,684,0
M,25,16000.0,670,0
M,36,24000.0,655,2
M,37,30000.0,693,0
M,30,20000.0,674,0
M,32,25000.0,690,10
M,22,20000.0,685,0
M,31,8000.0,687,0
M,27,30000.0,665,2
M,55,15000.0,745,0
M,22,70000.0,693,0
M,42,40000.0,700,0
M,26,13000.0,693,0
M,35,18000.0,684,0
M,32,35000.0,639,9
M,32,12000.0,656,8
F,30,55000.0,612,23
M,33,18000.0,684,0
F,32,30000.0,690,0
M,38,25000.0,673,9
M,33,25000.0,699,0
M,35,43000.0,702,0
M,58,12000.0,672,0
F,27,38000.0,670,1
M,26,21500.0,663,0
M,27,28000.0,687,0
F,35,25000.0,682,0
M,30,30000.0,668,3
M,30,17852.0,685,54
F,37,22000.0,683,0
F,23,22000.0,660,0
M,26,14500.0,660,4
M,33,35000.0,645,6
M,24,11000.0,700,0
M,26,30000.0,703,0
M,30,20000.0,650,0
F,33,32000.0,676,0
F,45,25000.0,683,0
M,43,25000.0,659,0
M,38,20000.0,724,0
M,31,32000.0,701,0
M,25,29000.0,674,0
M,43,18000.0,703,0
M,27,35590.0,696,0
M,45,25000.0,683,0
M,34,30000.0,686,0
M,31,25000.0,668,1
M,23,20000.0,678,0
M,25,29500.0,673,0
F,34,35000.0,687,16
M,23,18000.0,675,0
M,34,25000.0,680,0
M,24,60000.0,672,5
M,33,22000.0,694,0
M,32,27000.0,673,4
M,27,15000.0,680,0
M,47,58000.0,687,0
M,21,20000.0,671,0
M,36,33000.0,706,11
M,38,15000.0,674,0
M,35,38000.0,686,0
F,46,25000.0,646,1
F,24,20000.0,643,0
M,34,17000.0,686,0
F,50,20000.0,713,0
M,22,10800.0,696,1
M,40,21500.0,691,18
M,24,24500.0,681,0
M,45,33000.0,682,0
M,24,25000.0,663,0
F,36,10500.0,647,6
M,39,20000.0,681,0
M,34,30000.0,676,19
F,26,16000.0,671,0
M,23,38000.0,668,0
M,36,45000.0,714,17
F,23,15000.0,697,0
M,28,20000.0,657,0
M,52,10.0,673,1
M,25,45000.0,646,1
M,31,22000.0,670,0
F,23,15000.0,692,0
M,49,25000.0,661,0
M,24,20000.0,676,0
M,39,15000.0,664,0
M,28,15000.0,680,0
M,56,17370.0,709,0
M,23,45000.0,680,0
M,35,40000.0,673,10
M,36,37000.0,686,0
M,50,25000.0,676,0
M,64,35000.0,777,0
M,27,23500.0,660,2
F,27,14500.0,682,0
M,36,20000.0,679,0
M,41,17000.0,702,0
M,42,20000.0,675,0
M,27,13000.0,668,0
M,30,18000.0,662,0
M,25,29000.0,661,2
M,27,28000.0,672,0
M,24,45000.0,672,0
F,38,20000.0,685,3
M,32,30000.0,658,4
F,32,17000.0,672,1
M,40,40000.0,681,0
M,26,28000.0,697,0
M,64,14500.0,696,0
F,49,10000.0,710,0
M,37,40000.0,695,0
M,33,18000.0,679,9
M,36,16870.0,704,2
M,33,34300.0,674,0
M,43,22000.0,696,0
M,29,10000.0,669,0
M,23,29000.0,692,0
M,26,14000.0,710,0
M,40,35000.0,672,0
M,21,15250.0,674,0
F,26,16000.0,683,0
M,25,29500.0,681,0
M,21,30000.0,670,0
M,44,18000.0,692,3
M,32,20000.0,683,1
M,26,32000.0,646,1
M,46,17450.0,679,0
F,44,15000.0,724,0
M,44,20000.0,662,3
M,36,18000.0,712,0
M,30,38000.0,677,0
M,24,30000.0,690,0
M,23,18000.0,658,0
M,45,17000.0,639,13
M,40,14000.0,675,3
M,50,45000.0,683,0
M,33,40000.0,699,22
M,25,350000.0,677,0
M,33,30000.0,689,0
M,50,13500.0,685,0
F,43,17450.0,667,0
M,33,19000.0,678,0
M,25,35000.0,652,0
M,24,15000.0,671,0
M,22,15000.0,670,0
F,32,25000.0,664,0
M,35,20000.0,675,0
M,21,17000.0,677,0
M,26,17200.0,668,5
M,37,40000.0,699,0
M,29,25000.0,663,3
M,23,15000.0,679,0
M,36,15000.0,713,1
M,32,15000.0,680,0
F,23,12000.0,632,3
M,21,28000.0,680,0
M,25,34500.0,694,0
M,28,23000.0,631,6
M,33,19200.0,664,0
M,30,22000.0,681,0
F,43,16200.0,679,0
M,43,27500.0,708,0
M,31,25000.0,713,0
M,25,20000.0,654,0
M,47,30000.0,689,0
M,28,18000.0,680,0
M,25,18000.0,676,0
M,33,15000.0,669,0
M,25,12.0,679,1
M,33,12000.0,668,0
M,30,25000.0,658,0
M,54,35000.0,681,0
M,26,24000.0,684,0
M,31,25000.0,631,0
M,48,8900.0,724,0
M,32,20.0,668,2
F,50,10.0,646,1
F,49,40000.0,695,0
M,49,19500.0,741,0
M,26,56000.0,671,0
M,49,230000.0,680,4
M,22,12000.0,670,0
M,45,17000.0,691,0
M,27,18000.0,695,0
F,24,12000.0,683,0
M,36,30000.0,643,1
M,24,19000.0,677,0
M,41,25000.0,679,0
F,27,50000.0,682,0
M,29,23000.0,654,5
F,32,32000.0,690,0
M,31,20000.0,682,0
M,24,12000.0,665,1
M,49,30000.0,695,11
F,33,20000.0,674,0
M,33,20000.0,693,0
M,31,13500.0,681,0
M,36,49500.0,685,0
M,25,20000.0,640,5
M,39,37000.0,701,20
M,27,25000.0,687,0
F,42,20000.0,668,0
M,35,12000.0,667,0
M,27,17000.0,685,0
M,45,50000.0,659,0
M,35,15000.0,667,0
F,34,14500.0,710,0
F,29,13000.0,689,0
M,30,23000.0,693,0
F,38,35000.0,707,0
M,36,30000.0,706,12
M,42,20000.0,703,0
M,32,19000.0,676,0
M,29,15000.0,682,1
M,39,11000.0,673,3
M,22,42500.0,678,0
M,27,18000.0,691,0
M,30,17000.0,682,0
M,40,25000.0,702,0
M,27,23000.0,681,0
M,51,22000.0,708,7
M,25,22000.0,680,0
M,38,25000.0,700,0
M,25,12000.0,676,6
M,32,45000.0,701,0
M,25,24000.0,679,0
M,37,16000.0,712,0
M,39,40000.0,697,0
M,22,24000.0,667,0
M,30,18000.0,685,0
M,38,15000.0,716,19
M,27,14400.0,643,1
M,40,24000.0,718,4
M,36,18500.0,681,0
M,29,22000.0,673,13
M,26,23000.0,697,2
M,47,70000.0,694,0
M,25,20000.0,681,0
M,26,18000.0,679,0
M,34,30000.0,695,0
M,23,20000.0,675,3
M,29,10000.0,676,0
M,45,20000.0,681,0
M,32,85000.0,696,0
M,49,13500.0,670,0
M,31,95000.0,679,5
M,21,65000.0,674,0
M,41,18000.0,697,1
F,40,15000.0,672,1
M,29,25000.0,665,0
F,39,32500.0,684,0
M,41,45000.0,684,4
M,37,23000.0,700,0
M,25,23000.0,658,1
M,60,30500.0,663,0
M,26,28000.0,679,5
F,28,13500.0,685,0
M,27,35000.0,669,0
F,27,25000.0,661,1
M,23,15000.0,692,0
F,39,22000.0,681,1
M,24,28000.0,689,0
M,43,20000.0,668,1
M,27,20000.0,659,1
M,43,50000.0,745,3
M,28,20000.0,693,0
M,27,19000.0,654,2
M,25,23800.0,660,0
M,28,38000.0,673,0
M,23,55000.0,685,0
M,38,25000.0,662,8
M,33,35000.0,687,0
M,24,18000.0,694,0
M,36,31000.0,686,1
M,32,22000.0,662,1
M,32,17000.0,661,1
M,28,18000.0,689,0
M,44,30000.0,714,8
M,57,30000.0,684,0
M,36,25000.0,685,0
M,27,30000.0,671,0
M,25,60000.0,676,0
M,32,95000.0,686,0
M,40,15000.0,678,0
F,26,13000.0,685,0
F,60,35000.0,717,1
M,37,23000.0,673,1
M,25,15000.0,669,0
M,26,12300.0,676,0
M,51,15000.0,713,0
M,33,34000.0,642,12
M,27,40000.0,648,0
M,28,15000.0,688,10
M,32,31000.0,701,0
M,25,18000.0,681,0
M,39,22000.0,700,0
M,53,25000.0,685,0
M,32,13000.0,681,0
F,30,18000.0,693,0
M,30,15000.0,665,2
M,42,30000.0,700,0
M,56,23000.0,674,0
M,23,30000.0,670,0
M,21,25000.0,678,0
M,31,16000.0,661,0
F,39,30000.0,673,0
M,53,30000.0,713,0
M,21,12000.0,662,0
M,35,48000.0,673,0
M,32,24000.0,694,0
F,52,18000.0,683,0
F,36,45000.0,718,2
M,42,34500.0,717,1
F,30,25000.0,694,0
M,36,27000.0,680,0
M,31,12000.0,657,1
M,21,13946.0,679,0
M,56,45000.0,695,0
M,28,25000.0,682,0
M,32,35000.0,602,0
M,22,24000.0,688,0
M,23,16900.0,674,0
M,22,17000.0,635,1
M,27,16000.0,662,15
M,44,21000.0,721,6
M,34,45000.0,685,0
M,25,25000.0,682,0
M,48,40000.0,693,3
M,28,25000.0,693,0
M,29,16000.0,686,0
M,41,32000.0,681,0
M,38,10000.0,664,1
M,24,12000.0,668,1
M,29,45000.0,680,0
M,32,11000.0,720,0
M,28,18000.0,672,20
M,59,20000.0,679,0
M,33,18000.0,684,0
M,30,45000.0,690,6
M,40,33000.0,686,0
M,26,19500.0,671,10
M,34,30000.0,676,0
M,56,40000.0,669,0
M,21,14500.0,682,0
M,36,16000.0,681,0
M,33,30000.0,675,3
M,45,28000.0,654,2
M,33,28000.0,681,0
M,42,22000.0,688,0
M,44,35000.0,680,1
M,41,35000.0,668,1
M,31,20000.0,675,0
M,28,13800.0,679,0
M,43,35000.0,646,0
M,34,30000.0,675,13
M,22,28000.0,688,0
M,23,16500.0,670,0
F,35,15000.0,669,2
M,46,38000.0,692,0
M,39,100000.0,687,6
M,30,16500.0,665,1
M,32,22000.0,670,12
M,31,29500.0,649,2
M,27,24000.0,684,0
M,30,15000.0,651,2
M,43,45000.0,718,6
M,34,15000.0,695,2
M,34,23000.0,690,0
M,36,24000.0,682,3
M,24,16000.0,663,21
M,25,36000.0,674,0
M,27,23000.0,677,1
M,22,22900.0,655,1
M,28,40000.0,677,0
M,54,34000.0,683,0
M,26,15000.0,661,2
M,36,17320.0,661,0
M,28,30000.0,680,0
M,41,24000.0,675,0
M,27,18000.0,671,0
F,38,10000.0,684,0
M,25,55000.0,667,0
M,28,20000.0,688,0
M,34,52000.0,674,0
M,23,20000.0,668,4
M,24,15000.0,689,0
M,25,17000.0,679,0
M,31,30000.0,682,0
M,34,22000.0,703,0
M,42,39999.0,683,1
M,31,20000.0,688,4
M,39,13000.0,708,21
F,34,22000.0,692,1
M,44,15000.0,677,0
F,23,20000.0,631,0
M,34,41500.0,679,1
M,24,18000.0,699,0
M,40,45000.0,667,10
F,34,16000.0,671,0
F,41,10000.0,693,0
M,59,48000.0,721,11
F,30,18000.0,687,3
M,39,62750.0,694,0
M,36,25000.0,669,5
M,39,15000.0,670,0
M,33,23000.0,646,0
M,31,12000.0,689,0
M,39,25000.0,662,1
M,22,20000.0,682,0
M,28,30000.0,676,0
F,32,22000.0,674,0
M,44,30000.0,682,0
M,42,35000.0,635,0
M,24,30000.0,671,0
M,21,23000.0,690,0
M,25,20000.0,674,0
M,37,40000.0,630,1
M,30,42300.0,679,4
F,38,50000.0,718,0
M,21,30000.0,662,0
M,46,55000.0,741,0
F,49,35000.0,699,0
F,48,20000.0,677,5
M,27,28000.0,670,3
M,29,50000.0,671,4
M,29,17000.0,671,0
M,37,10000.0,712,0
F,43,12000.0,649,1
M,40,43000.0,695,17
M,26,11000.0,686,0
F,41,15000.0,686,0
F,37,28500.0,689,1
M,29,22000.0,678,0
M,45,13000.0,704,0
M,27,25000.0,657,1
M,28,16000.0,689,0
F,39,10000.0,684,0
F,36,35000.0,666,0
M,25,10000.0,684,0
M,42,25000.0,669,3
M,31,20000.0,701,0
F,41,25000.0,678,0
M,23,15000.0,674,0
M,30,36000.0,688,0
M,25,15000.0,696,0
M,39,45000.0,699,0
M,21,30000.0,657,5
M,24,13500.0,681,0
M,25,26500.0,657,0
F,36,31000.0,657,0
M,34,25000.0,699,0
M,31,64000.0,657,5
M,29,35000.0,678,0
M,48,25000.0,693,4
M,33,29000.0,668,0
M,33,40000.0,637,9
M,53,18500.0,705,0
M,22,30000.0,656,2
M,34,15000.0,693,0
M,32,20000.0,669,1
M,31,45000.0,685,0
M,30,35000.0,713,0
M,36,50000.0,662,16
M,32,45000.0,683,0
M,34,28000.0,662,2
M,32,15800.0,712,0
M,25,50000.0,665,1
M,25,18000.0,673,5
M,45,18000.0,701,0
M,29,15000.0,681,0
M,25,16500.0,623,0
M,21,30000.0,675,3
M,34,30000.0,682,0
M,33,40000.0,697,1
M,32,15600.0,699,0
M,39,19000.0,670,2
F,30,36000.0,717,4
M,39,11000.0,683,0
M,37,25000.0,699,0
M,34,29000.0,672,2
F,47,12500.0,663,0
M,21,12000.0,668,0
M,23,30000.0,672,0
M,26,10500.0,678,0
M,32,18000.0,669,0
M,36,35000.0,702,0
M,30,30000.0,674,0
M,49,22000.0,688,0
M,35,30000.0,729,10
F,47,30000.0,668,0
M,50,60000.0,689,0
M,44,32000.0,694,0
M,35,40000.0,692,0
M,35,13000.0,671,0
M,35,25500.0,650,4
M,26,15000.0,653,0
M,31,28000.0,677,2
F,38,30000.0,756,1
M,31,20000.0,658,2
M,26,44000.0,681,0
M,34,35000.0,672,1
M,47,35000.0,672,1
F,35,25000.0,785,0
M,45,20000.0,671,0
M,26,15000.0,641,0
M,27,15000.0,676,0
M,24,25000.0,649,0
F,37,28000.0,656,3
M,34,30000.0,665,0
M,23,10700.0,666,3
M,36,20000.0,661,1
M,31,36000.0,666,0
F,34,35000.0,677,0
M,29,45000.0,669,0
M,26,45000.0,676,0
M,30,30000.0,666,0
M,29,10.0,675,0
F,36,50000.0,697,0
M,37,33000.0,684,0
M,39,50000.0,682,0
M,46,28000.0,703,0
M,34,30000.0,680,0
M,29,34000.0,683,0
M,33,19500.0,674,0
M,36,37000.0,694,0
M,32,22000.0,628,12
M,39,17000.0,673,3
M,52,25000.0,674,3
M,49,30000.0,705,0
M,24,11500.0,699,0
F,52,32000.0,703,0
M,49,24000.0,729,0
M,36,28000.0,703,7
M,40,15000.0,687,1
M,38,32000.0,688,0
M,39,30000.0,688,0
M,38,15600.0,677,0
M,28,65000.0,664,4
M,25,23000.0,690,0
M,58,25000.0,676,0
M,43,20000.0,674,0
M,41,50000.0,697,0
M,26,13800.0,692,0
M,44,18500.0,709,0
M,42,48000.0,702,0
M,25,14000.0,678,0
M,46,45000.0,727,0
M,48,10500.0,703,1
F,52,28000.0,695,0
M,49,15000.0,679,0
M,28,45000.0,688,0
M,23,50000.0,668,0
M,31,22000.0,681,0
M,26,18400.0,696,0
M,45,22000.0,720,0
M,38,30000.0,671,0
M,34,29000.0,683,0
M,28,30000.0,662,1
M,40,20000.0,650,7
M,38,14000.0,722,0
M,35,15000.0,708,0
M,30,70000.0,686,0
M,28,24000.0,683,0
F,27,15000.0,688,0
M,35,25000.0,687,0
M,37,23000.0,668,0
M,24,11000.0,676,2
M,31,15000.0,678,0
M,22,15000.0,697,0
M,32,30000.0,663,3
F,50,18000.0,703,0
M,22,20000.0,680,8
M,37,20000.0,696,0
M,32,20000.0,690,38
M,36,35000.0,682,0
M,38,14000.0,679,0
M,30,26000.0,689,0
F,43,15000.0,676,0
M,37,14500.0,695,0
M,43,25000.0,677,7
M,30,25000.0,686,0
M,40,22000.0,707,0
M,35,65000.0,686,0
M,24,18000.0,646,0
M,31,35000.0,681,0
M,24,80000.0,677,7
M,40,45000.0,675,0
M,49,30000.0,700,0
M,22,20000.0,685,0
M,42,45000.0,693,0
M,27,24000.0,702,0
M,26,16000.0,689,0
M,60,18000.0,659,2
M,49,15000.0,684,0
M,29,25000.0,684,0
M,29,40000.0,676,2
M,25,22000.0,663,0
M,33,50000.0,698,19
F,25,30000.0,680,0
F,28,55000.0,693,0
M,31,30000.0,664,0
M,43,34000.0,739,0
M,21,9500.0,692,0
F,46,15000.0,700,0
F,46,20000.0,678,0
M,32,18000.0,684,15
M,26,17000.0,689,0
M,29,15600.0,660,0
F,41,35600.0,668,14
M,32,25000.0,730,0
M,33,19000.0,668,1
M,49,18000.0,667,0
M,36,30000.0,674,0
M,48,25000.0,676,0
M,27,60000.0,692,0
M,44,27000.0,718,7
M,29,35000.0,698,0
F,44,25000.0,674,11
M,25,35000.0,677,0
M,42,24000.0,674,0
M,34,18000.0,700,2
M,33,34000.0,642,2
M,36,20000.0,677,1
M,38,20000.0,671,0
M,28,16239.0,701,0
M,42,19000.0,687,0
M,48,27000.0,718,16
M,28,20000.0,650,5
M,27,24000.0,687,0
M,59,40000.0,715,0
M,50,25000.0,694,16
F,36,20000.0,686,0
M,28,16700.0,717,0
M,41,14000.0,676,9
M,21,25000.0,665,0
M,29,30000.0,674,1
M,31,30000.0,686,0
M,33,23000.0,666,0
F,44,20000.0,670,1
M,23,21000.0,691,0
M,46,20000.0,688,0
M,36,13000.0,702,0
M,25,35000.0,665,3
M,28,32000.0,687,0
M,32,15000.0,672,3
M,22,25000.0,650,2
M,53,43500.0,795,0
M,30,18000.0,690,0
M,40,13000.0,700,0
M,38,27000.0,660,25
M,34,25000.0,716,5
M,24,18500.0,678,0
M,30,22000.0,642,3
M,23,12000.0,659,1
M,27,25000.0,676,0
M,38,16850.0,661,2
M,25,18800.0,647,0
F,55,17000.0,681,0
M,25,16000.0,677,1
M,22,14000.0,665,3
M,32,16000.0,676,0
M,23,40000.0,657,0
M,33,23000.0,669,0
M,40,28000.0,686,0
M,32,35000.0,692,0
M,22,11000.0,671,0
F,32,20000.0,716,0
M,43,150000.0,697,2
M,31,40000.0,684,0
M,36,15000.0,681,0
M,48,25000.0,672,0
M,22,16000.0,650,5
M,26,20000.0,669,1
M,48,45000.0,710,29
M,43,37000.0,681,0
M,29,37000.0,671,0
M,41,49500.0,676,0
F,41,20000.0,682,0
M,42,18000.0,690,0
M,25,18000.0,670,1
M,25,22000.0,646,4
M,22,25000.0,646,0
F,35,50000.0,655,1
M,24,23500.0,673,0
M,22,14000.0,674,4
M,27,15000.0,690,0
M,35,25000.0,725,0
M,30,22500.0,678,0
M,25,37500.0,662,0
M,28,27000.0,688,0
M,46,40000.0,673,0
M,21,26500.0,669,0
M,23,25000.0,677,0
M,38,15000.0,689,0
M,31,15280.0,677,0
M,26,28000.0,672,0
M,29,20000.0,688,0
M,30,38000.0,684,0
M,42,25000.0,661,0
F,26,10000.0,678,0
M,34,35000.0,676,0
M,44,18000.0,674,0
M,32,30000.0,675,0
M,28,40000.0,678,0
M,31,13500.0,685,0
M,29,28000.0,683,4
M,51,20000.0,666,0
M,26,25000.0,667,0
F,37,22000.0,689,0
M,30,21500.0,681,0
M,36,20000.0,699,0
M,27,15000.0,658,0
F,49,30000.0,682,0
M,25,12000.0,688,0
M,42,45000.0,659,7
F,33,12500.0,675,1
M,22,16500.0,685,0
M,43,21000.0,702,13
M,60,65000.0,698,0
M,42,20000.0,689,9
M,31,20000.0,691,0
M,25,56000.0,666,2
M,28,24500.0,683,0
M,48,30000.0,679,0
M,24,30000.0,673,0
M,22,17000.0,672,0
M,43,45000.0,663,7
M,46,70000.0,736,0
M,26,35000.0,659,0
M,36,26000.0,680,0
M,30,24000.0,691,0
M,39,22000.0,675,0
F,44,28000.0,728,10
M,27,22000.0,672,0
M,41,38000.0,695,0
M,29,10000.0,692,0
M,40,13000.0,700,0
M,51,47000.0,711,3
F,49,60000.0,699,1
M,36,9000.0,680,0
M,37,17000.0,688,0
M,23,10000.0,676,2
F,25,18000.0,690,0
F,41,18000.0,677,3
F,23,12000.0,668,1
M,23,12500.0,684,0
M,38,18000.0,684,0
M,51,31000.0,690,10
F,31,25000.0,665,0
M,25,20000.0,692,0
M,43,2000.0,678,1
M,40,20000.0,688,0
M,33,35000.0,681,1
M,33,28000.0,685,0
M,31,12800.0,673,1
M,26,36000.0,671,0
M,29,37000.0,691,1
M,35,20000.0,671,0
M,27,15000.0,679,14
M,43,25000.0,699,0
M,24,30000.0,655,1
M,33,18000.0,626,0
M,30,30000.0,660,13
M,28,22000.0,685,0
M,54,32000.0,681,0
M,24,23000.0,637,5
M,27,30000.0,675,0
M,26,15000.0,691,0
M,28,33000.0,694,0
M,22,20000.0,683,0
M,35,13000.0,677,0
M,22,35000.0,653,1
F,36,17000.0,670,9
M,55,14500.0,676,11
M,29,16000.0,694,1
M,37,29000.0,627,13
M,27,15000.0,699,0
M,37,48000.0,725,0
F,21,30000.0,633,0
M,25,30000.0,697,0
M,22,48000.0,668,0
M,23,19000.0,665,2
M,38,10000.0,649,2
M,46,20000.0,673,0
M,29,15000.0,676,5
M,40,55000.0,699,0
M,26,18000.0,671,0
M,21,20000.0,665,2
F,33,20000.0,658,0
M,36,17000.0,672,0
M,26,15000.0,667,3
M,32,10000.0,697,0
M,40,15000.0,686,0
F,33,19000.0,684,0
F,38,13500.0,654,0
M,46,23000.0,716,0
M,48,35000.0,709,0
M,29,40000.0,677,2
M,25,18000.0,671,0
M,27,25000.0,707,0
M,51,12000.0,684,0
M,29,50000.0,704,0
M,33,40000.0,677,26
M,30,11000.0,685,0
M,36,17000.0,695,2
F,29,29000.0,680,0
M,43,22000.0,687,0
M,27,19000.0,652,3
M,31,30000.0,666,0
M,26,20000.0,675,0
M,25,32500.0,691,0
M,44,25000.0,664,2
M,63,40000.0,692,0
M,26,23000.0,650,0
M,21,10000.0,665,0
M,33,30000.0,682,2
M,27,45000.0,642,1
M,32,12000.0,681,0
M,25,20000.0,669,0
M,26,18000.0,683,6
M,34,24000.0,668,0
M,43,22000.0,687,1
M,38,35000.0,679,0
M,32,40000.0,679,0
M,48,15000.0,680,0
M,31,32200.0,664,0
M,25,30000.0,688,0
M,33,27000.0,665,1
M,43,35000.0,669,0
F,39,25000.0,680,0
M,37,32000.0,718,0
M,41,40000.0,710,0
M,32,20000.0,665,0
M,51,28000.0,650,10
M,50,40000.0,683,0
M,24,17000.0,668,0
F,38,18000.0,653,9
M,40,45000.0,683,0
M,26,35000.0,682,0
M,34,25000.0,680,0
M,39,70000.0,677,14
M,33,52000.0,677,0
F,30,10000.0,678,0
M,38,22000.0,679,1
M,26,40000.0,663,1
M,28,20000.0,726,0
M,46,30000.0,667,5
M,21,23000.0,643,0
M,45,15000.0,662,0
M,30,24000.0,650,3
M,29,23000.0,679,0
M,48,45000.0,676,23
M,30,27000.0,691,0
F,25,8000.0,693,0
M,29,25000.0,675,0
M,41,39000.0,703,0
M,28,20000.0,673,0
M,33,40000.0,664,0
M,39,22000.0,689,1
M,24,40000.0,686,0
M,24,18000.0,725,0
M,47,30000.0,673,0
M,41,55000.0,677,0
M,44,40000.0,680,4
F,24,25000.0,673,0
M,58,30000.0,698,2
M,23,15000.0,662,0
M,41,40000.0,710,0
M,28,28000.0,673,0
M,28,28000.0,696,0
M,40,55000.0,549,0
M,35,16000.0,671,1
M,37,22500.0,702,0
M,22,22000.0,664,0
M,40,42500.0,677,0
M,40,30000.0,678,0
M,23,23500.0,658,0
M,31,15000.0,692,0
M,35,9000.0,677,8
M,21,16845.0,679,0
M,21,30000.0,665,0
M,59,22000.0,686,0
M,31,15000.0,676,0
M,36,32000.0,671,0
M,25,15000.0,712,0
F,41,15000.0,695,0
M,29,25000.0,656,4
M,22,25000.0,679,0
M,29,10500.0,663,0
M,31,25000.0,681,0
M,27,28000.0,663,0
M,33,28000.0,667,0
M,27,22000.0,664,0
M,46,22000.0,674,0
M,27,18000.0,674,0
M,35,39000.0,691,0
M,30,37000.0,673,0
M,52,16000.0,725,0
M,52,35000.0,712,0
M,51,20000.0,697,0
M,43,13000.0,700,0
M,38,28000.0,691,0
M,21,24000.0,656,0
M,40,18000.0,700,0
M,40,23500.0,692,0
M,28,18000.0,681,0
M,30,24990.0,687,0
M,23,15500.0,685,0
M,34,35000.0,680,0
M,48,56000.0,680,0
M,38,16000.0,670,0
M,29,38000.0,671,1
M,50,33000.0,697,0
M,28,30000.0,671,5
M,24,28000.0,675,0
M,31,18500.0,672,0
M,33,20000.0,725,0
M,27,28900.0,671,0
M,26,18000.0,659,2
M,49,60000.0,703,0
M,29,13000.0,666,3
M,30,28000.0,669,2
M,49,25000.0,678,0
M,36,16000.0,688,1
M,27,18000.0,666,1
M,28,30000.0,678,2
M,29,18000.0,683,2
M,27,23800.0,663,0
M,24,28000.0,685,0
M,28,21000.0,676,0
M,31,18500.0,681,0
F,25,19000.0,675,6
M,24,18500.0,686,0
M,29,18000.0,627,0
F,25,20000.0,654,1
M,31,18000.0,714,0
M,42,50000.0,659,0
M,31,15000.0,675,0
M,30,25000.0,678,0
M,34,41000.0,654,0
M,27,40000.0,691,0
M,50,27000.0,678,0
M,48,49000.0,719,0
M,34,23000.0,674,0
M,25,20000.0,672,1
M,24,22850.0,670,0
M,24,7000.0,694,0
M,25,30000.0,676,0
M,35,25000.0,691,0
M,28,16000.0,639,0
M,33,35000.0,661,1
F,43,30000.0,676,0
M,33,15000.0,674,0
M,34,65000.0,594,4
F,47,15000.0,709,0
M,32,18000.0,690,0
M,44,25000.0,740,0
M,39,12000.0,687,0
M,44,20000.0,723,14
F,34,1800.0,692,0
M,31,15000.0,709,0
M,30,35000.0,693,0
M,27,13000.0,685,0
M,29,18000.0,654,4
F,38,13000.0,702,0
M,35,14500.0,672,3
M,21,16000.0,669,0
M,42,20000.0,678,0
M,31,18000.0,664,0
M,31,27000.0,689,1
M,22,18000.0,680,0
F,27,24000.0,679,0
M,41,15000.0,689,0
M,31,10000.0,670,10
M,22,30000.0,638,0
M,30,15000.0,698,0
F,29,24000.0,678,0
M,36,33000.0,712,0
M,37,25000.0,669,3
M,40,23000.0,671,0
M,38,25.0,677,0
M,22,22000.0,704,0
M,24,15000.0,684,0
M,54,30000.0,705,0
M,22,11000.0,683,0
F,30,50000.0,611,0
F,30,25000.0,651,3
M,23,16000.0,662,0
M,28,16000.0,692,0
M,31,30000.0,679,0
M,26,12500.0,689,0
M,22,13000.0,674,0
M,22,10000.0,684,1
F,34,23500.0,702,0
M,34,15000.0,687,0
M,34,15000.0,680,0
M,26,25000.0,651,1
M,28,34000.0,701,0
M,36,42500.0,632,0
M,21,18000.0,660,0
M,32,18000.0,698,0
M,35,30000.0,693,0
F,29,20000.0,681,0
M,38,15000.0,678,0
M,37,20000.0,682,0
M,32,18000.0,663,2
M,30,50000.0,682,0
M,40,53000.0,648,3
M,28,18000.0,691,0
M,49,24000.0,662,1
M,40,38000.0,690,8
M,31,22000.0,689,0
M,36,25000.0,673,1
M,26,23490.0,688,0
M,25,18000.0,669,3
F,26,15500.0,612,0
M,21,11500.0,686,0
M,29,50000.0,675,0
F,43,12000.0,700,0
M,22,18000.0,667,0
M,36,60000.0,693,1
M,26,65000.0,673,0
M,28,19000.0,679,1
M,24,16000.0,666,0
M,35,30000.0,681,1
M,36,30000.0,662,0
M,44,25000.0,710,0
F,33,15000.0,693,0
M,31,20000.0,675,0
M,27,15000.0,679,0
M,33,20000.0,685,0
M,22,30000.0,684,0
M,28,32800.0,684,3
M,35,28000.0,708,7
M,30,28000.0,681,36
M,32,14000.0,650,0
M,47,18000.0,747,0
M,22,32000.0,687,0
M,28,75000.0,703,1
M,27,17000.0,660,4
M,30,18000.0,690,0
M,31,25000.0,689,0
F,44,22000.0,692,0
M,22,18000.0,670,0
F,28,25000.0,687,0
M,21,25000.0,674,0
M,36,20000.0,703,0
M,35,75000.0,679,0
F,39,50000.0,698,0
M,25,30000.0,703,0
M,27,40000.0,683,0
M,38,15000.0,702,0
M,27,47000.0,683,0
M,49,45000.0,676,0
M,35,30000.0,694,0
F,31,30000.0,673,0
M,25,20000.0,656,3
M,21,30000.0,678,0
M,29,20000.0,681,0
M,52,20000.0,658,0
M,23,25000.0,678,0
M,37,19000.0,661,0
M,33,50000.0,693,4
F,35,24000.0,656,1
M,24,25000.0,670,2
M,31,26000.0,683,0
M,43,25000.0,703,0
M,51,15000.0,659,0
M,32,46500.0,710,8
M,46,25000.0,673,0
M,35,29000.0,733,0
F,39,15000.0,697,0
M,31,14000.0,688,0
M,22,16500.0,663,0
F,38,15000.0,686,0
M,29,25000.0,661,0
M,31,25000.0,687,0
M,40,22000.0,686,1
M,54,19000.0,690,5
M,29,21000.0,683,0
M,23,22000.0,702,0
M,29,18500.0,686,0
M,37,18000.0,676,0
M,36,16000.0,680,0
M,45,21000.0,681,0
M,46,35000.0,680,1
F,34,18500.0,690,0
M,23,15000.0,667,0
M,27,30000.0,681,0
M,26,16000.0,673,0
M,27,35000.0,672,0
M,41,22000.0,653,4
M,30,22000.0,678,0
M,46,26400.0,673,0
M,32,30000.0,657,11
M,30,30000.0,660,0
M,39,14000.0,670,1
M,34,30000.0,675,0
M,26,16500.0,673,0
M,41,19000.0,671,5
M,39,29435.0,694,8
M,31,14000.0,674,0
M,31,30000.0,630,0
M,22,32000.0,655,4
M,32,32000.0,699,0
M,48,13000.0,683,13
M,27,31990.0,686,0
M,29,35000.0,680,0
M,30,27000.0,684,0
M,23,200000.0,651,1
M,42,20000.0,734,0
M,26,11000.0,666,0
M,33,35000.0,714,0
F,35,15000.0,671,0
M,23,26000.0,687,0
M,28,16000.0,691,0
M,26,28000.0,678,14
M,35,40000.0,682,7
F,27,17000.0,678,0
M,42,29000.0,655,1
F,42,15000.0,674,0
M,33,28000.0,703,0
M,46,25000.0,688,0
F,32,10000.0,677,0
F,43,30000.0,709,0
M,35,30000.0,715,0
M,23,15000.0,669,0
F,26,25000.0,707,0
M,39,45000.0,604,0
F,38,45000.0,662,1
M,27,18000.0,647,2
M,44,15000.0,686,0
M,23,16000.0,672,0
M,33,28000.0,675,0
M,21,15000.0,667,0
M,47,30000.0,684,0
M,28,45000.0,689,0
M,30,33000.0,691,0
M,33,16500.0,686,0
M,22,20000.0,677,0
M,32,20000.0,641,2
M,30,30000.0,683,0
M,42,55000.0,682,0
M,35,27000.0,676,0
M,45,30576.0,727,0
M,25,27000.0,656,0
M,35,35000.0,675,0
M,27,35000.0,682,0
F,33,17000.0,676,0
M,26,15000.0,680,0
M,23,12000.0,679,0
M,23,25000.0,665,2
M,45,31000.0,664,2
F,23,16500.0,686,0
M,43,36000.0,680,0
M,27,20000.0,679,2
M,41,34000.0,652,2
M,22,23000.0,699,0
M,43,13000.0,688,0
M,36,30000.0,688,0
M,51,29000.0,672,3
M,45,32000.0,690,0
M,22,16000.0,686,0
M,34,23000.0,689,0
M,35,10000.0,702,12
M,34,180000.0,686,9
M,34,50000.0,699,0
M,24,16000.0,661,6
M,38,22000.0,659,2
M,36,32000.0,677,0
M,26,25000.0,698,0
F,27,40000.0,665,0
M,37,15000.0,658,0
M,29,32000.0,674,1
F,44,40000.0,677,0
M,24,150000.0,701,0
M,40,30000.0,714,5
F,35,10000.0,673,6
M,37,40000.0,710,0
M,42,25000.0,691,0
M,42,40000.0,683,0
M,22,27000.0,657,0
M,38,35000.0,682,0
M,37,25000.0,660,2
M,48,25000.0,684,0
M,43,35000.0,692,0
M,43,40000.0,672,1
M,29,18000.0,659,1
M,31,27000.0,683,0
M,30,15000.0,699,0
M,54,28000.0,648,1
M,46,30000.0,660,1
M,28,28000.0,679,3
M,29,55000.0,694,0
F,34,15000.0,676,0
M,35,20000.0,672,0
M,23,15000.0,672,0
M,30,12000.0,671,0
M,50,25000.0,689,0
M,33,25000.0,664,0
M,24,18000.0,687,0
M,22,17000.0,662,0
M,25,25000.0,668,2
F,53,150000.0,643,10
M,35,11000.0,674,0
M,30,27000.0,686,0
M,36,60000.0,699,0
M,28,50000.0,661,0
M,30,47000.0,647,0
F,33,20000.0,701,0
M,27,35000.0,685,0
M,28,18000.0,671,0
M,32,28000.0,675,0
M,59,24500.0,673,0
F,48,15000.0,678,0
F,29,15000.0,640,2
M,27,20000.0,689,0
M,36,48000.0,658,11
M,43,20000.0,661,3
M,45,35000.0,673,0
M,26,36000.0,645,7
F,40,30000.0,682,0
M,28,40000.0,694,0
M,29,30000.0,652,0
M,38,22000.0,659,13
M,22,25000.0,682,0
M,32,30000.0,709,0
M,35,15000.0,736,0
M,34,18000.0,694,0
M,25,12000.0,673,0
M,41,32000.0,703,0
M,33,40000.0,701,13
M,51,25000.0,697,0
M,25,20000.0,694,0
M,30,185000.0,655,4
F,52,19200.0,684,0
M,37,25000.0,695,0
M,28,32000.0,672,1
M,28,20000.0,668,3
M,27,15000.0,686,0
M,33,29000.0,667,0
M,30,42000.0,698,21
M,39,14000.0,683,0
M,21,15000.0,664,1
M,24,18000.0,681,0
M,28,10000.0,664,2
M,28,25000.0,666,0
M,43,30000.0,671,0
F,38,28000.0,664,0
M,47,13000.0,695,0
F,27,8000.0,633,15
M,40,32430.0,622,0
M,33,20000.0,670,2
M,22,20000.0,677,0
M,32,22000.0,680,4
M,39,15000.0,709,0
M,36,143500.0,649,19
M,59,20000.0,681,0
M,35,23000.0,675,0
M,29,45000.0,712,6
M,34,38000.0,671,3
M,44,39344.0,661,2
M,23,40000.0,690,0
M,21,16500.0,703,0
M,38,18168.0,684,2
M,26,41000.0,653,1
M,48,50000.0,689,0
M,37,20000.0,677,0
M,27,35000.0,699,0
M,28,30000.0,681,1
M,46,23000.0,676,0
F,34,31000.0,685,0
M,22,25000.0,676,0
M,28,28000.0,687,0
F,42,18000.0,692,0
M,25,24000.0,659,2
F,36,25000.0,665,0
M,56,35000.0,695,0
M,32,40000.0,675,0
M,27,30000.0,670,0
M,23,28000.0,669,0
M,29,25000.0,692,0
M,35,35000.0,679,0
F,44,15000.0,715,0
M,29,20000.0,666,0
M,25,25000.0,635,0
M,22,15000.0,687,2
M,34,13000.0,669,0
M,34,35000.0,710,0
M,27,15000.0,672,0
M,29,25000.0,685,0
M,31,25000.0,679,0
M,33,24500.0,626,1
M,21,14000.0,680,3
M,30,18000.0,672,0
M,30,16000.0,688,0
M,57,20000.0,652,2
M,50,20600.0,687,7
M,32,23000.0,705,0
M,49,37000.0,678,2
M,43,30000.0,679,0
M,32,23500.0,663,0
M,26,18000.0,675,0
F,27,14000.0,686,0
M,54,40000.0,687,0
M,33,50000.0,681,0
M,21,15000.0,693,0
M,32,18000.0,667,1
M,28,18000.0,656,0
F,54,34800.0,685,1
M,32,25000.0,654,2
M,42,30000.0,658,3
M,42,25000.0,687,0
M,47,19000.0,680,0
M,36,18000.0,689,0
F,53,40000.0,714,0
M,42,40000.0,680,0
M,28,40000.0,677,2
M,45,32000.0,688,10
M,32,21000.0,675,0
M,38,30000.0,648,2
M,41,30000.0,694,6
M,28,33500.0,622,1
M,39,18000.0,672,0
F,22,15000.0,671,0
F,37,15000.0,678,0
M,29,45000.0,679,0
M,42,18000.0,704,0
M,38,33000.0,708,0
M,28,25000.0,660,0
M,28,18000.0,703,0
M,24,17000.0,679,16
M,23,20000.0,689,0
M,27,20000.0,675,0
M,34,30000.0,653,0
M,43,60000.0,648,3
M,31,18000.0,690,7
M,26,55000.0,667,0
M,33,49000.0,698,0
M,24,20000.0,663,0
M,24,15000.0,667,0
M,33,62000.0,665,11
M,23,22000.0,645,0
F,44,46800.0,675,8
M,49,30500.0,692,0
M,25,11000.0,667,2
M,22,22000.0,650,0
M,40,20000.0,673,0
M,31,35000.0,656,5
M,24,23000.0,682,0
M,30,20000.0,655,1
M,26,25000.0,663,3
M,34,20000.0,685,0
M,26,30000.0,680,0
M,35,14000.0,692,0
M,50,25000.0,675,0
M,42,15000.0,690,0
M,47,15000.0,687,0
M,46,35000.0,676,3
M,42,15000.0,691,0
M,40,20000.0,690,0
M,52,45000.0,663,1
M,39,50000.0,693,0
M,40,17000.0,671,0
M,29,35000.0,694,0
M,29,19500.0,698,0
M,40,21000.0,682,0
M,22,75000.0,690,0
M,34,25000.0,672,0
M,33,25500.0,702,0
M,29,20000.0,673,0
M,39,25000.0,674,3
M,29,35000.0,687,0
M,23,26000.0,677,0
M,45,34000.0,693,0
F,28,30000.0,692,2
M,29,29000.0,622,0
M,32,15000.0,674,3
M,37,25000.0,677,0
M,31,23000.0,683,4
M,34,20000.0,693,0
M,30,25500.0,660,0
M,26,33000.0,614,0
M,44,30000.0,705,0
F,34,12000.0,665,0
M,52,19000.0,714,0
M,25,40000.0,689,0
M,41,48000.0,661,0
M,40,20000.0,679,0
M,43,23000.0,712,0
M,28,30000.0,683,0
M,41,24000.0,659,7
M,31,20000.0,697,0
M,25,20000.0,656,0
M,28,16500.0,676,0
M,29,15000.0,669,0
M,23,23500.0,682,3
M,35,25000.0,690,0
F,33,15000.0,683,6
M,30,20000.0,682,4
M,46,50000.0,681,4
M,62,19000.0,682,0
F,37,20000.0,693,0
M,52,22000.0,694,1
M,27,14600.0,684,5
M,24,15000.0,636,0
F,45,14000.0,679,0
M,25,15000.0,681,6
F,21,15000.0,671,0
M,36,25000.0,710,4
M,48,10000.0,691,0
M,27,40000.0,682,0
M,39,28000.0,647,1
M,25,18000.0,681,0
M,40,15000.0,720,0
M,21,25000.0,583,1
M,23,7000.0,666,0
M,38,21500.0,692,0
M,30,30000.0,662,1
M,52,45000.0,717,12
M,30,30000.0,677,0
F,35,37000.0,693,0
M,21,20000.0,673,0
M,44,51500.0,729,13
F,47,16500.0,674,0
M,21,10000.0,669,0
M,46,30000.0,688,0
M,22,16000.0,664,8
M,24,18000.0,676,0
M,35,28000.0,679,0
M,21,60000.0,678,0
M,25,22000.0,654,7
M,34,13000.0,638,14
M,34,29000.0,675,4
M,24,15000.0,689,0
M,26,15000.0,639,0
M,28,20000.0,675,16
M,26,18000.0,687,0
M,30,25000.0,683,0
M,33,16000.0,679,0
M,40,24500.0,686,7
M,29,32000.0,671,0
M,44,40000.0,750,0
M,37,15000.0,678,0
M,29,22000.0,689,0
M,25,18000.0,677,0
M,30,30000.0,664,1
M,24,15000.0,666,3
M,32,40000.0,708,1
M,42,48000.0,676,0
M,30,38000.0,670,0
M,49,50000.0,677,0
M,42,20000.0,686,0
M,31,29500.0,641,0
F,34,25000.0,674,1
M,26,24000.0,679,0
M,32,15000.0,691,0
M,31,15000.0,673,0
M,48,22400.0,678,0
M,46,25000.0,678,0
M,47,21500.0,692,0
M,40,25000.0,692,0
F,38,20000.0,690,0
M,25,17000.0,671,0
M,36,25000.0,664,0
M,26,200000.0,688,0
F,35,15000.0,665,0
M,21,25000.0,679,0
M,21,16500.0,662,1
M,41,25000.0,685,0
M,40,28000.0,668,0
F,56,21500.0,664,1
M,34,35000.0,709,0
M,26,15000.0,676,0
M,28,19000.0,713,0
M,37,20000.0,652,1
M,26,19000.0,653,5
M,30,30000.0,679,0
M,22,24568.0,672,0
F,35,15000.0,688,0
M,40,70000.0,671,1
M,31,40000.0,699,0
F,35,19000.0,696,9
M,30,15000.0,670,0
M,25,15700.0,661,0
M,34,25000.0,703,0
F,26,20000.0,663,0
M,40,10000.0,690,0
M,36,22000.0,665,11
M,23,18000.0,690,0
M,34,13000.0,644,5
M,24,17000.0,671,0
M,51,18000.0,713,0
M,22,33000.0,667,1
M,31,40000.0,697,0
M,31,45000.0,660,3
M,49,25000.0,682,0
M,59,24000.0,647,1
M,38,29500.0,668,1
M,27,32000.0,689,0
M,32,85000.0,644,0
F,24,50000.0,651,0
M,44,30000.0,709,0
M,37,28500.0,684,0
M,29,17000.0,696,0
M,40,39000.0,722,0
M,25,50000.0,685,0
M,26,17000.0,677,0
M,29,33000.0,691,0
M,24,12000.0,661,0
M,43,9500.0,697,0
M,22,20000.0,702,0
M,29,23000.0,687,0
M,30,30000.0,676,0
M,48,15000.0,675,0
M,44,22458.0,680,7
M,27,35000.0,637,0
M,24,30000.0,698,0
F,43,13000.0,660,1
M,40,20000.0,676,0
M,28,13800.0,715,0
M,38,31000.0,703,0
F,25,25000.0,676,0
M,28,20000.0,668,0
M,37,24000.0,685,0
F,28,25000.0,672,0
M,34,25000.0,701,0
M,33,18000.0,700,1
M,22,33000.0,696,0
M,25,28000.0,685,0
F,44,15000.0,674,7
M,41,50000.0,673,1
M,27,25000.0,664,0
M,42,22000.0,661,0
M,36,38000.0,664,0
M,28,55000.0,649,0
M,31,25000.0,668,1
M,31,12000.0,700,0
M,45,50000.0,688,0
M,41,25000.0,715,0
M,30,30000.0,660,0
F,38,21000.0,695,0
F,38,22000.0,672,11
M,39,45000.0,694,7
M,23,25000.0,657,0
M,39,15000.0,686,0
M,25,18000.0,662,0
M,29,18000.0,677,0
M,46,25000.0,713,0
M,46,30000.0,699,0
M,43,27000.0,669,0
M,27,20000.0,692,13
M,37,40000.0,656,3
M,48,23000.0,678,0
M,22,30000.0,663,0
M,28,16000.0,694,0
M,33,22000.0,674,1
F,45,13500.0,649,1
F,48,50000.0,669,0
M,34,30000.0,654,0
M,58,35000.0,676,0
M,26,25000.0,677,0
M,22,30000.0,691,0
M,41,45000.0,732,2
M,49,51000.0,708,3
M,40,13000.0,676,0
M,26,25000.0,667,0
F,44,48000.0,704,0
M,41,33000.0,679,0
M,24,15000.0,689,0
M,21,30000.0,693,0
M,31,14000.0,654,7
M,30,35000.0,672,4
M,27,25000.0,695,0
M,42,32000.0,656,0
M,33,70000.0,679,0
F,44,20000.0,687,0
M,22,45000.0,681,10
M,30,25000.0,658,2
M,34,25000.0,690,0
M,36,40000.0,654,3
M,38,50000.0,675,0
F,50,35000.0,712,1
M,30,19000.0,682,2
M,29,32000.0,677,0
M,36,25000.0,712,0
M,29,25000.0,714,0
M,30,18000.0,674,0
M,38,38000.0,667,0
M,28,43000.0,655,2
M,28,27000.0,690,0
M,30,65000.0,704,0
M,23,20000.0,672,0
M,51,64000.0,672,0
M,25,23000.0,682,0
M,51,46000.0,713,0
M,38,80000.0,732,14
M,57,25000.0,713,0
M,35,15000.0,705,0
M,36,30000.0,667,0
M,41,20000.0,682,0
M,33,15000.0,675,0
M,30,14000.0,679,0
M,37,20000.0,685,0
M,31,50000.0,659,0
M,33,18000.0,692,0
M,38,16000.0,679,0
M,25,16000.0,651,2
M,25,30000.0,680,0
F,31,18000.0,673,0
M,47,40000.0,689,0
M,25,12000.0,666,0
F,33,30000.0,671,0
M,28,12000.0,700,0
M,27,18000.0,697,0
M,35,35000.0,717,0
M,23,12500.0,678,13
M,23,20000.0,628,2
M,24,29000.0,681,0
M,42,48000.0,686,0
M,25,20000.0,702,0
M,51,40000.0,694,0
F,39,14000.0,678,8
M,25,15000.0,672,2
M,23,17500.0,695,0
M,33,46000.0,712,2
M,56,25000.0,734,0
M,46,33000.0,696,13
M,27,70000.0,686,0
M,28,50000.0,688,0
M,37,35000.0,696,0
F,46,16000.0,672,0
M,23,18500.0,699,0
M,32,55000.0,683,20
M,34,40000.0,682,0
M,39,16000.0,725,0
M,33,34000.0,653,8
M,27,36000.0,671,0
M,28,23000.0,682,0
M,27,25000.0,668,0
M,52,30000.0,678,2
M,32,19000.0,653,3
M,49,12000.0,679,0
M,26,32000.0,676,10
M,26,18000.0,659,2
M,32,26000.0,662,0
F,23,12300.0,677,0
F,34,17000.0,697,0
M,21,15000.0,646,1
M,47,15000.0,685,0
M,24,10000.0,668,1
M,27,18000.0,655,0
M,32,20000.0,665,0
F,37,34200.0,672,0
F,38,25000.0,653,38
M,53,30000.0,676,0
M,38,27000.0,679,4
M,30,8000.0,685,0
M,38,40000.0,734,2
M,32,30000.0,679,0
M,36,15000.0,707,0
M,52,45000.0,744,0
M,24,28000.0,692,0
M,40,45000.0,671,3
M,43,27500.0,702,0
F,40,24000.0,697,0
M,30,30000.0,713,1
M,45,45000.0,712,0
M,51,20000.0,664,0
M,44,35000.0,723,0
M,23,13500.0,683,0
F,34,14500.0,704,0
M,41,35000.0,678,4
M,34,18000.0,654,9
M,21,12000.0,686,0
F,30,12000.0,712,0
M,38,50000.0,681,9
M,27,18000.0,653,8
M,31,19500.0,723,1
M,37,15000.0,665,4
F,33,18000.0,692,0
M,37,24000.0,684,0
F,25,18000.0,675,0
M,30,24500.0,749,0
M,28,75000.0,681,0
M,50,18000.0,678,0
F,24,18000.0,666,0
M,38,22000.0,696,2
M,41,20500.0,637,27
M,28,20000.0,700,2
M,27,43000.0,680,0
M,55,30000.0,693,4
M,31,25000.0,685,0
F,31,25000.0,675,0
M,22,10300.0,625,2
M,26,20000.0,679,0
M,22,14000.0,673,0
M,23,25000.0,639,0
M,44,23000.0,709,0
M,42,20000.0,681,12
M,30,23000.0,667,1
M,37,23500.0,663,0
F,46,18800.0,681,0
M,22,35000.0,687,0
M,39,30000.0,671,17
M,47,45000.0,711,9
M,52,15000.0,682,0
M,27,23000.0,672,0
M,26,13855.0,662,0
M,34,14000.0,682,0
M,28,20000.0,696,0
M,27,13500.0,667,3
F,38,12500.0,674,0
M,26,16500.0,689,0
M,54,21000.0,658,3
M,48,40000.0,689,0
M,36,30000.0,683,5
M,30,20000.0,685,0
M,22,20000.0,665,0
M,25,13000.0,678,2
M,24,30000.0,695,0
M,35,11000.0,682,0
F,44,25000.0,653,4
M,47,25500.0,678,0
M,31,18000.0,682,0
M,52,25000.0,719,0
M,39,15000.0,666,0
F,43,14000.0,665,0
M,52,25000.0,671,2
M,34,16000.0,660,5
M,29,14000.0,677,2
F,32,18000.0,673,9
M,25,15000.0,663,0
M,38,35000.0,700,0
M,29,42000.0,686,0
M,43,20000.0,672,1
M,29,30000.0,717,2
M,45,18000.0,687,8
M,28,33000.0,672,0
M,22,30000.0,690,0
M,27,19000.0,709,2
M,37,25000.0,661,2
M,60,45000.0,726,0
F,41,10000.0,692,0
M,26,15650.0,690,0
M,26,45000.0,661,1
M,27,19000.0,688,0
M,33,20000.0,689,0
M,49,30000.0,648,2
M,23,25000.0,655,7
M,39,55000.0,694,0
M,42,40000.0,714,2
M,39,30000.0,677,0
M,41,32000.0,725,0
F,55,20000.0,692,0
M,40,31000.0,708,0
M,30,15000.0,654,0
M,25,20000.0,683,0
M,32,23000.0,663,0
M,43,48000.0,672,11
F,38,30000.0,666,0
M,29,15000.0,660,9
F,34,37000.0,708,0
M,45,25000.0,677,0
M,22,20000.0,683,0
M,23,18000.0,656,6
M,30,30000.0,661,4
M,30,40000.0,672,0
M,33,17500.0,706,0
F,28,15000.0,682,0
M,27,35000.0,672,0
M,39,24000.0,658,6
M,42,35000.0,688,0
M,30,30000.0,675,3
M,22,15000.0,680,0
M,21,12000.0,699,0
M,28,35000.0,663,0
M,46,33000.0,682,0
F,26,25000.0,675,0
M,51,22000.0,708,0
M,37,38000.0,695,0
M,27,18000.0,681,0
M,60,32000.0,684,0
M,28,18000.0,675,2
M,49,50000.0,754,0
M,33,25000.0,703,0
M,38,30000.0,667,1
M,24,35000.0,679,0
M,35,25000.0,722,0
M,42,35000.0,694,1
M,47,20000.0,695,0
M,25,16000.0,666,0
F,31,30000.0,682,0
M,28,33500.0,700,0
M,32,19000.0,713,0
M,44,28700.0,686,0
F,35,40000.0,678,0
F,26,20000.0,663,1
M,21,22500.0,688,3
M,32,15500.0,658,0
M,34,30000.0,681,0
M,22,17000.0,690,0
M,33,30000.0,674,0
M,21,20000.0,674,0
M,38,25000.0,688,0
M,47,25000.0,681,0
M,38,37000.0,656,0
M,22,11000.0,662,4
M,26,20000.0,705,0
M,28,13500.0,648,4
M,25,15000.0,691,0
M,25,13200.0,674,0
M,40,55000.0,696,3
M,42,30000.0,679,0
M,44,14000.0,701,0
M,40,25000.0,696,0
M,36,34000.0,690,0
M,34,15000.0,683,1
M,27,22000.0,681,0
M,57,23000.0,705,12
M,24,20000.0,698,0
M,44,18000.0,669,2
M,43,30000.0,665,7
M,40,15000.0,695,3
F,29,15000.0,696,0
M,35,25000.0,685,0
M,28,49000.0,671,2
M,36,28000.0,690,0
M,24,16000.0,681,0
M,27,27000.0,670,0
M,27,20000.0,683,0
M,30,30000.0,685,0
M,45,75000.0,698,0
M,40,17000.0,699,0
M,34,30000.0,697,0
M,23,42000.0,669,0
M,33,27000.0,677,10
M,33,22000.0,683,7
M,42,12000.0,685,0
M,42,45000.0,694,0
M,26,18000.0,676,0
M,32,43000.0,668,3
M,30,38000.0,678,0
M,30,26000.0,696,4
M,21,15000.0,684,0
M,50,33000.0,700,1
M,24,18000.0,673,0
M,32,22000.0,692,7
M,23,20000.0,680,3
M,27,18500.0,656,0
M,28,40000.0,687,0
M,31,35000.0,694,0
M,32,20000.0,667,3
M,28,18000.0,672,0
F,28,11000.0,687,0
M,36,18000.0,697,0
M,37,15000.0,687,0
M,37,28000.0,680,0
F,40,15000.0,665,0
M,31,30000.0,680,0
M,55,23500.0,669,10
M,36,40000.0,719,0
M,43,30000.0,705,0
M,26,19000.0,675,0
M,30,16000.0,680,0
M,29,30000.0,686,0
M,32,22000.0,696,0
M,21,25000.0,678,0
M,25,30000.0,670,3
M,25,29000.0,677,0
M,41,39000.0,674,12
M,37,21500.0,685,0
M,27,21500.0,677,0
M,30,18600.0,674,0
F,41,18300.0,680,0
M,33,18000.0,675,0
M,48,19000.0,674,0
M,32,36500.0,651,3
M,34,25000.0,669,0
M,50,45000.0,726,0
M,44,24000.0,717,0
M,27,23000.0,680,0
M,33,17000.0,680,8
M,45,21000.0,688,0
M,33,24500.0,673,0
M,37,40000.0,687,0
M,26,23000.0,581,0
M,36,29500.0,738,0
M,42,32000.0,699,0
M,46,32000.0,702,10
F,48,22500.0,685,0
M,30,35000.0,694,0
M,32,34000.0,678,1
M,49,13000.0,689,0
M,40,35000.0,678,14
M,31,25000.0,657,0
M,28,25000.0,678,1
M,42,35000.0,688,1
M,22,15000.0,680,0
F,39,30000.0,689,0
F,41,32000.0,692,0
M,34,18000.0,663,0
M,23,25000.0,683,0
F,27,18500.0,661,4
M,33,14000.0,668,1
M,34,20000.0,684,0
M,28,12000.0,676,0
M,21,18000.0,681,0
M,30,25000.0,727,0
F,25,11000.0,680,0
M,40,25000.0,676,0
M,33,18000.0,710,0
M,26,15000.0,693,3
M,56,55000.0,691,2
M,54,40000.0,686,0
M,35,40000.0,717,0
F,56,18500.0,674,0
M,26,25000.0,659,0
M,23,35000.0,688,0
M,24,10000.0,676,0
M,28,30000.0,677,2
M,23,18000.0,667,0
M,32,15000.0,689,0
M,30,48000.0,673,0
M,37,24000.0,700,0
M,41,26000.0,696,0
M,40,60000.0,729,0
F,38,15000.0,690,0
F,38,7000.0,677,0
M,46,21000.0,661,10
M,35,16000.0,694,0
M,26,16900.0,654,1
M,28,20000.0,665,0
M,43,25000.0,694,0
M,40,65000.0,712,0
M,26,30000.0,691,0
M,28,38000.0,685,0
F,22,24000.0,686,0
F,27,20000.0,693,0
M,41,42500.0,720,0
F,23,15000.0,704,0
M,31,16000.0,691,0
M,26,16000.0,661,0
M,33,20000.0,682,0
M,25,24000.0,643,0
M,30,16000.0,676,4
M,49,35000.0,682,0
M,24,15000.0,664,0
M,26,21000.0,672,7
M,33,25000.0,660,2
M,25,15500.0,669,1
F,48,15000.0,688,1
M,37,40000.0,683,0
M,54,40000.0,662,1
M,46,40000.0,683,0
M,24,22000.0,671,0
M,21,24000.0,642,0
M,27,85000.0,661,5
M,27,15000.0,674,0
M,34,30000.0,651,14
M,53,150000.0,689,0
M,32,33560.0,670,0
M,23,15500.0,680,0
M,23,23000.0,681,0
M,31,35000.0,696,9
M,21,18000.0,658,0
M,35,35000.0,676,0
M,33,13000.0,660,2
M,27,16500.0,675,0
M,37,24000.0,699,0
M,24,13000.0,694,0
F,27,32500.0,687,0
M,28,30000.0,666,0
M,33,30000.0,676,0
M,53,30000.0,680,0
F,34,10000.0,688,0
M,39,10000.0,685,1
M,24,15000.0,639,13
F,31,11000.0,662,1
M,37,20000.0,668,5
M,38,24450.0,672,3
M,30,15000.0,681,0
M,37,22000.0,610,0
M,32,50000.0,687,0
M,25,35000.0,672,0
M,47,33000.0,688,0
M,36,14000.0,690,0
M,27,58000.0,695,2
F,30,13000.0,677,0
M,53,28000.0,714,0
M,37,42000.0,702,1
M,36,40000.0,679,0
M,25,16000.0,667,0
M,52,65000.0,733,8
M,33,28000.0,688,1
M,57,40000.0,703,4
M,23,13000.0,690,0
M,21,23000.0,662,1
M,36,30000.0,666,4
M,36,15000.0,689,0
M,37,40000.0,691,12
M,28,35000.0,682,0
M,42,40000.0,726,8
M,21,35000.0,667,0
M,22,28000.0,681,0
M,50,45000.0,682,0
M,35,20000.0,669,0
M,33,19000.0,658,1
M,25,25000.0,631,2
M,22,22000.0,682,0
M,32,20000.0,671,0
M,25,40000.0,659,4
M,27,33456.0,689,0
M,23,12000.0,660,3
M,53,20000.0,661,0
M,29,18000.0,655,0
M,33,20000.0,679,0
M,21,15000.0,671,0
M,24,19000.0,662,0
M,37,24500.0,674,0
M,26,20000.0,663,0
M,25,20000.0,672,0
M,32,11000.0,667,0
M,48,25000.0,683,2
M,46,33523.0,709,0
M,47,30000.0,665,1
M,31,33000.0,708,0
M,38,14000.0,666,0
M,23,17500.0,673,1
M,33,22000.0,698,0
M,34,43500.0,677,0
M,28,15000.0,699,0
M,30,22000.0,674,11
M,27,20000.0,671,0
M,44,20000.0,674,2
M,52,12000.0,727,0
M,32,25000.0,646,1
F,45,38000.0,693,0
M,27,400000.0,694,12
M,53,15000.0,673,0
M,28,15000.0,661,0
M,26,18000.0,683,0
M,25,18000.0,684,0
M,32,32000.0,695,1
M,22,15000.0,661,0
M,24,15500.0,664,16
M,36,15000.0,669,0
M,47,18000.0,664,5
M,29,19000.0,673,0
M,38,28000.0,681,0
M,27,40000.0,670,3
M,60,25000.0,691,0
M,41,45000.0,674,3
M,44,49500.0,737,0
F,30,42000.0,694,0
M,41,39000.0,720,3
M,27,14600.0,671,0
M,32,17000.0,687,2
M,28,12000.0,680,0
M,44,45000.0,663,0
M,42,25000.0,696,12
M,36,30000.0,701,0
M,23,16500.0,685,0
M,21,30000.0,671,0
M,24,130000.0,696,0
M,46,43000.0,685,0
M,47,48000.0,685,0
M,40,18000.0,662,0
M,31,25000.0,676,2
M,28,45000.0,691,0
M,34,22568.0,707,0
M,23,18300.0,665,0
M,49,35000.0,693,0
M,26,140000.0,705,0
M,24,13000.0,663,0
M,51,19400.0,666,7
F,28,20000.0,688,1
M,28,15000.0,690,0
M,23,20000.0,679,2
M,21,45000.0,677,6
M,28,20000.0,701,0
M,33,24000.0,697,0
M,26,20000.0,681,0
M,23,30000.0,678,5
M,22,15000.0,639,0
M,26,9000.0,678,0
M,37,24000.0,677,7
F,31,48000.0,693,0
M,47,51500.0,717,5
M,29,20000.0,675,0
F,31,15000.0,644,5
F,26,60000.0,674,0
F,26,23400.0,673,0
M,30,10000.0,689,0
M,33,35000.0,689,0
M,23,15000.0,668,7
M,31,25000.0,672,0
M,22,19000.0,673,0
M,29,16500.0,684,0
M,32,45000.0,662,0
M,50,19000.0,687,0
F,32,20000.0,690,0
M,21,25160.0,678,0
M,33,25000.0,662,3
M,25,26000.0,674,0
M,53,20000.0,700,10
M,30,28500.0,684,11
F,31,22000.0,681,0
M,24,35000.0,682,2
M,27,15000.0,678,0
M,36,25000.0,677,9
M,28,15000.0,698,0
M,25,20000.0,696,0
F,30,35000.0,654,0
M,36,29000.0,700,0
M,44,18000.0,705,0
M,42,33000.0,683,0
F,36,8500.0,694,0
M,24,20000.0,672,0
M,27,20000.0,655,0
M,31,35000.0,687,1
M,35,29000.0,664,3
M,32,25000.0,686,0
M,27,25000.0,691,0
M,39,30000.0,694,0
M,49,25000.0,657,0
M,26,25000.0,680,4
M,26,25000.0,661,5
F,50,45000.0,698,0
M,24,10000.0,670,4
M,30,15000.0,676,0
M,23,11200.0,679,9
M,43,18000.0,711,0
F,37,30000.0,694,0
M,34,26000.0,702,0
M,27,20000.0,669,10
M,29,37500.0,694,0
M,48,16500.0,719,18
F,24,15000.0,665,0
M,32,48000.0,676,0
M,29,14000.0,646,1
M,30,45000.0,683,0
M,28,25000.0,673,4
M,31,15896.0,657,1
M,42,12000.0,721,0
M,47,35000.0,663,1
M,35,18000.0,689,3
M,38,28000.0,697,0
M,47,30000.0,680,0
M,43,55000.0,675,2
M,32,14000.0,665,0
M,24,34000.0,665,0
M,26,15800.0,685,13
M,36,13000.0,673,0
M,51,29000.0,664,3
M,28,33000.0,680,0
M,28,16000.0,654,0
M,22,13000.0,671,0
M,26,22000.0,662,0
M,28,16500.0,686,0
M,49,29000.0,686,0
M,27,45000.0,663,2
M,22,35000.0,669,0
M,25,20000.0,693,0
M,31,25000.0,669,3
M,33,18000.0,655,1
M,30,25000.0,668,0
M,24,30000.0,668,0
M,36,25000.0,629,0
M,37,40999.0,707,0
M,26,17200.0,675,0
M,24,12000.0,687,1
M,26,23500.0,685,0
F,54,13000.0,680,0
M,28,20000.0,676,0
M,24,25000.0,663,0
M,24,12000.0,681,0
M,28,12500.0,664,1
M,22,23500.0,688,0
M,22,32000.0,654,1
M,22,14000.0,623,0
M,26,15000.0,668,0
M,53,19000.0,686,0
M,40,45000.0,680,0
F,33,18000.0,693,0
M,26,19000.0,696,0
M,44,25000.0,680,1
M,29,12000.0,687,0
M,58,40000.0,701,0
M,36,18500.0,698,9
M,26,30000.0,660,0
M,27,23000.0,673,3
M,23,20000.0,546,0
M,50,45000.0,708,5
F,46,40000.0,686,0
M,42,16000.0,675,0
M,44,30000.0,718,0
M,26,13000.0,684,0
M,27,30000.0,651,0
M,34,38000.0,656,1
M,35,20000.0,679,6
M,37,25000.0,666,6
M,22,10000.0,664,10
M,35,10.0,680,9
M,54,55000.0,678,0
M,48,3000.0,682,0
M,22,17000.0,665,0
M,26,15600.0,677,0
M,43,25000.0,666,0
M,30,60000.0,647,8
M,35,48000.0,646,0
M,29,40000.0,682,23
M,29,45000.0,726,3
M,22,11000.0,684,0
M,24,25000.0,670,0
M,32,32000.0,673,11
M,32,25000.0,681,1
M,53,25000.0,668,4
M,23,22000.0,686,1
M,29,25000.0,716,0
M,30,35000.0,654,0
F,44,25000.0,717,1
M,25,10000.0,696,0
M,22,24000.0,666,0
M,29,16000.0,678,0
M,23,10000.0,688,0
M,30,12000.0,686,0
F,33,18000.0,663,4
M,39,32000.0,690,7
M,25,18000.0,643,0
M,32,20000.0,691,0
M,22,21000.0,665,0
M,34,29000.0,679,0
F,27,30000.0,700,0
M,28,20000.0,664,3
M,27,27000.0,659,0
M,26,30000.0,616,2
M,29,18000.0,674,0
M,28,18500.0,641,1
M,36,16000.0,630,4
M,46,23000.0,712,5
M,40,20000.0,746,0
M,34,20000.0,683,1
M,28,180000.0,659,5
M,27,12000.0,664,0
M,36,27000.0,693,0
M,27,45000.0,687,0
M,26,11000.0,681,0
M,24,15000.0,662,0
M,24,14000.0,675,0
M,26,25000.0,665,0
M,37,40000.0,694,0
M,37,12000.0,697,0
M,41,25000.0,723,0
M,23,20800.0,675,0
M,27,35000.0,686,0
M,42,45000.0,602,34
M,37,15000.0,673,0
M,35,26000.0,673,0
M,28,50000.0,663,0
M,23,14000.0,668,0
M,44,26980.0,689,21
M,34,18000.0,688,0
M,22,21000.0,648,0
F,24,28500.0,660,0
M,36,30000.0,664,2
M,47,18000.0,681,0
M,28,23000.0,687,0
M,48,50000.0,738,5
M,24,30000.0,699,0
M,41,43000.0,676,2
M,23,35000.0,670,0
M,29,23000.0,671,1
M,30,30000.0,668,0
M,42,26000.0,682,0
M,24,30000.0,686,0
M,40,20000.0,682,0
F,29,10000.0,700,0
M,24,30000.0,631,0
M,46,25000.0,693,0
M,25,25000.0,676,0
F,31,33000.0,721,0
M,34,31500.0,701,0
M,41,38000.0,694,5
M,40,32000.0,660,0
M,42,43000.0,703,1
M,35,25000.0,698,10
F,51,45000.0,688,7
M,30,40000.0,673,0
M,30,35000.0,686,0
M,26,15000.0,667,1
F,29,15000.0,664,0
F,37,35000.0,686,0
F,51,29000.0,682,0
F,29,30000.0,669,0
M,43,43000.0,676,0
M,51,32000.0,699,0
M,25,40000.0,674,0
F,38,16500.0,682,2
F,24,20000.0,687,0
M,21,15000.0,668,0
M,54,12000.0,679,0
M,26,24000.0,662,0
M,29,23000.0,667,0
M,32,26000.0,675,0
M,45,40000.0,703,2
M,44,2088.0,671,0
M,29,55000.0,688,0
M,29,18000.0,669,1
M,42,21200.0,671,4
M,44,30000.0,672,3
M,33,45000.0,652,0
F,34,45000.0,679,0
M,48,25000.0,673,0
M,44,18000.0,671,5
M,49,45000.0,693,0
M,29,27000.0,654,1
F,38,20000.0,669,0
M,33,20000.0,667,3
F,49,20000.0,678,1
M,31,28500.0,683,0
M,46,15000.0,693,0
M,24,25000.0,664,0
M,38,25000.0,675,0
M,24,20000.0,697,0
M,26,18000.0,694,0
F,21,33500.0,674,0
M,26,12917.0,676,2
M,41,25000.0,693,0
M,31,20000.0,695,0
M,27,28000.0,649,1
M,28,35000.0,676,0
M,52,35000.0,684,0
M,24,28000.0,609,1
M,33,25000.0,712,1
M,39,10000.0,681,0
M,30,25000.0,666,2
F,34,20000.0,679,0
M,29,23000.0,711,0
M,34,46500.0,667,65
M,27,78000.0,698,0
M,22,27500.0,651,0
M,43,52000.0,691,3
M,27,18000.0,658,0
M,26,18000.0,683,5
M,49,12500.0,687,0
M,24,15000.0,678,0
M,34,33000.0,664,0
M,23,15000.0,670,0
M,36,16000.0,708,0
M,21,10000.0,678,0
M,22,35000.0,665,3
M,25,27000.0,685,0
M,59,23000.0,690,0
M,35,32000.0,688,0
M,35,30000.0,668,2
M,32,30000.0,672,16
M,25,24000.0,671,0
M,29,28000.0,674,0
M,35,40000.0,702,3
M,26,20000.0,684,0
M,35,30000.0,669,0
F,25,15000.0,665,0
M,39,25000.0,691,0
M,27,30000.0,685,0
M,42,30000.0,695,0
M,32,21000.0,673,1
F,38,25000.0,645,0
M,24,30000.0,690,0
M,24,50000.0,674,0
M,21,14000.0,665,0
F,58,22000.0,711,2
F,51,35000.0,688,0
F,52,13000.0,698,0
M,55,35000.0,701,0
M,46,22000.0,717,29
M,25,50000.0,670,0
M,38,28000.0,678,5
M,25,14500.0,711,5
M,39,25000.0,673,1
M,41,22000.0,674,0
M,29,25000.0,667,8
M,29,20000.0,669,6
M,46,180000.0,689,0
M,33,25000.0,670,0
F,21,20000.0,667,1
M,44,11500.0,681,0
M,32,14000.0,690,0
M,24,25000.0,621,1
M,32,30000.0,663,0
M,24,34000.0,661,1
M,25,40000.0,683,0
M,24,45000.0,675,0
M,38,55000.0,716,0
M,35,12000.0,680,0
M,28,22000.0,678,0
M,31,30000.0,644,0
M,31,22000.0,686,6
M,28,15000.0,661,4
M,25,27000.0,673,0
M,30,45000.0,659,1
F,32,18500.0,659,4
M,46,30000.0,687,0
M,31,21200.0,668,0
M,38,11600.0,697,0
M,23,15000.0,657,0
M,40,29000.0,673,0
M,35,18000.0,667,5
F,38,16500.0,669,2
M,48,12000.0,673,6
M,36,21000.0,680,0
M,29,17000.0,701,0
M,35,21500.0,676,0
M,25,26000.0,668,0
F,33,16000.0,677,0
M,22,28000.0,691,0
M,31,20000.0,740,15
M,40,28000.0,669,0
M,32,20000.0,691,0
M,30,14000.0,682,0
M,35,39000.0,675,2
M,25,22000.0,653,0
F,37,15000.0,692,0
M,29,18000.0,685,0
M,27,21000.0,675,2
M,31,17500.0,685,0
M,25,15000.0,699,0
M,34,45000.0,704,0
M,51,12000.0,703,0
M,54,40000.0,674,0
M,22,30000.0,689,0
F,35,15000.0,669,0
M,49,19000.0,697,0
F,26,42000.0,657,1
M,44,15000.0,677,0
M,27,20000.0,697,0
M,38,16000.0,680,0
M,34,28000.0,656,0
M,23,29000.0,617,0
M,41,17000.0,672,0
M,29,14000.0,670,0
M,32,15000.0,679,0
M,32,29000.0,687,10
F,48,40000.0,718,0
M,25,46000.0,673,0
M,38,18000.0,697,5
M,30,45000.0,646,17
F,37,20000.0,675,1
M,21,29000.0,683,5
M,27,33500.0,639,0
M,32,15000.0,675,0
M,33,30000.0,692,0
M,27,75000.0,690,15
F,22,28000.0,658,0
M,56,50000.0,695,1
M,31,23000.0,689,0
M,23,25000.0,669,0
M,32,40000.0,703,0
M,22,23000.0,692,0
M,21,15000.0,677,0
F,26,14000.0,688,0
M,27,50000.0,678,0
M,29,24000.0,676,0
M,22,15000.0,673,0
F,40,25000.0,663,0
M,26,50000.0,657,4
M,50,58000.0,674,0
M,42,40000.0,670,0
M,34,23000.0,697,0
M,37,55000.0,690,0
M,36,35000.0,689,0
M,33,25000.0,695,0
M,24,12000.0,688,0
M,22,23000.0,677,0
F,39,23000.0,701,0
M,27,21000.0,671,0
M,26,15000.0,690,0
M,32,20000.0,669,6
M,41,20000.0,705,0
M,34,12000.0,675,0
M,31,17000.0,658,1
M,31,16000.0,688,3
M,31,12000.0,671,0
F,32,15000.0,681,0
M,33,19000.0,665,0
M,35,25000.0,711,0
F,46,15000.0,687,0
M,43,28000.0,655,0
M,36,30000.0,729,0
M,51,30000.0,684,2
M,22,15000.0,667,1
F,30,30000.0,680,5
M,49,48000.0,710,2
M,41,27000.0,674,0
M,23,19000.0,653,0
M,24,18500.0,692,0
M,26,20000.0,698,0
M,33,18000.0,689,0
F,28,20000.0,666,0
M,22,18000.0,675,1
M,22,40000.0,668,0
M,33,19000.0,671,0
M,39,40000.0,674,0
M,22,17000.0,657,0
M,33,22000.0,690,0
M,41,23500.0,683,0
M,21,40000.0,666,0
M,39,25000.0,702,15
M,22,18000.0,708,0
F,37,12000.0,669,4
M,26,25000.0,671,0
M,44,45000.0,681,0
M,25,30000.0,663,0
M,44,28000.0,668,3
M,43,24500.0,748,0
M,35,30000.0,688,0
M,25,20000.0,686,1
M,37,25000.0,672,0
F,32,18200.0,616,0
F,38,9999.0,686,4
M,35,12000.0,663,0
M,22,15000.0,686,0
M,38,22000.0,672,2
M,32,75000.0,638,0
M,49,15000.0,700,0
F,28,10000.0,688,0
M,41,30000.0,735,0
M,58,38000.0,676,14
M,29,26000.0,703,2
M,31,25000.0,664,2
M,26,60000.0,669,0
M,50,27000.0,709,0
F,51,30000.0,685,0
M,30,18000.0,695,0
M,28,24000.0,671,0
M,29,21000.0,687,0
M,35,31000.0,695,0
M,50,17000.0,688,1
M,39,58000.0,721,3
M,58,30000.0,719,7
M,28,33000.0,649,2
M,56,40000.0,670,1
F,26,24500.0,658,0
M,32,30000.0,651,0
M,37,12000.0,674,6
M,31,32000.0,691,0
M,24,41587.0,672,11
M,29,18000.0,691,0
M,37,30000.0,683,0
F,51,30000.0,673,0
F,39,20000.0,671,7
M,24,40000.0,656,1
M,28,19000.0,648,0
M,23,20000.0,669,1
M,44,15000.0,680,0
M,29,21000.0,671,3
M,31,28832.0,658,0
M,37,25000.0,711,0
M,28,25700.0,679,0
F,47,30000.0,666,0
M,32,28500.0,706,0
M,33,18500.0,674,8
F,27,34000.0,693,0
M,30,19000.0,678,0
M,42,30500.0,686,5
M,43,30000.0,672,0
M,26,45000.0,672,10
M,23,15000.0,657,3
M,47,30000.0,703,0
M,48,13000.0,689,0
M,41,25600.0,760,0
M,39,25000.0,674,0
M,60,35000.0,645,0
M,27,20000.0,686,0
M,27,10000.0,649,3
M,28,21000.0,654,9
M,45,25000.0,686,0
F,33,18500.0,691,0
F,46,17000.0,677,0
M,49,24500.0,664,0
M,24,9000.0,650,0
M,46,17500.0,700,0
M,23,11700.0,673,0
M,29,17000.0,688,0
M,28,28000.0,685,0
M,27,35000.0,678,0
M,44,17000.0,679,0
M,31,18000.0,660,3
M,26,15000.0,678,0
M,23,15000.0,696,0
M,28,25000.0,672,3
M,47,30000.0,669,10
M,48,15000.0,712,0
F,33,15000.0,664,1
M,36,35000.0,674,0
M,28,30000.0,669,6
M,27,18000.0,677,0
M,24,15000.0,653,0
F,36,20000.0,643,5
M,40,26200.0,684,10
M,29,60000.0,659,0
M,23,20000.0,677,0
F,31,15000.0,625,0
M,31,33000.0,700,0
F,24,35000.0,663,0
M,52,24000.0,707,0
F,48,5500.0,696,0
M,25,22000.0,664,3
F,41,14000.0,687,0
M,59,15000.0,761,0
M,25,12000.0,662,0
M,40,25000.0,688,0
M,45,20000.0,688,0
M,36,16000.0,672,0
M,42,30000.0,644,0
M,39,21000.0,672,0
M,23,25000.0,674,0
M,25,13500.0,675,0
M,23,24000.0,667,5
M,59,40000.0,664,0
F,38,15000.0,675,2
M,29,18000.0,759,0
M,30,24000.0,672,1
M,24,14000.0,679,0
M,43,50000.0,675,1
M,41,30000.0,682,0
F,40,50000.0,687,0
F,33,25000.0,677,0
M,21,25000.0,670,0
M,25,10000.0,679,0
M,56,80000.0,639,3
M,26,20000.0,657,1
F,58,22000.0,652,19
M,36,18000.0,682,0
M,32,40000.0,676,0
M,40,50000.0,726,0
M,46,55000.0,711,2
M,48,50000.0,691,0
M,31,28000.0,674,0
M,33,15500.0,693,0
M,37,23000.0,585,5
M,47,40000.0,717,0
M,36,80000.0,656,12
M,34,40000.0,699,4
M,29,20500.0,695,0
M,40,15000.0,749,5
M,47,30000.0,677,1
M,54,50000.0,714,0
M,43,35000.0,684,0
M,28,28000.0,650,0
F,49,18500.0,691,0
M,41,41000.0,723,1
M,41,30000.0,658,2
M,42,20000.0,698,2
M,27,10000.0,673,0
M,29,40000.0,709,25
M,37,20000.0,702,0
M,34,19500.0,674,0
M,28,20750.0,673,1
M,39,45000.0,691,0
M,31,30000.0,676,0
M,34,15000.0,675,1
M,50,35000.0,676,2
M,26,30000.0,669,0
M,24,15000.0,655,0
M,35,40000.0,659,1
M,29,10000.0,673,0
M,40,30000.0,673,1
M,27,30000.0,675,11
M,25,17000.0,647,2
M,31,30000.0,676,0
M,35,35000.0,677,0
M,32,25000.0,682,0
M,54,29926.0,702,11
M,28,17000.0,696,1
M,26,35000.0,672,0
F,36,20000.0,683,0
M,46,12500.0,684,0
M,34,30000.0,703,0
M,23,12000.0,672,1
M,37,29000.0,697,0
M,35,16000.0,668,0
M,36,28000.0,647,10
M,38,40000.0,660,0
M,32,24000.0,669,0
F,24,28500.0,683,0
M,53,35000.0,691,0
M,34,25000.0,633,2
M,26,31500.0,660,0
F,28,35000.0,687,0
M,30,40000.0,648,7
F,49,35000.0,671,0
M,29,18000.0,672,0
M,25,20000.0,659,5
M,36,17000.0,694,0
M,21,15000.0,680,0
F,56,18000.0,674,0
M,26,14800.0,687,0
M,24,13000.0,686,0
M,23,29000.0,666,0
M,30,23000.0,680,0
M,24,30000.0,682,0
M,33,21000.0,685,0
M,38,48000.0,664,10
M,24,30000.0,674,0
M,44,35000.0,679,3
F,43,9000.0,690,1
M,35,13000.0,696,0
M,35,50000.0,631,1
M,22,42000.0,652,2
M,23,25000.0,678,0
M,28,27000.0,674,0
M,35,12000.0,658,0
M,32,12000.0,693,6
M,55,42500.0,671,0
M,55,13500.0,674,1
M,39,19000.0,694,0
M,25,15000.0,683,0
M,56,50000.0,720,0
M,46,38500.0,705,33
M,50,22000.0,673,0
F,37,22000.0,691,0
M,49,35000.0,668,0
M,43,30000.0,695,0
M,27,24000.0,679,0
M,36,47500.0,742,0
M,32,25000.0,666,0
F,33,14000.0,659,1
M,27,20000.0,709,0
M,46,16000.0,656,4
M,26,12500.0,695,0
M,27,14000.0,651,0
M,32,20000.0,685,0
F,27,18000.0,685,0
M,28,14500.0,646,1
M,31,25000.0,675,0
F,23,20742.0,672,5
M,22,20000.0,677,0
M,37,20000.0,722,17
M,25,35000.0,661,0
M,38,25000.0,683,0
M,28,30000.0,681,0
M,26,13000.0,632,0
M,31,50000.0,651,0
M,32,18000.0,656,4
M,49,25000.0,684,0
M,35,20000.0,684,2
F,49,22000.0,676,2
M,31,19500.0,666,1
M,44,50000.0,670,0
M,38,15000.0,690,0
M,42,23000.0,671,1
M,43,22000.0,659,4
M,27,25000.0,688,0
M,22,23000.0,681,0
M,25,11000.0,695,0
F,28,15000.0,683,0
M,34,25000.0,690,0
M,38,15000.0,696,4
M,21,21000.0,668,5
M,36,28000.0,694,0
M,25,18000.0,677,0
M,40,20000.0,688,0
F,31,28000.0,654,5
M,36,15000.0,709,0
M,52,16000.0,637,2
M,24,23000.0,664,3
M,36,85000.0,697,1
M,42,12000.0,682,0
M,58,25000.0,723,0
M,46,45000.0,698,0
M,23,15000.0,665,0
M,27,40000.0,674,0
M,28,18000.0,650,0
M,26,23000.0,674,0
M,37,25000.0,680,1
M,42,36900.0,717,0
F,32,8000.0,673,0
M,30,13000.0,702,16
F,41,20000.0,656,3
M,30,25000.0,718,2
M,45,20000.0,698,0
M,30,30000.0,671,0
M,24,42000.0,679,0
M,41,20000.0,706,0
M,50,52000.0,688,0
M,46,15000.0,675,0
M,26,43000.0,671,0
M,35,15000.0,657,0
M,29,45500.0,652,5
M,43,20000.0,675,0
M,33,32000.0,672,0
M,43,44000.0,680,0
M,39,20000.0,652,7
M,42,30000.0,662,0
M,30,12500.0,680,0
M,36,28000.0,694,1
M,34,15200.0,672,3
M,29,40000.0,689,1
M,39,35000.0,670,0
M,28,130000.0,673,0
M,40,19800.0,727,0
M,41,29500.0,681,0
M,26,45000.0,675,0
F,33,29000.0,673,0
M,26,22000.0,691,0
M,28,10000.0,664,1
F,35,5000.0,701,0
M,34,15000.0,676,0
M,46,41000.0,724,0
M,34,25000.0,692,0
M,49,20000.0,677,2
M,25,15000.0,680,0
M,26,18000.0,684,0
M,26,20000.0,666,0
M,29,60000.0,691,0
M,24,25000.0,680,0
M,45,50000.0,672,0
F,28,20000.0,687,0
F,21,17000.0,674,1
M,41,20000.0,703,0
M,23,30000.0,687,0
M,29,15000.0,665,0
F,43,15000.0,685,0
M,46,20000.0,675,0
M,28,35000.0,675,1
M,38,50000.0,690,0
M,36,25000.0,658,0
M,35,17000.0,706,0
F,35,12000.0,688,0
M,31,30000.0,666,0
M,55,40000.0,712,4
M,33,25000.0,688,13
F,35,17000.0,688,0
M,35,15500.0,678,0
M,30,22000.0,686,0
M,37,23000.0,696,1
M,42,30000.0,708,0
M,23,23000.0,682,0
M,31,48000.0,683,0
M,29,20000.0,681,0
M,23,25000.0,681,0
M,24,16000.0,687,0
M,55,20000.0,707,0
M,38,26000.0,707,0
M,24,15000.0,685,0
M,39,23000.0,687,0
M,54,25000.0,650,1
M,31,13000.0,690,0
M,29,30000.0,676,0
M,37,22000.0,680,0
M,30,19900.0,676,0
M,47,25000.0,689,0
M,23,18000.0,669,1
M,24,15500.0,697,0
M,29,32000.0,710,0
F,26,12000.0,697,0
M,35,25000.0,674,0
M,21,38000.0,686,0
F,32,20000.0,670,5
F,27,50000.0,684,0
M,58,8000.0,674,0
M,27,40000.0,678,0
M,33,12000.0,674,0
M,39,30000.0,659,0
M,49,40000.0,729,0
M,32,15000.0,673,0
M,33,37000.0,679,0
M,23,21500.0,687,0
M,48,20000.0,680,7
M,43,35000.0,684,0
M,30,50000.0,683,2
M,21,14000.0,678,0
M,25,20000.0,695,3
M,27,31000.0,690,0
M,30,20000.0,665,0
M,21,15000.0,681,1
M,21,32500.0,695,0
M,26,20000.0,685,0
F,30,20000.0,693,0
M,30,16000.0,666,4
M,31,18000.0,687,0
F,40,25000.0,695,7
M,28,15000.0,680,1
M,34,35000.0,672,3
M,36,40000.0,667,2
M,21,16000.0,672,0
M,33,15000.0,679,0
F,54,13000.0,671,0
F,40,25000.0,672,0
M,29,28000.0,701,0
F,29,16000.0,688,0
M,46,17000.0,670,4
M,43,12000.0,696,0
M,53,39000.0,678,0
F,57,31500.0,664,0
M,23,18000.0,687,0
M,23,38000.0,685,0
F,38,32500.0,702,2
M,35,19000.0,688,0
M,22,18000.0,658,0
M,30,32000.0,667,8
M,39,40000.0,691,0
M,30,18000.0,632,2
M,28,24000.0,659,0
M,22,27000.0,691,0
M,32,25000.0,684,0
M,28,28000.0,670,0
M,30,35000.0,691,0
M,29,32500.0,686,0
M,38,18500.0,685,1
M,22,18000.0,672,0
M,30,19000.0,685,0
F,30,37000.0,683,0
M,34,19000.0,681,0
M,48,20000.0,690,9
M,55,40000.0,645,0
M,28,15000.0,638,12
M,41,20000.0,685,0
F,31,27000.0,679,0
M,22,35000.0,645,2
M,34,20000.0,658,3
M,51,25000.0,678,0
M,34,25000.0,685,20
M,25,16000.0,669,0
M,26,26000.0,648,2
F,36,18000.0,670,0
M,44,33000.0,704,10
M,58,30000.0,728,0
F,32,12000.0,698,0
M,36,20000.0,710,0
M,28,25000.0,669,0
M,40,20000.0,670,1
M,31,20000.0,691,6
M,38,20000.0,659,3
M,31,12500.0,673,0
F,55,26000.0,696,0
M,25,74000.0,671,1
M,36,20000.0,662,2
F,35,20000.0,662,5
M,33,28000.0,675,0
M,27,18500.0,642,2
M,46,25000.0,691,0
M,39,40000.0,736,48
M,33,35000.0,676,0
M,59,21000.0,693,0
M,48,22000.0,705,1
M,40,25000.0,663,1
M,21,18500.0,676,0
M,38,23700.0,686,0
M,32,22000.0,706,0
M,21,23350.0,668,0
M,64,42000.0,675,0
M,29,15000.0,677,0
M,41,30000.0,676,0
F,35,13000.0,683,0
M,23,35000.0,661,2
M,21,30000.0,655,0
M,32,15000.0,694,0
M,51,55000.0,686,0
M,31,25000.0,670,0
M,43,20000.0,678,14
M,29,22000.0,691,0
M,33,19600.0,669,0
M,31,60000.0,696,7
M,21,12000.0,664,0
M,36,30000.0,618,35
M,39,15000.0,696,1
M,46,23000.0,657,1
M,31,25000.0,690,0
M,40,21000.0,676,2
M,51,19000.0,678,0
F,53,25000.0,669,1
M,50,10000.0,712,0
M,30,25000.0,644,2
M,48,20000.0,684,0
M,31,18000.0,683,0
M,32,20000.0,679,0
F,41,24000.0,686,0
M,22,20000.0,673,3
M,47,28000.0,698,0
M,30,11000.0,697,0
M,26,22000.0,656,0
M,27,14000.0,684,0
M,50,28000.0,715,0
F,24,24000.0,679,1
M,21,15000.0,664,0
M,32,12000.0,701,0
M,28,21500.0,697,0
M,24,16000.0,670,11
F,52,30000.0,680,0
M,23,22000.0,679,13
F,42,25000.0,686,0
M,36,32000.0,671,1
F,48,15000.0,686,0
M,30,21500.0,660,3
M,30,18000.0,683,0
M,50,10000.0,685,2
M,30,25000.0,659,0
M,27,40000.0,652,0
M,35,7000.0,712,0
M,29,16000.0,677,0
M,30,35000.0,693,0
M,36,30000.0,663,0
M,31,11.0,688,0
F,29,30000.0,636,1
M,47,28000.0,588,27
M,30,15000.0,688,0
M,24,20000.0,679,3
M,38,28000.0,710,0
M,24,22000.0,644,3
M,29,25000.0,690,1
M,47,40000.0,679,0
F,47,28000.0,668,2
M,26,15000.0,672,0
M,27,22000.0,693,0
M,34,23000.0,682,0
M,38,15000.0,691,0
M,51,24000.0,690,2
M,37,25000.0,662,0
F,31,22000.0,672,4
M,36,18000.0,707,0
M,23,30000.0,641,2
M,34,35000.0,655,0
M,42,60000.0,688,0
M,50,27000.0,720,6
M,24,30000.0,675,2
M,32,25000.0,691,0
F,39,15000.0,653,1
M,44,41000.0,715,1
M,41,25000.0,688,0
M,23,17500.0,691,0
M,45,20000.0,689,0
M,24,25800.0,680,0
M,34,15000.0,688,0
M,48,45000.0,691,3
M,44,16000.0,679,0
M,50,20000.0,674,0
M,31,83000.0,694,1
M,55,50000.0,680,7
M,27,30000.0,684,0
M,27,17000.0,653,3
M,36,28500.0,674,0
M,32,18500.0,684,0
F,37,50000.0,659,0
M,29,20500.0,679,0
M,55,10000.0,715,0
M,53,23000.0,718,0
M,25,15000.0,686,0
M,46,25000.0,646,4
M,29,21000.0,696,0
M,44,29580.0,711,0
M,26,20000.0,653,7
M,27,16000.0,684,8
M,22,16500.0,667,0
M,31,23000.0,664,0
M,29,50000.0,690,0
M,43,23000.0,726,0
M,54,25000.0,678,0
M,26,45000.0,703,0
M,24,33000.0,675,0
M,53,38000.0,694,0
M,27,20000.0,687,0
F,29,32000.0,688,0
M,30,25700.0,696,11
M,37,25000.0,679,1
M,25,15000.0,669,0
M,40,38000.0,655,1
M,42,17000.0,664,0
F,32,15000.0,689,0
M,40,23500.0,637,1
M,34,40000.0,647,2
M,21,14000.0,678,0
M,25,34300.0,691,0
M,39,20000.0,688,0
M,29,20000.0,673,0
M,45,68000.0,715,1
F,30,9500.0,679,0
M,31,25000.0,697,0
M,31,25500.0,681,1
F,36,42500.0,691,18
M,56,20000.0,657,1
F,32,25000.0,715,0
M,25,18000.0,682,0
M,48,35000.0,669,1
M,31,23000.0,671,0
M,34,13000.0,669,0
M,28,25000.0,656,0
M,37,14000.0,677,0
M,35,18000.0,673,2
M,22,40000.0,670,0
M,35,20000.0,680,0
M,30,18500.0,678,0
M,40,17500.0,708,0
M,26,50000.0,682,0
M,47,34000.0,650,0
M,33,14500.0,676,0
M,38,13000.0,672,0
M,29,32000.0,665,0
M,28,9658.0,705,0
M,37,14000.0,649,1
M,28,25000.0,664,1
F,42,20000.0,687,0
M,28,35000.0,685,0
M,42,35000.0,719,0
M,35,20000.0,691,0
F,42,32000.0,672,0
M,36,22000.0,684,0
M,26,29000.0,703,0
M,25,14000.0,696,0
M,33,45000.0,658,1
M,48,25000.0,658,0
F,22,16980.0,683,0
M,36,26000.0,709,9
M,41,33000.0,651,5
M,31,20000.0,680,0
M,32,18000.0,678,6
M,24,30000.0,692,0
F,33,30000.0,689,0
M,39,20000.0,690,7
M,29,20000.0,693,0
M,34,13000.0,672,2
M,27,16500.0,685,19
M,56,35000.0,651,0
M,25,20000.0,626,1
M,33,52500.0,642,0
M,31,30000.0,673,0
M,29,20000.0,670,0
M,41,40000.0,690,0
M,51,33000.0,705,0
M,28,13000.0,690,0
M,29,20000.0,655,0
M,29,15000.0,670,0
M,26,20000.0,634,3
M,21,20000.0,682,0
M,31,11000.0,679,0
M,46,20000.0,691,0
M,22,15500.0,664,2
F,42,21000.0,663,1
M,29,13500.0,698,0
F,42,13500.0,697,0
M,34,15000.0,677,16
M,32,12000.0,690,0
M,35,16000.0,681,2
M,22,17000.0,661,0
M,45,15000.0,668,2
M,32,16000.0,693,0
M,40,30000.0,693,0
F,31,80000.0,649,21
M,46,25000.0,671,0
M,24,12500.0,673,1
M,55,30000.0,719,0
M,29,15000.0,678,0
M,31,25000.0,657,4
M,26,16000.0,679,0
M,28,55000.0,679,0
M,23,25000.0,682,0
F,44,18000.0,703,0
M,21,15000.0,676,0
M,36,18000.0,703,4
M,23,40000.0,668,0
M,26,10500.0,675,0
M,27,12500.0,650,1
M,31,30000.0,669,0
M,24,22000.0,672,0
M,35,50000.0,682,1
M,35,20000.0,690,0
M,23,14000.0,685,1
M,38,35000.0,691,0
M,32,45000.0,682,13
M,27,20000.0,672,0
M,33,28000.0,690,0
M,32,40000.0,638,2
M,25,15000.0,677,0
M,34,25000.0,667,0
M,49,50000.0,672,0
M,51,19000.0,656,1
M,34,23500.0,705,0
M,36,35000.0,673,0
M,34,21000.0,670,2
M,30,11000.0,670,1
M,23,14000.0,692,0
M,38,23795.0,672,0
M,31,16900.0,688,0
M,41,80000.0,692,1
M,39,22000.0,678,0
M,22,28000.0,678,1
M,21,40000.0,661,0
M,45,13000.0,716,0
F,59,18000.0,701,0
M,41,32000.0,683,0
M,37,50000.0,704,0
M,32,22000.0,702,1
M,34,35000.0,692,0
F,38,30000.0,671,6
M,41,23000.0,687,0
M,47,33000.0,690,17
M,31,38000.0,692,0
M,33,380000.0,685,0
M,23,50000.0,669,0
M,36,20000.0,677,0
M,31,13000.0,683,7
M,27,19000.0,675,0
F,31,27000.0,679,0
M,21,24500.0,654,0
F,36,30000.0,679,0
M,37,40000.0,671,0
M,29,12000.0,691,0
M,50,23000.0,670,0
M,29,10000.0,663,0
M,30,25000.0,661,1
M,34,18000.0,668,13
F,32,11500.0,686,0
M,35,20000.0,689,0
M,31,13000.0,677,0
M,43,35000.0,646,0
M,24,15000.0,652,0
M,27,20000.0,668,3
M,44,35000.0,697,0
F,33,15000.0,684,0
F,27,13500.0,687,0
M,45,22500.0,679,0
M,31,25000.0,626,4
M,55,50000.0,729,0
M,32,20000.0,699,0
M,26,13200.0,683,0
M,30,18000.0,690,0
M,41,25000.0,665,4
M,57,20000.0,731,0
M,24,34000.0,678,0
M,27,50000.0,623,0
F,37,12000.0,673,0
M,46,25000.0,686,0
M,38,15000.0,708,0
M,24,35000.0,685,0
M,24,30000.0,685,0
M,25,28000.0,681,0
M,30,30000.0,667,2
M,26,25000.0,667,3
M,41,30000.0,682,0
M,40,5000.0,680,0
M,58,35000.0,690,0
M,24,10000.0,683,0
M,22,25000.0,680,0
F,38,28500.0,667,1
M,33,13000.0,691,0
F,39,30000.0,661,0
M,31,13000.0,690,0
M,38,20000.0,676,1
M,42,25000.0,670,0
M,23,24000.0,691,0
M,24,23000.0,644,0
M,52,30000.0,687,4
M,30,25000.0,678,0
M,49,25000.0,690,0
M,52,41000.0,691,0
F,46,13000.0,673,0
F,49,30000.0,708,0
M,37,18000.0,676,0
M,35,30000.0,682,2
M,26,22000.0,681,0
M,24,20000.0,659,1
M,29,25500.0,682,2
M,29,22000.0,640,1
M,26,28000.0,653,0
M,31,15000.0,660,8
F,30,16500.0,687,0
F,36,20000.0,684,0
M,33,25000.0,654,2
F,46,20000.0,673,2
M,32,36000.0,656,0
M,24,15000.0,658,7
M,22,25000.0,687,0
M,43,20000.0,709,0
M,52,20000.0,694,0
M,40,35000.0,710,0
M,37,22000.0,682,0
M,29,16000.0,706,0
M,52,30000.0,686,8
M,35,15000.0,667,0
M,29,20000.0,688,0
M,42,30000.0,714,1
M,43,25000.0,663,0
F,39,40000.0,679,0
M,27,25000.0,670,0
M,39,15000.0,696,0
M,24,30000.0,692,0
M,34,30000.0,649,0
F,21,15000.0,678,0
M,45,17000.0,676,0
M,27,4500.0,646,0
M,23,49000.0,673,0
M,37,20000.0,634,1
M,21,23000.0,677,0
M,31,25000.0,664,0
M,29,10000.0,678,0
M,39,30000.0,683,2
F,33,33000.0,694,0
M,32,12000.0,702,0
M,31,19000.0,692,0
M,23,35000.0,628,4
M,31,40000.0,638,3
M,22,23500.0,667,0
M,21,21500.0,653,1
M,35,18000.0,677,0
M,32,24000.0,682,0
M,27,40000.0,696,0
F,47,25000.0,687,0
M,29,28000.0,676,0
M,23,15000.0,682,0
M,25,30000.0,671,0
M,51,45000.0,677,0
F,40,9000.0,688,20
M,22,50000.0,662,2
M,31,50000.0,691,0
F,44,18000.0,696,0
M,43,23000.0,656,2
M,28,63000.0,684,18
M,52,44000.0,699,0
M,45,15000.0,688,0
M,23,15000.0,667,3
M,29,25000.0,680,0
M,37,34093.0,688,3
M,40,15000.0,698,2
M,31,16000.0,697,0
F,42,30000.0,686,10
F,24,18000.0,624,11
M,29,15000.0,672,0
M,23,25000.0,684,0
M,22,15000.0,669,6
M,25,18000.0,680,0
M,37,20000.0,683,1
M,34,16700.0,669,0
M,41,23000.0,698,1
M,31,24000.0,693,0
M,24,15000.0,670,2
M,44,35000.0,684,0
M,24,15000.0,680,0
M,53,20000.0,716,1
M,24,20000.0,679,0
F,39,14000.0,687,0
M,25,17000.0,677,0
M,32,33000.0,692,0
F,43,33240.0,672,0
M,37,42000.0,654,0
M,23,41800.0,661,0
M,27,25000.0,686,0
M,37,30000.0,700,1
M,29,25000.0,662,0
M,33,30000.0,662,1
M,28,19000.0,687,0
M,38,30000.0,685,2
M,58,25000.0,697,0
M,22,20000.0,681,0
F,33,30000.0,672,0
M,32,40000.0,658,3
M,32,30000.0,657,0
M,31,30000.0,724,0
M,39,22400.0,672,0
M,36,40000.0,659,0
M,21,30000.0,677,0
M,38,40000.0,722,8
M,27,35000.0,632,0
M,26,40000.0,673,0
M,24,15000.0,689,0
M,45,24000.0,695,0
M,25,16500.0,664,0
M,27,30000.0,662,2
M,49,28000.0,741,0
M,42,25000.0,679,0
M,42,35000.0,678,0
M,43,75000.0,700,0
M,28,250000.0,687,0
M,25,20000.0,689,0
M,28,19000.0,691,0
M,30,30000.0,606,7
M,36,20000.0,682,0
M,48,45000.0,685,0
M,29,32000.0,656,0
M,35,10000.0,665,0
M,29,20000.0,677,0
M,22,17000.0,645,0
M,31,23890.0,663,0
M,31,50000.0,621,28
M,29,13500.0,649,2
M,28,32000.0,668,0
M,42,35000.0,684,0
M,42,33600.0,710,7
M,34,80000.0,688,0
M,38,38000.0,639,5
M,23,14000.0,685,4
M,45,30000.0,666,0
F,41,18000.0,676,0
M,31,40000.0,664,2
M,29,16500.0,654,15
M,35,24000.0,703,0
M,41,19000.0,680,0
M,40,40000.0,661,18
F,42,45000.0,744,15
M,31,20000.0,694,0
M,22,30000.0,640,0
M,29,28000.0,661,0
M,46,38000.0,688,0
M,26,25000.0,664,1
M,33,2000.0,708,1
M,21,23000.0,682,0
M,43,20600.0,680,2
M,58,50200.0,657,0
M,31,23000.0,669,0
F,41,18500.0,682,0
M,21,26000.0,656,2
M,23,16800.0,678,0
M,40,38000.0,674,6
F,26,23000.0,692,0
M,28,32000.0,663,0
M,33,27000.0,682,0
M,47,25000.0,686,4
M,23,9000.0,676,23
M,48,15000.0,686,0
M,33,29000.0,679,0
M,50,12000.0,679,0
M,29,30000.0,678,0
F,40,14000.0,676,2
M,44,18000.0,682,0
M,41,15000.0,673,0
F,42,25000.0,678,0
M,35,16000.0,688,0
M,29,30000.0,680,0
M,28,25000.0,693,6
M,28,40000.0,706,2
M,33,35000.0,660,0
M,26,30000.0,671,0
M,29,34800.0,658,0
M,27,19000.0,679,0
M,54,25000.0,708,3
M,29,13000.0,667,1
M,28,48000.0,666,4
M,33,53192.0,663,11
F,39,32000.0,678,0
M,34,31500.0,690,0
M,29,23990.0,666,0
M,38,23000.0,664,0
M,27,20000.0,662,0
M,50,25000.0,673,0
M,29,11500.0,688,0
M,22,15000.0,671,5
M,21,17000.0,670,0
M,23,12000.0,692,0
M,31,27500.0,697,13
F,34,42000.0,686,0
M,32,40000.0,660,18
M,27,25000.0,674,4
M,27,28000.0,663,0
M,28,40000.0,672,0
M,25,70000.0,685,0
M,26,49000.0,635,0
M,44,16000.0,707,1
M,43,20000.0,698,0
F,28,14000.0,680,0
M,28,30000.0,678,0
M,28,22600.0,678,0
M,48,25000.0,688,0
M,46,21500.0,692,0
M,27,45000.0,663,0
M,32,25000.0,700,0
M,39,10000.0,683,1
M,21,12000.0,680,0
M,29,39000.0,677,0
M,51,48000.0,690,0
M,32,30000.0,689,0
M,25,24000.0,679,0
M,41,12000.0,689,0
M,37,15000.0,698,0
F,21,18500.0,670,5
M,29,22500.0,664,0
M,26,23000.0,679,0
M,32,22000.0,695,0
M,36,80000.0,633,0
M,33,19400.0,679,0
M,26,60000.0,628,0
M,26,35000.0,682,5
M,26,25000.0,676,0
M,36,38104.0,683,0
M,50,11653.0,669,0
M,29,14000.0,670,0
M,26,15000.0,679,6
M,27,21000.0,669,0
M,33,13000.0,682,0
M,42,21000.0,669,0
M,37,18000.0,699,0
M,31,39000.0,661,2
F,36,18127.0,670,1
F,49,30000.0,735,0
F,50,28000.0,673,0
M,39,35000.0,694,0
F,64,28000.0,693,0
M,27,25000.0,651,0
M,27,60000.0,676,2
M,27,30000.0,632,0
M,26,45000.0,665,6
M,38,5000.0,686,13
M,22,20000.0,698,0
M,31,25000.0,660,2
M,29,35000.0,647,0
F,35,18000.0,671,0
M,28,65000.0,683,0
M,30,20000.0,688,0
M,49,20000.0,684,0
M,29,14000.0,675,2
M,32,23000.0,692,0
M,29,18000.0,693,0
M,28,15200.0,664,0
F,48,19000.0,694,0
M,28,25000.0,689,0
M,46,43000.0,706,0
M,58,19000.0,721,0
M,35,12000.0,679,0
M,26,35000.0,663,8
M,31,25000.0,668,0
M,36,12000.0,701,0
M,23,18000.0,671,0
M,29,30000.0,670,1
M,26,15000.0,681,1
M,29,15000.0,663,4
M,28,25000.0,685,0
F,36,20000.0,664,0
M,23,15500.0,668,0
M,23,21000.0,668,0
M,39,20000.0,681,0
M,23,25000.0,687,0
M,27,15000.0,687,0
F,27,14000.0,676,0
F,47,11000.0,691,0
M,41,15000.0,651,4
F,30,14000.0,675,0
F,25,15000.0,636,0
F,21,35000.0,674,0
F,29,28000.0,689,0
M,23,30000.0,639,0
F,26,35000.0,681,0
M,26,26000.0,662,2
M,36,30000.0,694,1
M,23,15000.0,685,0
F,34,25000.0,687,0
M,25,14000.0,668,0
M,25,35000.0,680,0
M,26,40000.0,679,0
M,34,35000.0,670,2
M,50,35000.0,699,15
M,37,40000.0,685,0
M,55,20000.0,680,0
M,32,22400.0,684,0
M,54,40000.0,692,0
M,50,190000.0,691,0
M,40,30000.0,721,0
M,47,40000.0,689,0
M,22,18000.0,675,1
M,27,20000.0,668,7
F,36,12000.0,681,0
M,39,30000.0,686,0
M,23,25000.0,680,0
M,34,50000.0,681,0
M,22,22500.0,680,0
F,33,18000.0,698,0
M,36,18000.0,679,0
F,23,18000.0,682,0
M,27,24000.0,673,0
M,27,17000.0,696,0
M,23,15000.0,668,0
F,52,21200.0,714,0
M,43,21000.0,647,2
F,44,38500.0,635,1
M,40,50000.0,670,4
M,36,19500.0,680,0
M,31,30000.0,665,0
M,27,13200.0,683,0
M,29,15000.0,663,0
M,38,15500.0,657,4
M,34,32000.0,686,5
F,39,25000.0,705,0
F,30,90000.0,667,0
M,56,35000.0,676,0
M,31,13000.0,702,0
M,22,30000.0,676,1
M,25,30000.0,684,0
M,26,23900.0,678,0
M,47,29000.0,687,0
M,46,20000.0,684,0
F,55,16000.0,665,0
M,48,22000.0,674,0
M,39,20000.0,704,0
M,30,35000.0,677,0
M,37,18000.0,669,2
M,28,20000.0,678,1
M,30,18000.0,671,0
M,24,14325.0,680,0
M,32,20000.0,707,0
M,30,25000.0,620,16
F,25,64000.0,663,0
M,33,25000.0,675,0
M,51,15000.0,721,0
M,23,15000.0,676,1
M,28,20000.0,676,0
F,25,17000.0,684,0
M,23,22000.0,673,0
F,36,15000.0,693,3
F,30,10000.0,712,0
M,32,60000.0,682,0
F,32,55000.0,674,0
M,35,14000.0,674,0
M,26,25000.0,671,0
M,30,50000.0,699,0
M,24,18000.0,640,0
M,62,19500.0,667,0
M,22,8000.0,679,0
M,26,15000.0,676,0
M,33,25000.0,740,0
M,31,15000.0,689,0
M,31,12000.0,681,0
M,25,19000.0,695,0
M,31,32000.0,699,0
M,33,15000.0,690,0
M,33,27000.0,708,0
M,24,16500.0,664,1
M,38,45000.0,733,0
M,41,40000.0,672,8
F,33,9000.0,674,5
M,22,22500.0,664,10
M,34,15000.0,701,0
M,28,23500.0,652,0
M,46,30000.0,667,1
M,44,22000.0,682,0
M,29,19000.0,684,0
M,37,20000.0,687,0
M,24,20000.0,678,0
M,32,30000.0,677,14
M,28,15000.0,688,0
M,24,15000.0,665,0
M,40,25000.0,660,0
M,30,28000.0,681,0
M,43,35000.0,665,1
M,31,20000.0,717,0
M,33,18500.0,691,0
M,30,22000.0,676,20
M,63,40000.0,678,0
M,56,20000.0,718,0
M,45,37000.0,725,0
M,25,38000.0,702,0
M,46,15000.0,676,0
F,50,19000.0,677,4
M,21,24500.0,677,0
M,35,23000.0,670,0
M,30,25000.0,675,18
M,28,30000.0,686,0
M,36,16000.0,661,1
M,25,26000.0,712,0
M,28,18000.0,708,0
F,44,15000.0,688,0
M,31,15000.0,664,2
M,26,30000.0,678,0
M,41,45000.0,719,1
M,35,28000.0,653,2
M,32,33000.0,623,2
M,55,20000.0,671,3
M,44,25000.0,671,0
M,46,33000.0,678,0
M,30,20000.0,709,0
M,42,24000.0,680,0
F,29,24000.0,697,0
M,24,30000.0,693,0
M,27,17000.0,691,0
F,58,23000.0,693,0
M,52,22949.0,683,0
M,34,23000.0,658,1
M,33,30000.0,703,0
M,43,28500.0,684,0
M,29,32000.0,654,0
M,38,20000.0,699,0
M,23,33000.0,670,0
M,33,30000.0,670,1
F,41,15000.0,691,0
M,24,22000.0,672,0
M,23,16000.0,639,0
M,30,20000.0,647,4
F,53,50000.0,674,12
F,43,35000.0,681,1
M,25,60000.0,669,0
M,38,35000.0,679,0
M,24,33000.0,694,0
M,28,28500.0,663,0
M,44,30000.0,671,7
M,29,30000.0,681,3
M,33,18000.0,695,0
M,29,15000.0,675,2
M,22,12000.0,691,0
M,26,25000.0,673,0
M,30,10000.0,678,0
M,36,28000.0,657,0
M,22,18500.0,679,0
F,31,2000.0,706,0
M,25,40000.0,676,0
M,27,45000.0,697,0
M,22,13500.0,651,0
M,33,34000.0,681,0
M,29,30000.0,670,4
M,32,40000.0,672,0
M,41,30000.0,681,0
M,44,28000.0,717,0
F,46,13500.0,666,1
M,32,13000.0,687,0
M,25,20000.0,647,0
M,25,30000.0,674,0
M,24,62000.0,670,0
M,35,25000.0,722,0
M,36,18000.0,672,0
M,25,24000.0,688,0
M,33,50000.0,657,0
M,27,15000.0,671,3
M,31,18000.0,680,0
M,23,15000.0,673,0
M,27,15500.0,665,2
M,43,25000.0,679,0
M,24,40000.0,628,0
M,31,35000.0,684,0
M,29,45000.0,646,0
F,42,22000.0,710,0
M,36,25000.0,706,0
M,25,25000.0,643,0
M,29,25000.0,675,0
F,34,36000.0,693,0
M,54,18500.0,739,0
M,26,28000.0,673,1
M,37,20000.0,691,0
M,28,25000.0,678,7
M,45,45000.0,685,0
M,36,22000.0,679,10
F,42,12500.0,691,0
M,28,50000.0,641,0
M,38,19500.0,695,1
M,43,19000.0,675,0
M,42,15000.0,677,6
M,27,35000.0,683,1
M,37,40000.0,695,0
M,60,30000.0,700,0
F,29,20000.0,667,0
M,36,40000.0,679,24
M,25,20000.0,679,0
M,46,23500.0,672,0
M,24,20000.0,689,0
M,30,16500.0,656,10
M,26,30000.0,702,0
M,36,23000.0,697,0
M,46,14500.0,695,0
M,25,35000.0,698,0
M,30,27000.0,684,1
M,27,30000.0,675,0
M,41,36000.0,712,0
M,36,29000.0,685,0
M,43,23000.0,686,0
M,34,23000.0,671,0
M,38,22000.0,688,0
F,38,20000.0,710,0
M,21,25000.0,693,20
F,43,10000.0,694,0
M,32,25000.0,691,0
M,33,12000.0,682,0
M,42,36000.0,711,0
M,24,80000.0,686,0
F,42,20000.0,692,0
M,53,23000.0,681,0
F,56,10000.0,704,0
F,32,16000.0,687,0
M,26,60000.0,695,0
M,49,20000.0,679,0
M,30,16000.0,670,0
M,25,39000.0,673,0
M,29,30000.0,658,5
M,35,25000.0,682,0
M,33,34000.0,681,0
M,32,17000.0,643,0
M,31,15000.0,675,0
M,39,81000.0,667,0
M,50,35000.0,675,4
M,30,16000.0,692,0
M,24,35000.0,651,2
M,40,15000.0,687,0
M,28,15000.0,655,0
M,34,41800.0,616,17
M,36,40000.0,659,2
M,44,30000.0,677,0
M,40,14000.0,687,1
M,32,20000.0,686,0
M,34,70000.0,630,12
F,35,13000.0,690,0
M,29,20000.0,698,0
M,29,49000.0,650,1
M,55,26000.0,725,0
F,47,36000.0,678,2
M,44,12000.0,667,0
M,22,20000.0,677,0
M,22,80000.0,688,1
M,39,38000.0,699,0
M,37,16000.0,664,3
M,42,22000.0,696,0
M,32,20000.0,698,0
M,23,18000.0,694,0
M,36,22000.0,678,12
M,29,14000.0,707,0
M,30,18000.0,688,0
M,35,35000.0,688,0
F,34,15000.0,666,0
M,22,46000.0,681,0
M,32,20000.0,651,0
M,38,28000.0,742,0
M,34,65000.0,674,0
M,33,75000.0,617,0
M,31,30000.0,662,0
M,27,40000.0,679,0
M,30,30000.0,665,3
M,48,28000.0,689,0
M,22,45000.0,679,0
M,24,25000.0,682,0
M,27,25000.0,591,0
M,62,31000.0,667,8
M,38,25000.0,687,0
M,48,20000.0,710,0
M,29,21000.0,667,2
F,27,12000.0,666,0
M,43,21000.0,707,6
M,45,48500.0,679,0
M,34,34000.0,664,7
M,49,50000.0,691,0
M,34,45000.0,663,0
M,30,20000.0,673,0
M,22,24000.0,673,1
M,27,19000.0,663,0
M,32,20000.0,672,0
M,48,40000.0,688,8
M,45,62000.0,709,28
M,29,30000.0,670,0
M,32,70000.0,681,0
M,51,32000.0,683,1
F,48,13000.0,687,0
M,38,19120.0,688,0
M,40,15000.0,702,0
M,28,35000.0,673,0
M,32,21500.0,689,1
M,36,28000.0,661,0
M,26,45000.0,658,7
M,27,25000.0,688,0
M,25,70000.0,684,0
M,30,35000.0,676,5
M,24,20000.0,694,5
M,40,47.0,629,0
M,30,21000.0,674,2
M,22,16600.0,674,0
M,24,36800.0,629,2
M,28,15000.0,697,0
M,26,17000.0,692,0
M,33,20000.0,698,0
M,30,22000.0,698,0
M,27,14500.0,691,0
M,26,20000.0,667,0
M,28,21000.0,673,0
F,43,23000.0,674,0
M,39,20000.0,668,2
M,33,15000.0,685,0
M,29,13000.0,686,0
F,28,20000.0,673,0
M,26,25000.0,670,0
M,26,11000.0,687,0
M,24,38000.0,698,7
M,50,60000.0,689,0
M,32,16000.0,683,0
M,31,24000.0,687,0
M,27,20000.0,675,3
M,21,14000.0,662,3
M,39,18000.0,661,2
F,56,21000.0,696,0
M,38,30000.0,676,0
M,47,20000.0,666,1
M,23,13000.0,646,0
M,23,23000.0,651,0
M,43,28000.0,680,0
M,39,30000.0,684,1
M,44,56000.0,690,0
M,44,25000.0,707,0
M,28,14000.0,682,0
M,43,11000.0,720,0
M,43,20000.0,679,0
M,30,16000.0,697,11
M,29,10000.0,696,0
M,24,50000.0,662,7
M,29,18000.0,681,15
M,24,24800.0,681,0
M,30,35500.0,679,16
M,43,14000.0,715,7
M,36,45000.0,684,0
M,54,13000.0,701,3
M,35,19000.0,682,0
F,22,14000.0,683,0
M,36,35000.0,617,12
M,36,13000.0,645,0
M,30,35000.0,707,0
M,43,21000.0,660,1
M,25,28000.0,694,0
M,26,28000.0,703,3
M,23,40000.0,680,0
M,25,25000.0,655,0
M,36,25000.0,705,0
F,44,35000.0,717,0
M,36,13000.0,699,3
M,35,18500.0,676,1
M,24,20000.0,683,0
M,21,15800.0,660,3
F,38,25000.0,697,0
M,26,30000.0,671,0
F,31,10000.0,704,0
M,30,15500.0,695,0
M,33,15000.0,643,11
M,27,23500.0,690,1
F,29,16000.0,685,0
M,34,28000.0,688,7
M,25,12000.0,693,0
M,48,45000.0,674,15
F,45,25000.0,664,0
F,27,25000.0,684,0
M,31,30000.0,686,0
M,45,20000.0,665,1
M,60,30000.0,685,0
F,35,30000.0,650,1
M,43,18000.0,684,0
M,28,28000.0,688,0
M,24,12000.0,677,1
M,56,35000.0,718,0
F,24,14000.0,687,0
M,27,22000.0,691,0
M,25,24000.0,701,0
M,38,16000.0,689,0
M,30,25000.0,697,6
M,22,15000.0,668,5
M,25,25000.0,667,0
M,24,22000.0,653,1
M,26,24000.0,683,0
M,39,22000.0,706,0
M,40,95000.0,692,0
M,37,23500.0,681,0
M,27,22000.0,688,0
M,35,20600.0,679,3
M,46,20000.0,679,0
F,39,23000.0,663,0
M,37,32000.0,679,0
F,46,25000.0,701,0
M,37,25000.0,705,0
M,40,45000.0,663,0
M,25,45000.0,702,0
M,25,25000.0,671,0
M,26,30000.0,666,0
M,25,14000.0,684,0
M,37,16000.0,694,0
M,41,22000.0,675,0
M,30,20000.0,670,0
F,26,15000.0,672,0
M,25,30000.0,542,0
M,45,34000.0,674,0
M,25,10000.0,675,0
M,31,20000.0,687,0
M,31,28000.0,651,0
M,26,11000.0,677,3
M,35,43000.0,669,1
M,54,30000.0,739,20
M,30,35000.0,703,0
M,25,30000.0,647,1
M,33,27000.0,650,1
M,41,12000.0,676,0
M,25,22000.0,658,0
M,38,20000.0,661,7
M,30,20000.0,690,2
M,29,18000.0,686,0
M,31,40000.0,690,0
F,31,15000.0,665,0
M,36,45000.0,663,1
F,35,15500.0,678,0
F,29,15000.0,650,2
M,42,40000.0,663,0
F,33,13000.0,683,2
M,31,22000.0,682,0
M,23,28000.0,690,0
M,28,12000.0,707,0
M,41,63000.0,643,0
M,32,35000.0,674,0
M,25,18000.0,653,2
M,31,35000.0,688,0
F,37,12000.0,723,2
M,27,22000.0,692,3
M,30,45000.0,664,0
M,28,36000.0,650,0
M,27,15500.0,675,0
F,35,30000.0,667,1
M,29,26000.0,668,0
M,34,52000.0,690,0
M,35,13000.0,650,0
M,26,25000.0,672,0
M,30,23000.0,693,3
M,31,17000.0,691,0
F,28,10500.0,675,0
M,38,44000.0,691,0
F,23,10000.0,655,0
M,33,75000.0,690,0
M,32,20000.0,663,0
F,52,20000.0,687,0
M,30,25000.0,673,0
M,51,23000.0,706,0
M,32,18000.0,695,0
M,32,35000.0,655,0
M,31,50000.0,698,0
M,34,12000.0,658,2
M,31,20000.0,708,0
M,49,15000.0,645,10
F,27,13000.0,678,11
M,33,25000.0,696,0
M,56,68000.0,669,12
M,39,20000.0,701,0
M,26,25000.0,686,0
M,37,31000.0,706,0
M,32,35000.0,688,0
M,23,35000.0,688,0
M,30,30000.0,670,2
M,39,32000.0,671,1
M,23,25400.0,661,3
M,30,25000.0,678,0
M,24,24000.0,686,1
M,35,45000.0,692,0
M,45,50000.0,651,0
M,38,15000.0,677,0
M,28,16000.0,686,0
M,26,8000.0,657,0
M,49,15000.0,753,1
F,46,17999.0,711,0
M,35,30000.0,690,0
M,25,23000.0,689,0
M,27,35000.0,677,7
M,28,32000.0,676,0
M,24,20000.0,685,0
M,31,28500.0,668,1
M,25,23000.0,679,0
M,24,35000.0,682,0
M,30,26000.0,668,0
M,22,22500.0,691,0
F,40,21000.0,697,0
M,26,15000.0,667,0
M,36,25000.0,665,1
M,41,22000.0,698,0
M,28,32200.0,688,0
M,34,25000.0,684,0
M,42,10000.0,692,0
M,47,23000.0,639,2
M,23,35000.0,642,0
M,22,30000.0,651,0
M,27,20000.0,696,0
M,32,20000.0,701,0
M,33,50000.0,684,1
M,35,15000.0,686,0
M,26,30000.0,671,14
M,22,40000.0,682,0
M,46,10000.0,696,0
M,40,18000.0,710,0
F,22,35000.0,671,0
M,25,21000.0,681,0
M,26,35000.0,691,0
M,34,18000.0,684,0
F,33,20600.0,683,0
M,40,75000.0,684,0
F,60,35500.0,716,0
F,31,2500.0,681,0
M,30,18000.0,694,0
M,22,15000.0,678,2
M,26,19000.0,677,0
M,22,16000.0,703,0
M,34,30000.0,677,4
M,46,15000.0,689,0
M,54,70000.0,724,0
M,42,9500.0,702,0
F,27,40000.0,695,0
M,28,17000.0,681,3
M,41,25000.0,703,0
M,21,26000.0,668,1
F,48,17800.0,711,0
M,35,40000.0,642,0
F,38,30000.0,706,0
M,32,13500.0,684,0
M,21,20000.0,665,0
M,57,17093.0,671,0
M,36,18000.0,674,0
M,24,35000.0,689,0
M,37,47000.0,684,0
M,53,31000.0,753,14
M,24,42000.0,681,0
M,52,30000.0,713,0
M,24,18000.0,680,0
M,39,30000.0,649,0
M,26,20000.0,677,0
M,26,45000.0,649,0
M,35,20000.0,672,0
M,27,35000.0,742,27
M,23,14000.0,660,1
M,40,16500.0,669,0
M,25,30000.0,668,0
M,31,16000.0,691,0
M,43,22000.0,646,3
M,25,30000.0,669,0
M,31,20000.0,686,0
M,43,20000.0,680,1
M,38,40000.0,703,0
M,28,18000.0,690,5
M,26,21500.0,665,2
M,55,35000.0,704,0
M,26,30000.0,673,0
M,53,6980.0,726,0
M,21,14000.0,677,0
M,22,22000.0,665,0
M,33,18000.0,682,0
M,29,12000.0,679,4
M,29,24500.0,663,0
M,32,22000.0,648,0
M,36,15000.0,706,0
M,44,10000.0,684,4
M,42,16000.0,750,0
M,30,15000.0,681,0
M,24,25000.0,614,0
M,39,40000.0,628,1
M,39,60000.0,651,4
M,39,18000.0,681,0
M,34,18000.0,676,0
M,32,34000.0,703,7
M,38,45000.0,700,0
F,22,13500.0,646,0
M,33,20000.0,692,0
M,45,30000.0,693,0
F,40,20000.0,685,11
M,34,15000.0,671,10
M,39,60000.0,690,0
M,24,12500.0,682,0
F,44,35000.0,711,0
M,24,20000.0,683,0
M,29,23000.0,661,0
M,31,45000.0,682,4
M,44,18000.0,676,7
M,26,15000.0,663,26
M,33,22000.0,665,11
F,49,30000.0,676,0
M,30,15000.0,693,0
M,34,38000.0,745,0
M,38,22000.0,685,0
M,50,20000.0,686,0
M,30,17000.0,647,0
F,46,16000.0,668,4
F,45,22000.0,676,0
M,42,35000.0,709,0
M,23,36840.0,644,0
M,34,25500.0,721,0
M,41,30000.0,672,0
M,35,12000.0,686,0
M,35,27500.0,676,0
M,21,15680.0,669,1
M,25,25000.0,662,0
M,28,40000.0,669,0
M,28,21000.0,691,0
M,32,30000.0,688,0
M,25,18000.0,692,1
M,24,24000.0,675,0
M,31,19000.0,648,7
M,27,30000.0,689,0
F,38,30000.0,668,0
F,49,25000.0,664,0
F,38,10000.0,683,0
M,37,45200.0,681,1
M,27,15000.0,636,19
F,39,30000.0,674,0
M,32,29000.0,694,24
M,35,10000.0,674,0
M,29,12000.0,688,0
M,32,15000.0,684,0
M,25,25000.0,682,0
M,29,10500.0,676,0
M,40,13000.0,698,0
F,42,16000.0,685,0
M,36,25000.0,660,0
F,35,25000.0,683,0
M,27,20000.0,702,2
M,56,16000.0,692,0
M,23,18000.0,659,1
M,22,10000.0,662,1
M,27,12000.0,673,5
M,28,70000.0,677,13
M,23,16500.0,673,0
M,27,25000.0,699,3
M,28,19000.0,641,2
M,39,25000.0,667,1
M,44,35000.0,706,2
F,33,18000.0,682,0
M,21,43000.0,693,0
M,32,30000.0,644,1
M,23,28000.0,685,0
M,31,15000.0,690,0
M,27,24000.0,667,0
M,38,60000.0,683,1
F,31,15000.0,679,0
F,28,12500.0,657,0
M,41,28000.0,710,4
M,23,19000.0,679,0
M,33,40000.0,689,2
M,49,25000.0,691,14
M,43,30000.0,681,0
M,30,18000.0,680,1
M,23,18000.0,656,0
M,34,45000.0,671,2
M,33,35000.0,675,0
M,39,35000.0,672,0
M,29,18000.0,675,2
M,23,19000.0,657,0
M,40,35000.0,641,0
M,45,25000.0,686,1
M,45,45000.0,673,0
M,22,15000.0,659,0
M,29,25000.0,690,8
M,29,15000.0,688,0
M,38,50000.0,721,3
M,26,15000.0,691,0
M,30,50000.0,663,7
M,25,25000.0,662,30
M,34,25000.0,670,0
M,21,14000.0,682,0
M,34,26000.0,684,5
M,29,18500.0,693,0
M,26,12000.0,654,0
M,36,50000.0,691,0
M,31,15000.0,684,0
M,38,23000.0,691,0
M,26,11500.0,668,2
M,29,8000.0,672,0
F,29,15000.0,643,0
M,30,22000.0,682,0
M,36,13500.0,671,8
M,26,22000.0,699,0
M,25,28000.0,582,0
M,24,25000.0,670,1
M,27,40000.0,691,0
M,33,13000.0,689,0
F,47,20000.0,686,0
M,27,55000.0,686,2
M,25,20000.0,684,12
M,58,22000.0,683,0
M,26,18000.0,664,0
M,30,21000.0,698,0
F,22,18000.0,676,2
M,26,9000.0,677,3
F,51,14000.0,682,0
M,40,30000.0,683,0
M,30,25000.0,693,0
M,23,15000.0,670,0
M,27,40000.0,674,0
M,46,30000.0,765,0
M,37,30000.0,693,0
M,22,13000.0,671,0
M,37,21300.0,669,0
M,33,19000.0,666,0
M,25,13500.0,669,7
M,49,20000.0,701,0
M,28,18000.0,669,1
M,28,16000.0,688,0
M,37,62000.0,688,2
M,26,35000.0,661,1
M,21,35000.0,674,0
M,26,14000.0,679,0
M,49,30000.0,666,6
M,49,10000.0,689,0
M,51,22000.0,687,0
M,25,16000.0,685,0
M,43,35000.0,684,30
M,32,45000.0,667,3
M,32,12000.0,676,0
M,21,28000.0,667,0
M,29,21000.0,633,0
M,36,38000.0,721,0
M,26,10000.0,669,0
M,26,19200.0,671,0
M,25,35000.0,678,0
M,22,27000.0,643,0
M,31,60000.0,682,0
F,41,39000.0,645,10
M,43,18000.0,743,0
M,30,28000.0,669,1
M,22,25000.0,691,0
M,46,21000.0,708,0
M,41,40000.0,693,0
M,34,33500.0,677,13
M,27,20000.0,681,0
M,33,23000.0,692,0
F,26,48600.0,680,1
M,21,18000.0,696,0
M,36,25000.0,657,0
M,31,15000.0,663,0
F,38,25000.0,679,1
M,31,35000.0,686,10
M,26,20000.0,682,0
M,30,40000.0,738,0
M,31,45000.0,687,9
M,24,35000.0,672,0
M,34,34000.0,701,0
M,40,22000.0,679,0
M,55,21500.0,696,0
M,27,16000.0,688,0
M,55,40000.0,683,0
M,29,23000.0,679,2
M,23,30000.0,678,0
M,36,18000.0,688,0
M,32,17845.0,687,2
M,25,28000.0,666,0
M,55,38000.0,692,0
F,24,10000.0,687,0
F,33,25000.0,703,0
M,37,15000.0,717,0
M,37,14000.0,687,3
F,39,17000.0,665,0
M,36,33000.0,687,0
M,24,16000.0,670,0
M,35,33000.0,666,13
M,25,18200.0,664,0
M,33,20000.0,682,0
M,27,20000.0,690,0
M,39,35000.0,685,0
M,29,20000.0,660,1
M,35,18000.0,675,0
M,30,30000.0,692,0
M,42,25000.0,650,0
M,45,13000.0,686,5
M,44,20000.0,670,0
M,28,21000.0,684,0
F,40,18000.0,659,1
F,42,20000.0,694,3
M,30,25000.0,682,0
M,38,25000.0,679,0
M,22,15000.0,673,4
M,41,30000.0,696,21
F,21,26000.0,685,0
M,28,25000.0,704,0
M,26,9000.0,678,1
M,48,30000.0,672,0
M,24,25000.0,675,0
M,23,14000.0,686,0
M,32,35000.0,681,0
M,26,18000.0,663,19
M,56,20000.0,693,11
F,31,28500.0,698,0
M,31,70000.0,575,1
F,36,30000.0,680,0
M,37,15000.0,685,0
M,49,24500.0,712,0
M,29,21000.0,692,0
M,24,22000.0,688,0
M,22,15000.0,687,0
M,40,45000.0,685,0
M,48,32000.0,674,0
M,49,55000.0,697,6
M,21,20000.0,682,0
M,25,80000.0,676,0
M,35,11000.0,678,0
M,28,31500.0,669,0
F,33,18000.0,684,3
M,32,31645.0,664,3
F,24,30000.0,670,0
M,39,80000.0,742,1
M,32,17000.0,652,4
M,32,50000.0,658,9
M,23,22000.0,665,0
M,24,14500.0,671,1
M,30,15000.0,671,0
M,58,35000.0,725,0
M,36,30000.0,696,0
M,24,39000.0,683,0
M,58,25000.0,674,0
M,27,45000.0,672,0
M,32,12000.0,644,0
M,30,20000.0,684,0
M,41,15000.0,718,0
M,31,13000.0,689,0
M,50,45000.0,664,0
M,42,37000.0,663,4
M,27,20000.0,655,1
M,36,32000.0,699,0
M,54,20000.0,676,4
M,30,15000.0,659,0
M,22,18000.0,678,0
M,25,18000.0,681,0
M,34,25000.0,703,0
M,25,26000.0,666,2
M,23,10100.0,633,0
M,27,22500.0,680,0
M,22,38000.0,687,0
M,28,17000.0,675,0
F,40,19000.0,674,3
M,48,22100.0,667,2
M,32,19500.0,667,0
F,32,10000.0,683,0
M,39,25000.0,667,0
M,31,35000.0,703,0
M,28,22000.0,663,1
M,39,24000.0,707,2
F,23,24000.0,660,0
M,31,30000.0,636,0
F,30,21000.0,686,0
M,53,25000.0,687,0
M,29,23000.0,694,10
M,46,28900.0,666,0
M,33,16000.0,672,0
M,31,22000.0,666,0
M,30,20000.0,689,1
M,44,20000.0,669,8
M,38,27000.0,682,0
M,49,30000.0,696,0
M,25,20000.0,678,0
M,43,24500.0,670,2
M,43,35000.0,683,0
M,33,15000.0,657,10
M,24,25000.0,685,0
M,25,18000.0,673,1
M,26,15000.0,677,10
M,34,24000.0,689,2
M,26,18000.0,675,0
M,25,20000.0,681,0
M,35,28000.0,663,2
M,41,27000.0,686,2
M,25,20000.0,675,3
M,40,15000.0,718,0
M,27,18500.0,666,0
M,29,28000.0,703,1
F,44,10500.0,690,0
M,26,40000.0,666,1
M,35,34000.0,675,2
M,36,25000.0,751,9
M,24,15000.0,654,2
F,36,18000.0,696,0
M,27,35000.0,684,0
M,32,12000.0,677,0
M,39,50000.0,684,0
M,32,40000.0,689,0
M,44,35000.0,692,0
M,34,30000.0,677,0
M,36,20000.0,681,0
F,37,22000.0,604,4
F,35,23500.0,671,4
M,24,16000.0,673,0
M,49,25000.0,695,20
M,42,12000.0,675,0
F,32,20000.0,667,0
M,26,20000.0,664,0
M,25,32000.0,671,0
M,24,25000.0,689,3
M,32,20000.0,659,2
M,24,32000.0,693,0
M,39,30000.0,679,4
M,38,15000.0,689,0
M,25,30000.0,671,0
M,34,17000.0,679,0
M,31,30000.0,675,0
M,22,38000.0,671,1
M,41,15000.0,678,0
M,22,14000.0,673,0
F,31,13500.0,656,0
M,22,30000.0,695,0
M,49,45000.0,669,5
M,23,11000.0,680,0
M,32,38000.0,658,0
F,33,17500.0,663,7
M,32,30560.0,682,0
F,31,40000.0,687,0
F,21,17500.0,693,0
M,39,23000.0,655,0
M,55,25642.0,716,16
M,21,17000.0,682,0
M,28,15000.0,683,0
M,24,30000.0,683,0
M,22,8000.0,681,0
M,26,13000.0,677,1
M,28,38000.0,690,4
M,47,40000.0,682,0
M,23,12000.0,670,1
M,26,34000.0,664,1
M,29,23000.0,671,0
M,42,18000.0,660,2
M,35,13000.0,673,0
M,40,20000.0,745,2
M,33,17000.0,688,6
M,35,53000.0,683,0
M,60,100000.0,700,0
M,31,40000.0,713,0
M,33,15000.0,670,2
F,37,45000.0,691,6
M,30,20000.0,691,0
M,32,45000.0,686,13
M,25,30000.0,681,0
M,45,25000.0,695,0
M,40,30000.0,698,0
M,37,18000.0,702,0
M,32,25000.0,682,0
M,48,25000.0,681,0
M,31,23790.0,663,3
F,35,40000.0,693,0
M,41,20000.0,663,14
F,24,15000.0,684,0
M,29,35000.0,681,0
M,26,23000.0,657,1
M,34,11000.0,693,0
M,35,25000.0,676,0
M,29,40000.0,660,0
M,35,25000.0,701,0
M,30,18000.0,690,0
F,23,9500.0,671,0
M,30,34000.0,684,0
M,25,16000.0,665,8
M,33,16000.0,683,0
M,23,12000.0,665,1
M,35,14000.0,669,0
M,22,17500.0,672,0
M,29,20000.0,651,1
M,25,12000.0,678,0
M,36,55000.0,672,0
M,35,20000.0,665,0
M,27,35000.0,673,0
M,38,12500.0,719,0
F,29,20000.0,668,20
M,26,18000.0,688,0
M,28,22000.0,685,0
M,21,24000.0,659,2
M,26,50000.0,684,0
M,50,15000.0,692,0
M,36,20000.0,662,0
M,45,25000.0,700,1
M,33,30000.0,676,0
M,35,16000.0,673,0
M,33,22000.0,669,0
M,31,25000.0,683,0
M,24,45000.0,696,0
M,21,25000.0,668,0
M,23,23000.0,683,12
F,26,10000.0,682,0
M,23,10000.0,670,2
M,27,19000.0,659,2
M,46,25000.0,678,0
M,23,17000.0,673,0
M,25,17000.0,663,4
F,21,65800.0,677,0
M,43,37090.0,624,0
M,27,15000.0,658,1
M,39,60000.0,697,0
M,23,14000.0,673,0
M,40,20000.0,706,0
M,28,18000.0,666,2
M,36,20000.0,679,0
M,28,23000.0,659,0
M,32,25000.0,688,10
M,38,58000.0,680,0
M,51,35000.0,626,1
M,22,17000.0,669,0
M,25,28000.0,678,4
M,52,12500.0,673,0
M,28,30000.0,689,0
M,28,18000.0,671,0
F,42,14500.0,671,0
M,21,35000.0,662,2
M,22,24000.0,670,0
M,28,18000.0,703,0
M,21,16000.0,665,0
M,21,15368.0,675,0
M,24,50000.0,683,9
F,44,38000.0,674,17
F,38,30000.0,638,2
M,37,34600.0,695,0
M,50,14000.0,672,0
M,24,42000.0,665,1
M,29,18000.0,677,0
M,23,20000.0,656,2
M,32,25000.0,664,12
M,32,12000.0,682,0
M,22,12000.0,680,0
M,49,24000.0,678,0
M,31,32000.0,687,9
M,22,10000.0,687,0
M,37,30000.0,712,0
M,27,18000.0,665,0
M,61,33000.0,698,0
M,23,33000.0,692,0
M,52,55000.0,716,3
M,49,14000.0,720,0
M,33,25000.0,663,0
M,34,15000.0,689,0
M,25,1500.0,673,0
M,23,18000.0,664,0
M,29,29500.0,686,0
M,28,25000.0,666,2
M,27,14000.0,662,0
M,33,18000.0,661,0
M,29,23000.0,661,2
F,34,18000.0,690,0
M,29,35000.0,679,0
M,36,30000.0,682,0
M,43,55000.0,715,0
F,22,15000.0,684,0
M,28,24000.0,623,0
M,34,20000.0,708,0
M,24,20000.0,680,0
M,34,25000.0,671,0
M,28,25000.0,678,0
M,35,19000.0,672,0
M,32,17000.0,680,0
M,21,20000.0,627,0
M,29,75000.0,667,0
F,38,7000.0,669,0
M,26,25000.0,683,0
F,32,38000.0,674,1
M,37,20000.0,675,3
F,44,20000.0,667,3
M,50,21000.0,676,0
M,25,24000.0,647,3
F,49,35000.0,680,0
M,51,25000.0,677,13
F,27,13000.0,673,1
M,23,13000.0,686,0
M,53,36000.0,714,0
M,27,12000.0,679,1
F,38,20000.0,695,0
F,30,30000.0,682,0
M,47,20000.0,662,0
M,27,25000.0,676,0
M,22,20000.0,681,0
M,26,14000.0,677,0
M,27,19000.0,682,0
M,40,80000.0,691,10
M,23,25000.0,700,0
F,31,13500.0,669,0
M,43,33000.0,691,0
M,27,25000.0,689,0
M,30,25000.0,662,1
M,32,10000.0,673,0
M,26,36000.0,684,0
F,28,25000.0,674,0
M,51,38500.0,724,0
M,25,14000.0,662,0
M,34,34000.0,652,1
M,30,37000.0,660,5
M,45,25000.0,695,0
M,40,40000.0,715,14
M,25,25000.0,691,0
M,47,25000.0,692,0
M,24,14800.0,663,0
M,28,13000.0,695,13
M,34,30000.0,671,12
M,41,16722.0,704,0
M,58,22000.0,690,0
M,28,25000.0,681,0
M,31,15000.0,680,0
M,49,30000.0,709,0
M,48,20000.0,680,0
M,31,30000.0,683,1
M,36,25000.0,697,0
M,39,25000.0,713,0
M,38,30000.0,682,0
M,28,12800.0,667,1
M,22,28200.0,665,0
M,33,18000.0,678,0
M,35,15000.0,680,0
M,28,30000.0,682,0
M,28,32000.0,676,0
M,30,45000.0,660,1
M,24,20000.0,674,0
M,22,11000.0,691,0
M,56,26500.0,699,9
M,40,13000.0,672,0
M,31,47000.0,656,2
M,24,14000.0,617,3
F,26,22000.0,686,0
F,43,22000.0,671,3
M,30,14800.0,669,0
M,37,17000.0,694,1
M,36,20000.0,712,0
M,56,25000.0,703,0
M,22,35000.0,670,0
M,22,10731.0,671,0
M,21,28000.0,655,0
M,26,16000.0,695,0
M,34,26000.0,695,0
M,30,24000.0,661,0
M,25,23000.0,688,0
M,34,15000.0,676,0
F,32,34500.0,658,0
M,35,28000.0,678,0
M,24,18000.0,647,1
M,45,18500.0,728,0
M,52,20000.0,677,3
M,24,25000.0,658,9
M,56,40000.0,670,0
F,39,22000.0,659,0
M,39,20000.0,708,0
M,38,22000.0,683,0
M,25,16000.0,651,2
M,24,16000.0,682,0
M,26,16000.0,704,0
M,25,15000.0,685,0
M,31,14000.0,703,0
F,42,20000.0,657,4
M,39,20000.0,684,0
M,21,25000.0,679,0
F,34,25000.0,683,0
M,27,26000.0,678,0
M,28,30000.0,688,6
M,27,12000.0,661,4
M,39,28000.0,685,0
M,41,29000.0,705,0
M,41,28000.0,692,0
M,53,35000.0,691,0
F,36,20000.0,652,0
M,49,25000.0,681,0
M,25,47000.0,626,0
M,26,25000.0,649,0
M,30,25000.0,677,0
M,31,20000.0,718,19
M,23,12000.0,692,0
M,31,15000.0,696,20
M,34,32000.0,678,0
M,25,24000.0,682,0
M,34,25000.0,681,0
F,42,25000.0,684,8
M,32,15000.0,691,0
M,23,23000.0,675,0
M,30,21000.0,640,1
M,37,20000.0,666,0
M,55,32000.0,738,0
M,33,25000.0,673,6
M,32,18000.0,677,4
M,29,17000.0,677,5
F,33,35000.0,665,10
M,33,18000.0,706,0
F,34,14000.0,684,0
M,36,50000.0,710,0
F,39,30000.0,687,0
M,28,16000.0,682,0
M,43,60000.0,703,5
F,39,9000.0,694,0
M,24,22000.0,676,0
M,23,35000.0,660,5
M,29,15000.0,672,0
M,25,18000.0,686,0
M,32,12000.0,688,0
M,36,21000.0,690,6
M,37,26000.0,698,1
M,35,45000.0,680,15
M,31,10000.0,697,2
F,34,40000.0,714,0
M,43,50000.0,700,0
M,38,20000.0,700,0
M,37,25000.0,680,0
M,25,16000.0,648,0
M,26,15500.0,712,0
M,27,40000.0,622,18
M,27,40000.0,678,0
M,49,20000.0,682,0
F,46,15000.0,683,0
M,33,20000.0,683,0
M,24,80000.0,677,0
F,28,15000.0,692,0
M,26,25000.0,655,0
M,25,15000.0,680,1
F,25,50000.0,679,0
M,31,25000.0,685,0
M,30,45000.0,665,0
M,35,15000.0,678,0
M,24,19000.0,685,0
F,33,25000.0,662,0
F,34,35580.0,670,1
M,38,15000.0,647,2
M,37,35000.0,659,3
M,42,17000.0,673,0
M,28,45000.0,660,7
M,33,7500.0,712,0
M,32,14000.0,708,0
M,28,25000.0,696,0
M,22,15000.0,672,0
M,27,17000.0,660,4
M,28,30000.0,690,0
M,27,20000.0,690,0
F,28,60000.0,670,0
M,24,45000.0,679,2
M,38,20000.0,700,0
M,36,28000.0,674,0
F,39,20000.0,683,0
M,28,19000.0,667,17
M,31,20000.0,692,0
M,40,30000.0,668,0
M,39,15000.0,712,0
M,35,35000.0,657,0
M,24,20000.0,671,0
M,28,12000.0,692,0
M,40,13500.0,660,2
M,31,40000.0,672,0
M,34,45000.0,705,3
M,37,25000.0,663,0
M,24,14600.0,662,5
M,31,28500.0,657,1
M,39,55000.0,681,0
M,24,12000.0,690,0
M,30,45000.0,675,0
M,25,34000.0,667,0
M,28,2000.0,676,8
M,28,28000.0,672,1
M,31,42000.0,648,0
M,30,20000.0,679,0
M,26,28000.0,657,0
M,25,20000.0,678,0
M,52,14500.0,657,11
M,33,22000.0,664,1
M,25,45000.0,640,0
M,24,35000.0,687,0
M,40,22000.0,649,3
M,23,15000.0,634,12
M,26,18500.0,690,0
M,38,11000.0,664,7
M,32,41000.0,666,5
F,40,20000.0,641,1
F,44,13000.0,630,0
M,28,40000.0,682,0
M,22,18500.0,670,0
M,38,22000.0,711,3
M,29,44000.0,672,2
M,38,23000.0,705,0
M,25,25000.0,648,0
M,38,35000.0,685,0
M,21,38000.0,670,0
M,40,30000.0,675,2
M,31,21945.0,713,0
M,26,10000.0,686,0
M,36,20000.0,660,1
M,23,20000.0,653,0
M,36,20000.0,671,0
M,37,32000.0,688,0
M,24,12500.0,698,0
M,32,16000.0,664,3
F,26,12000.0,710,0
M,29,20000.0,685,0
M,21,17000.0,677,0
M,24,25000.0,675,0
M,37,30000.0,691,0
M,25,25000.0,669,0
M,34,13500.0,685,0
M,30,45000.0,684,0
M,31,35000.0,672,0
M,31,28000.0,689,0
M,32,15000.0,688,1
M,22,14500.0,690,0
M,48,18000.0,694,0
M,26,51000.0,715,0
M,26,32180.0,662,0
F,48,14500.0,647,0
M,24,15000.0,676,0
M,31,16500.0,672,2
M,46,24000.0,697,0
M,42,41000.0,722,0
M,23,13000.0,684,0
M,50,18000.0,694,0
M,26,25000.0,684,0
M,40,12000.0,661,0
M,56,20000.0,716,0
M,46,15000.0,687,0
M,24,18000.0,654,0
M,23,25000.0,660,1
M,27,30000.0,694,0
M,26,10000.0,683,0
M,34,18000.0,663,0
M,34,32000.0,704,0
F,29,15000.0,701,0
M,29,32000.0,707,0
M,33,45000.0,716,0
F,38,12500.0,692,0
M,29,45000.0,662,4
M,27,23000.0,631,2
M,25,20000.0,688,0
M,30,40000.0,686,0
M,34,18600.0,672,1
M,31,16500.0,674,0
M,58,18000.0,676,0
M,26,25000.0,674,0
M,53,19000.0,635,5
F,47,34000.0,692,0
F,28,20000.0,691,0
M,36,45000.0,716,0
M,35,12000.0,654,2
M,24,18000.0,679,2
M,46,30000.0,687,0
M,30,25000.0,658,2
M,43,45000.0,679,18
M,28,35000.0,690,0
M,42,25000.0,640,2
M,25,45000.0,679,33
M,49,20000.0,689,6
M,42,30000.0,677,0
M,25,25000.0,620,0
M,45,3.0,670,0
F,44,25000.0,694,0
M,25,30000.0,669,6
M,35,15000.0,692,6
M,34,25000.0,683,0
M,33,29500.0,601,4
M,34,23000.0,683,0
F,30,20000.0,691,0
M,24,20500.0,702,0
M,46,20000.0,718,0
M,31,30000.0,661,0
M,35,31200.0,678,0
M,22,18000.0,660,3
M,33,63790.0,668,1
M,34,25000.0,673,0
M,25,50000.0,688,0
M,39,16459.0,670,0
F,34,12000.0,681,0
M,44,25000.0,673,0
M,36,24000.0,699,11
F,30,6000.0,684,0
M,26,15000.0,638,2
M,28,40000.0,687,0
M,22,35000.0,668,1
M,34,24000.0,657,5
M,36,38000.0,597,0
M,38,30000.0,686,0
M,40,20000.0,696,0
F,33,15000.0,681,0
M,26,19700.0,673,0
F,46,20000.0,756,0
F,42,17000.0,687,0
F,45,55000.0,712,0
M,45,25000.0,665,3
M,54,23000.0,674,0
M,42,55000.0,679,0
F,38,23000.0,662,1
M,24,25000.0,672,0
M,32,15000.0,670,0
F,30,20000.0,667,1
M,27,10000.0,675,1
M,26,18000.0,687,0
M,61,50000.0,671,0
M,24,20000.0,673,1
M,26,17500.0,671,0
M,33,22000.0,695,0
M,30,25000.0,666,0
M,43,23500.0,685,0
F,37,20000.0,660,8
M,31,32000.0,680,1
M,32,15000.0,660,1
M,44,18000.0,740,0
M,46,14000.0,678,5
M,53,18000.0,682,7
M,37,35000.0,688,0
M,24,9000.0,679,0
M,53,20000.0,683,0
M,55,82300.0,695,8
M,44,5000.0,705,0
M,33,38000.0,706,0
M,37,25000.0,695,1
M,26,90000.0,624,0
M,21,18000.0,645,0
M,30,50000.0,677,2
M,21,26500.0,641,0
M,45,26000.0,679,0
M,46,41000.0,707,1
M,39,20000.0,693,0
F,41,14000.0,668,0
M,24,33000.0,652,2
M,48,28600.0,687,0
M,28,13500.0,678,0
M,25,19000.0,692,0
M,29,25000.0,685,0
M,40,18000.0,681,0
M,33,8500.0,684,0
M,42,45000.0,685,0
M,29,16500.0,658,3
M,26,34000.0,660,0
M,24,23600.0,681,0
M,23,16000.0,682,0
M,35,12800.0,692,0
M,21,15000.0,692,0
F,23,20000.0,678,0
M,29,20000.0,663,1
M,34,14000.0,665,0
M,37,45000.0,660,0
M,28,23000.0,655,2
M,38,12000.0,650,0
F,31,25000.0,703,0
M,36,35000.0,690,0
F,43,34000.0,706,7
M,24,15000.0,671,0
M,30,16000.0,673,0
M,52,21000.0,691,19
M,38,20000.0,685,1
M,23,24000.0,656,0
M,24,20000.0,650,0
F,37,60000.0,665,5
M,43,35000.0,711,2
M,44,25000.0,689,0
M,40,32000.0,677,16
M,25,33500.0,672,4
M,22,15000.0,686,0
M,47,30000.0,688,0
M,34,20000.0,694,0
M,34,22500.0,676,0
M,22,20000.0,697,0
M,24,18000.0,681,0
M,29,12000.0,681,1
M,22,15500.0,658,0
M,23,30000.0,600,0
M,31,20000.0,673,0
F,40,25000.0,697,0
M,28,23000.0,644,0
M,30,18500.0,683,0
M,30,38000.0,679,0
M,32,15000.0,696,0
M,36,30000.0,670,6
M,30,30000.0,686,0
M,43,38000.0,689,0
F,30,20000.0,722,0
M,36,15000.0,685,3
M,30,22000.0,663,0
F,53,35000.0,683,0
M,34,30000.0,680,4
F,31,11000.0,657,1
M,32,32000.0,680,8
M,40,10000.0,657,0
M,48,25000.0,695,0
M,40,45000.0,679,18
M,21,18000.0,658,0
M,49,14000.0,724,39
M,35,23500.0,655,3
M,48,28000.0,729,0
M,25,21000.0,656,0
M,39,62000.0,693,2
M,24,12000.0,676,0
M,32,25000.0,614,5
M,26,18000.0,664,0
M,30,24000.0,687,2
M,42,45000.0,675,10
M,34,23000.0,686,5
M,26,25000.0,683,0
M,27,40000.0,688,0
M,59,18000.0,677,0
M,25,18000.0,653,0
M,27,14500.0,696,0
M,36,23500.0,666,0
M,29,20000.0,637,0
M,28,25000.0,695,0
M,27,29000.0,690,0
M,43,16500.0,727,0
M,23,13000.0,655,1
M,30,30000.0,693,0
M,51,40000.0,677,0
M,34,35000.0,654,5
M,26,28500.0,656,0
M,23,70000.0,656,0
M,41,12000.0,678,0
M,29,30000.0,713,0
M,31,15000.0,654,0
M,63,29000.0,660,0
M,35,38500.0,668,0
F,47,20000.0,677,29
M,33,35000.0,648,0
M,25,21000.0,677,0
M,41,40000.0,720,0
M,24,23000.0,673,0
M,36,25000.0,673,3
M,35,28000.0,680,0
M,25,20000.0,688,0
M,46,25000.0,683,0
M,24,21500.0,657,0
M,33,30000.0,695,0
M,30,25000.0,673,0
M,27,48000.0,693,1
M,38,40000.0,710,3
M,55,25000.0,687,0
M,30,22000.0,662,0
M,28,12000.0,694,0
M,29,30000.0,670,0
M,24,24500.0,624,9
M,46,15000.0,652,0
F,48,22000.0,679,0
M,35,21500.0,686,21
M,23,22500.0,694,0
M,25,25000.0,668,2
M,40,30000.0,711,1
M,28,35000.0,656,0
M,31,13000.0,674,0
M,34,30000.0,688,9
M,37,23000.0,711,0
M,47,20000.0,698,20
M,21,30000.0,677,8
M,22,28000.0,668,0
M,26,17500.0,646,0
M,32,28000.0,693,0
M,50,20000.0,685,0
M,24,47000.0,663,8
M,32,18000.0,680,0
F,26,18500.0,707,0
M,27,23000.0,692,0
M,39,60000.0,677,0
M,40,20000.0,680,2
M,36,20000.0,691,4
M,33,25000.0,675,0
F,33,12500.0,695,0
M,29,22000.0,652,9
M,40,20000.0,689,2
M,31,16000.0,650,1
M,26,30000.0,655,0
M,30,34000.0,682,0
M,45,38000.0,732,1
M,35,28000.0,672,0
M,47,47000.0,651,0
F,26,25000.0,656,1
F,27,22000.0,685,0
M,22,22000.0,626,0
M,23,12000.0,697,0
M,26,21500.0,698,0
M,31,10000.0,678,0
M,27,19500.0,694,4
M,32,25000.0,710,18
F,31,12000.0,681,0
M,30,18000.0,701,0
M,38,15000.0,686,0
M,44,26000.0,675,0
M,25,30000.0,681,1
M,47,23000.0,623,14
M,31,12000.0,689,0
M,50,41000.0,702,0
M,21,13000.0,662,1
M,46,28000.0,722,2
M,37,25000.0,693,0
M,40,12000.0,695,1
M,31,11000.0,694,0
M,59,55000.0,702,0
M,47,18500.0,709,0
M,27,15000.0,673,0
M,29,29000.0,700,0
M,33,13000.0,673,3
F,34,30000.0,656,4
M,22,20000.0,668,0
M,25,15000.0,688,0
M,33,22000.0,637,4
M,34,28000.0,654,2
F,36,18000.0,692,0
M,24,35000.0,678,0
M,51,25000.0,669,15
F,46,47000.0,706,0
M,31,24500.0,665,1
M,30,20000.0,686,0
M,32,33000.0,664,0
M,25,10000.0,664,0
M,40,16000.0,669,0
M,25,30000.0,667,1
M,59,15000.0,678,10
M,32,26000.0,650,12
M,32,28000.0,668,0
M,49,58845.0,680,0
M,29,35000.0,661,11
M,45,13000.0,673,1
M,41,25000.0,674,0
M,31,22500.0,676,0
M,45,20000.0,675,0
F,25,28000.0,646,1
M,25,3500.0,644,0
F,23,10000.0,663,0
F,47,20000.0,717,0
M,27,29000.0,659,0
M,27,11032.0,674,0
M,29,40000.0,691,0
M,28,37000.0,691,0
M,21,16000.0,692,0
F,35,26000.0,678,0
M,32,40000.0,670,0
M,28,18000.0,692,0
M,39,12000.0,731,0
F,52,25000.0,720,0
M,44,28000.0,638,1
F,40,27000.0,683,0
M,47,35000.0,712,5
M,44,23000.0,703,0
M,49,14000.0,736,0
M,46,40000.0,698,0
M,33,20000.0,679,0
M,43,18000.0,690,0
M,34,20000.0,676,0
M,25,20000.0,636,1
M,28,20000.0,662,0
M,34,25000.0,698,0
M,39,26000.0,704,0
F,41,60000.0,690,0
M,45,40000.0,682,1
M,38,24000.0,656,0
M,33,21000.0,667,1
M,46,21000.0,694,0
M,45,20000.0,650,3
M,35,16000.0,695,14
M,36,13000.0,691,2
F,33,50000.0,698,0
M,31,20000.0,705,24
M,37,25000.0,655,0
M,42,14000.0,693,0
M,22,30000.0,679,0
M,22,19000.0,678,0
M,29,18000.0,695,0
M,23,27500.0,681,0
M,22,23000.0,669,0
M,27,14500.0,683,0
M,22,20000.0,690,0
M,22,10000.0,694,0
M,26,15000.0,663,0
M,40,25000.0,669,0
M,41,35000.0,680,0
M,34,16000.0,689,0
M,27,21000.0,673,0
M,31,35000.0,705,0
M,23,35000.0,682,0
M,24,25000.0,693,0
M,24,42700.0,680,0
M,26,40000.0,667,0
M,37,30000.0,682,0
M,47,18500.0,686,0
M,21,16000.0,622,0
F,33,10000.0,701,0
M,23,20000.0,681,0
M,29,15000.0,675,11
M,33,10000.0,701,11
M,38,18000.0,684,0
M,37,20000.0,704,0
M,28,45000.0,696,0
M,22,18000.0,673,0
M,24,25000.0,696,0
M,26,15000.0,674,9
F,46,35000.0,692,0
M,47,25000.0,688,0
M,34,25000.0,677,13
M,58,64000.0,749,0
M,30,21500.0,654,2
M,31,20000.0,690,7
M,29,15000.0,677,0
M,40,40000.0,689,1
M,35,15000.0,705,0
M,56,14000.0,680,0
M,25,22000.0,666,0
M,31,25000.0,696,0
M,37,20000.0,718,0
M,36,24500.0,706,1
M,40,18000.0,686,1
M,31,22500.0,678,0
M,47,18500.0,666,1
M,31,25000.0,669,0
F,57,30000.0,674,0
M,41,14000.0,726,0
M,27,20000.0,660,1
F,44,23500.0,701,0
M,41,10200.0,698,0
M,28,22000.0,678,0
M,53,18000.0,695,6
M,26,32500.0,680,0
M,30,15000.0,686,0
M,41,26000.0,653,18
M,36,16000.0,689,0
M,42,47000.0,680,0
M,26,15500.0,687,0
F,31,15000.0,704,0
M,29,20000.0,685,0
M,25,11000.0,684,0
M,27,22000.0,651,0
M,26,15381.0,679,0
M,35,25000.0,697,0
M,40,45800.0,676,0
M,52,39999.0,661,16
M,55,27000.0,735,0
M,39,25000.0,678,0
M,33,35000.0,684,0
M,41,33000.0,702,0
M,27,20000.0,679,0
F,30,42000.0,701,0
M,24,20000.0,684,0
M,30,22500.0,690,0
M,34,20000.0,699,5
M,30,20000.0,682,16
M,46,32000.0,691,0
M,49,40000.0,676,0
M,27,18000.0,669,0
M,40,15000.0,701,0
M,49,22000.0,682,0
M,33,25000.0,652,0
M,47,16000.0,716,0
M,50,13500.0,659,0
M,26,45000.0,686,0
M,27,8.0,680,0
M,49,25000.0,650,1
M,28,56000.0,689,0
M,28,17000.0,667,6
M,21,20000.0,682,0
M,49,25000.0,657,5
M,36,19100.0,683,0
M,39,20000.0,688,0
M,41,40000.0,712,19
M,34,31500.0,681,0
M,28,23000.0,672,0
M,29,25000.0,674,0
M,24,40000.0,679,19
M,36,35000.0,673,1
M,24,30000.0,642,0
M,42,33000.0,666,1
M,30,40000.0,692,0
F,53,25000.0,674,0
M,41,70000.0,713,0
F,45,16500.0,678,0
F,29,21000.0,691,0
M,35,40000.0,658,4
M,34,70000.0,644,0
M,30,37000.0,673,0
M,37,18900.0,692,2
M,21,30000.0,665,0
M,28,25000.0,668,1
M,36,25000.0,671,2
M,26,18000.0,684,0
M,22,12000.0,686,0
M,27,50000.0,674,0
M,25,45000.0,670,0
M,31,17000.0,676,7
M,30,20000.0,684,0
M,42,35000.0,655,6
M,21,28000.0,690,0
M,26,13000.0,677,4
F,38,50000.0,684,1
M,34,16000.0,710,0
M,25,55000.0,679,0
M,35,25000.0,689,0
F,59,15000.0,691,0
M,49,30000.0,682,0
F,24,38000.0,654,0
F,35,19000.0,670,0
M,30,20000.0,684,0
M,28,14000.0,639,11
M,31,15000.0,688,0
M,34,25000.0,652,1
M,37,21000.0,686,0
M,30,28000.0,657,2
F,35,40000.0,689,0
M,45,25000.0,717,6
M,24,12500.0,672,0
M,36,28000.0,689,0
M,34,35000.0,661,0
M,21,18000.0,684,0
M,27,27000.0,650,0
M,32,12000.0,698,0
M,35,5500.0,696,3
M,32,25000.0,645,2
M,35,14500.0,710,0
M,43,20000.0,670,10
M,35,30000.0,654,0
M,28,37000.0,659,10
M,29,23000.0,668,0
F,33,12500.0,680,0
M,42,35000.0,696,7
M,46,22000.0,684,0
M,23,18000.0,649,0
M,25,30000.0,659,0
F,25,13000.0,662,1
M,29,43000.0,698,0
M,38,15000.0,724,1
F,39,12000.0,707,0
M,32,19000.0,669,0
M,28,28000.0,664,3
F,46,10000.0,727,0
M,31,14000.0,682,0
M,40,40000.0,677,0
M,26,15000.0,686,1
M,25,25000.0,659,5
M,35,12000.0,709,0
M,28,15000.0,658,4
F,31,25000.0,686,0
M,55,25000.0,712,4
M,30,40000.0,674,15
M,34,24000.0,708,0
M,36,16000.0,697,22
M,39,16000.0,679,3
M,37,20000.0,683,0
M,37,13000.0,685,4
M,50,15000.0,680,0
F,35,18000.0,671,0
M,32,16000.0,678,0
M,58,15000.0,666,0
M,52,30000.0,664,0
F,38,25000.0,666,0
M,49,52000.0,687,0
M,39,55000.0,688,0
F,44,19000.0,671,1
F,27,25000.0,691,0
M,35,16800.0,703,0
M,23,20000.0,673,0
M,42,25000.0,660,2
M,33,26500.0,652,0
M,27,25000.0,713,0
M,23,12000.0,688,0
M,28,12000.0,677,0
F,55,28000.0,694,0
M,40,1200.0,681,0
F,24,12000.0,668,1
M,28,24000.0,685,0
M,52,16500.0,686,2
M,28,18500.0,678,1
M,23,13000.0,671,0
M,27,40000.0,688,0
M,23,18000.0,663,0
M,45,13357.0,667,0
M,53,20000.0,673,0
M,28,17000.0,695,0
M,29,18000.0,682,0
M,27,19500.0,674,0
M,53,25000.0,724,10
F,29,14200.0,661,6
M,44,25000.0,685,0
M,32,63500.0,694,0
M,22,35000.0,675,0
M,40,18000.0,677,0
M,48,23000.0,696,0
M,35,18000.0,681,0
M,33,22000.0,669,14
M,26,17000.0,642,2
M,35,48000.0,660,1
M,42,18000.0,684,0
M,37,32500.0,694,0
M,36,30000.0,690,0
M,23,18000.0,672,0
M,30,25000.0,679,0
M,28,25000.0,677,0
M,24,19500.0,670,0
M,32,25000.0,710,0
M,38,18000.0,684,0
M,37,40000.0,681,0
M,27,25000.0,683,0
F,30,25000.0,662,0
M,39,20000.0,690,0
M,40,15000.0,682,0
M,56,43000.0,679,14
F,34,36000.0,682,0
M,42,18000.0,689,0
F,40,16000.0,691,0
M,28,18000.0,675,1
M,47,30000.0,689,0
M,42,50000.0,707,0
M,25,18250.0,699,0
M,29,29000.0,697,0
M,51,28700.0,704,1
M,25,12000.0,673,0
M,36,12000.0,695,0
M,27,28000.0,664,0
M,25,25000.0,648,0
M,45,35000.0,683,0
M,34,32000.0,691,0
M,28,19000.0,676,0
M,25,15200.0,674,0
M,28,30000.0,663,6
M,24,16500.0,676,0
M,45,43000.0,743,3
M,31,31500.0,693,0
M,33,80000.0,676,0
M,33,12500.0,659,0
M,28,20000.0,674,0
M,32,20000.0,676,0
M,43,18000.0,699,0
M,32,16000.0,776,0
M,27,40000.0,709,0
M,34,34000.0,679,1
M,24,43500.0,679,0
M,29,17000.0,682,0
M,35,30000.0,685,1
M,33,12000.0,689,0
M,27,18000.0,698,0
M,33,20000.0,673,0
M,26,15000.0,681,0
M,24,11000.0,681,1
M,24,12000.0,670,0
M,32,30000.0,690,0
M,39,16000.0,691,0
M,36,50000.0,685,0
M,30,26000.0,701,0
M,46,14000.0,679,0
M,41,20000.0,674,0
F,34,20000.0,676,0
M,42,35000.0,665,9
M,28,32500.0,713,0
M,35,25000.0,666,2
M,28,10000.0,666,0
F,24,12350.0,689,0
M,45,10000.0,689,0
M,26,32000.0,675,0
M,53,20000.0,675,0
M,26,15000.0,700,0
M,37,22000.0,679,4
M,40,18000.0,672,0
M,26,25000.0,665,5
M,39,21000.0,703,0
M,30,38500.0,667,0
M,45,32500.0,745,0
M,32,25000.0,682,0
M,25,25000.0,710,0
M,24,25000.0,678,0
M,41,23000.0,662,1
M,23,35000.0,652,0
M,30,100000.0,713,3
M,26,22000.0,700,0
M,22,16500.0,676,0
M,24,40000.0,647,0
M,49,40000.0,708,0
M,22,8000.0,701,0
M,49,35000.0,700,0
M,27,10000.0,685,0
F,32,10000.0,690,0
M,25,11000.0,687,0
M,25,18000.0,673,0
M,29,35000.0,666,0
M,28,28000.0,676,15
M,32,20000.0,686,0
M,25,22300.0,688,0
M,53,45000.0,709,1
M,47,35000.0,699,0
M,57,85000.0,666,3
M,40,20000.0,666,0
M,52,36000.0,713,0
M,37,30000.0,691,0
M,38,25000.0,654,0
M,29,28000.0,674,0
M,32,12500.0,671,1
M,30,35000.0,669,0
M,21,15000.0,687,0
M,23,16000.0,665,0
M,32,28000.0,682,0
M,30,20000.0,659,4
F,27,11000.0,709,0
M,34,60000.0,683,0
F,42,45000.0,658,0
M,41,42000.0,748,3
M,27,18000.0,650,18
M,51,29000.0,672,0
M,52,25000.0,675,0
M,35,8800.0,686,0
M,29,60000.0,674,0
M,40,35000.0,689,0
M,38,20500.0,664,0
M,41,45000.0,698,0
M,29,22000.0,687,0
M,58,17000.0,692,1
M,31,25000.0,658,0
M,40,30000.0,683,9
M,33,20000.0,689,1
M,24,30000.0,678,11
M,49,30000.0,672,0
M,34,25000.0,668,0
M,21,12748.0,670,0
F,28,45000.0,658,0
M,44,28000.0,676,0
M,36,25000.0,690,0
M,26,17000.0,677,1
M,36,12000.0,622,0
M,46,10000.0,664,0
M,48,20000.0,686,23
M,36,17000.0,650,2
F,49,30000.0,697,0
F,36,12000.0,694,0
F,60,15000.0,666,0
M,22,15000.0,665,0
F,32,75000.0,636,2
M,23,16000.0,633,0
M,24,25000.0,674,5
M,22,12000.0,697,0
M,38,17500.0,671,1
M,27,30000.0,685,2
M,38,25000.0,660,2
M,29,45000.0,677,19
M,31,12000.0,708,1
M,25,13500.0,677,0
M,29,17500.0,669,0
M,36,50000.0,674,2
M,41,26000.0,671,4
M,36,15000.0,663,0
M,38,20000.0,707,1
M,24,18000.0,677,2
M,32,18000.0,679,0
F,39,30000.0,736,0
M,34,30000.0,674,0
M,27,17000.0,635,1
M,32,15000.0,686,9
M,48,15000.0,689,0
M,32,25000.0,645,0
M,45,20000.0,670,0
M,29,30000.0,644,1
F,42,25000.0,696,0
F,30,26500.0,675,1
M,21,13000.0,687,0
M,22,21000.0,668,1
M,36,18600.0,661,2
M,30,25000.0,642,0
F,21,36000.0,673,0
M,28,19540.0,706,1
M,34,22000.0,648,1
M,25,22000.0,675,0
M,28,23000.0,675,0
M,34,13000.0,626,1
M,33,31000.0,683,3
M,63,18500.0,700,0
M,34,40000.0,665,0
M,31,12500.0,683,0
M,47,35000.0,651,6
F,38,26000.0,702,0
F,38,12000.0,690,0
M,30,25000.0,673,0
M,33,25000.0,670,0
F,28,18000.0,670,0
M,33,50000.0,687,0
F,39,15000.0,669,0
M,26,13000.0,685,0
M,31,54000.0,671,2
M,34,20000.0,706,0
M,24,18500.0,679,0
M,28,25000.0,666,1
M,25,31000.0,686,0
M,34,65000.0,671,9
M,33,30000.0,690,0
M,28,45000.0,658,0
M,28,20000.0,672,0
M,40,37000.0,695,0
M,50,30000.0,713,0
M,29,41000.0,674,0
M,36,23890.0,698,0
M,44,35000.0,689,7
M,26,18000.0,668,1
M,29,22300.0,690,1
M,37,18000.0,695,0
M,29,40000.0,671,0
M,33,32000.0,681,10
F,32,18000.0,675,1
M,26,16500.0,705,6
F,38,15000.0,682,0
M,32,25000.0,698,0
M,23,16000.0,655,1
F,38,18000.0,671,0
M,40,25000.0,689,0
M,42,35000.0,679,0
M,46,25000.0,691,0
M,23,25000.0,683,0
M,34,70000.0,650,0
M,28,19800.0,682,0
M,41,45000.0,707,0
M,22,30000.0,673,0
M,29,20000.0,623,0
F,37,19000.0,669,7
M,23,18000.0,675,6
M,23,20000.0,668,0
M,26,13000.0,667,0
M,57,40000.0,682,0
M,40,37000.0,674,0
M,39,12000.0,647,1
F,32,24000.0,688,0
F,24,13000.0,670,2
M,41,33000.0,709,18
M,44,42000.0,664,0
M,26,15000.0,681,0
M,36,17000.0,683,0
M,24,15000.0,669,5
M,35,15000.0,683,0
M,45,32500.0,714,10
M,25,25000.0,690,0
M,30,33000.0,675,1
M,58,16000.0,682,0
M,26,27000.0,682,0
M,25,14000.0,709,0
M,33,24000.0,669,0
M,30,42000.0,665,0
M,45,17100.0,675,0
F,35,30000.0,681,0
M,26,14000.0,669,1
M,21,18000.0,647,0
M,26,80000.0,674,0
M,25,20000.0,643,0
F,48,40000.0,673,0
M,32,12000.0,679,0
M,55,24000.0,697,1
M,50,54000.0,670,0
M,22,10000.0,681,0
M,31,40000.0,687,0
M,39,30000.0,691,2
M,43,20000.0,687,0
M,32,18000.0,686,0
M,45,30000.0,682,0
M,36,50000.0,686,0
M,38,24000.0,692,0
M,44,35000.0,695,0
M,32,25000.0,677,10
M,41,20000.0,679,0
M,23,12000.0,683,0
M,21,11000.0,629,0
M,30,35000.0,674,3
M,23,32500.0,679,0
M,28,22000.0,659,1
F,53,30000.0,652,0
M,21,30000.0,696,0
M,34,50000.0,669,1
M,58,40000.0,698,0
M,24,22000.0,690,0
M,32,22000.0,667,9
F,40,29000.0,681,0
M,29,20000.0,700,0
M,37,18200.0,684,0
M,54,10000.0,700,0
M,29,35000.0,676,0
M,41,25000.0,686,0
M,40,24000.0,772,2
M,34,50000.0,688,5
F,37,15000.0,676,0
M,29,40000.0,684,0
M,29,30000.0,706,0
M,33,18000.0,694,0
M,50,16000.0,655,2
M,38,20000.0,661,2
M,42,22000.0,679,0
M,43,30000.0,690,1
M,34,60000.0,686,1
M,28,15000.0,677,0
M,53,25000.0,685,0
M,21,15000.0,681,0
M,32,23568.0,673,4
M,31,40000.0,672,0
M,21,30000.0,677,0
M,25,34500.0,658,0
F,48,12000.0,708,0
M,41,23900.0,677,0
M,37,25000.0,685,0
M,41,16000.0,712,0
M,39,35000.0,665,1
M,60,25000.0,717,0
M,21,48000.0,682,0
F,39,12000.0,680,0
M,24,29000.0,674,3
M,44,16500.0,688,14
M,32,22000.0,692,0
M,39,20000.0,733,8
M,30,22000.0,673,0
M,36,21500.0,658,2
M,27,40000.0,671,10
M,51,30000.0,689,0
F,34,15000.0,659,0
M,25,35000.0,685,0
M,38,31000.0,679,0
M,32,70000.0,595,1
M,45,40000.0,733,0
M,36,20000.0,670,0
M,28,30000.0,682,6
M,44,45000.0,669,6
M,23,18000.0,650,0
M,39,40000.0,677,0
M,22,15500.0,670,2
F,26,28000.0,688,0
F,44,11000.0,690,4
M,24,18000.0,672,0
M,32,35000.0,639,0
F,23,20800.0,675,0
M,25,19000.0,689,0
M,27,15000.0,664,1
M,50,43200.0,677,0
M,24,25000.0,664,0
M,31,35000.0,649,0
M,31,28000.0,688,4
M,33,40000.0,681,0
M,23,17588.0,685,0
M,32,25000.0,697,8
M,30,18000.0,687,0
M,60,85000.0,709,0
M,28,20000.0,659,7
M,23,25000.0,667,0
M,21,19000.0,670,0
F,37,25500.0,662,12
M,33,35000.0,661,12
M,23,13500.0,672,0
M,29,30000.0,677,0
M,26,17000.0,686,0
M,34,45000.0,642,0
M,43,25000.0,683,0
M,28,15000.0,678,0
M,29,10000.0,676,0
M,50,20000.0,685,0
F,48,40000.0,689,0
M,31,18563.0,616,2
M,25,18000.0,677,0
M,41,25000.0,715,0
F,30,40000.0,686,0
M,56,20000.0,688,0
M,34,23040.0,691,0
M,24,20000.0,657,0
M,23,20000.0,657,0
M,35,19000.0,702,0
M,31,32000.0,589,0
F,21,23000.0,704,0
M,34,180000.0,687,0
M,39,28000.0,695,17
M,45,30000.0,692,0
M,26,10.0,671,0
M,25,10.0,661,1
M,24,25000.0,677,5
M,29,16000.0,673,0
M,37,20000.0,674,0
M,26,16880.0,667,0
M,32,21000.0,680,3
M,39,18500.0,677,0
M,32,28000.0,668,18
M,42,24000.0,721,0
M,24,18000.0,678,0
M,30,30000.0,681,7
M,45,35000.0,715,0
M,23,33000.0,656,0
M,38,27000.0,668,0
M,37,25000.0,711,0
M,28,21000.0,687,0
M,34,20000.0,684,0
M,27,30000.0,690,0
M,44,16000.0,694,1
M,24,21000.0,697,0
M,31,22000.0,694,1
M,43,7000.0,689,0
M,26,35000.0,678,0
M,38,70000.0,674,4
M,21,30000.0,659,0
M,26,16000.0,681,0
M,46,22000.0,682,0
M,55,25000.0,686,0
M,31,40000.0,674,0
F,51,45000.0,701,8
M,48,48000.0,707,0
M,25,30000.0,654,10
F,25,12000.0,684,0
M,36,20000.0,680,0
M,44,20000.0,661,0
M,46,30000.0,698,0
M,33,30000.0,635,58
M,33,24000.0,698,0
M,54,60000.0,711,0
M,42,80000.0,676,0
M,34,16000.0,671,0
M,51,18000.0,708,2
M,24,35000.0,683,0
M,35,15000.0,692,0
M,34,27500.0,670,0
M,28,52000.0,663,3
M,32,40000.0,682,2
M,25,25000.0,654,3
M,34,11000.0,703,0
M,25,35000.0,643,0
M,43,12000.0,688,0
M,28,37999.0,663,9
M,38,45000.0,676,0
F,46,22000.0,677,1
M,30,25000.0,669,7
M,37,10000.0,693,0
M,34,25000.0,682,0
M,47,21000.0,684,8
M,48,40000.0,722,16
M,32,50000.0,696,0
M,22,21000.0,681,0
F,40,35000.0,637,0
M,50,45000.0,691,0
M,39,15000.0,705,0
M,22,13000.0,670,0
M,47,48000.0,687,0
M,34,35000.0,710,6
M,44,35000.0,679,0
M,25,30000.0,674,0
M,28,25000.0,676,3
M,31,23000.0,704,0
M,39,16000.0,685,3
M,48,21500.0,666,3
M,31,35000.0,690,0
M,37,20000.0,707,0
M,33,22000.0,679,0
M,31,20000.0,685,0
F,39,11500.0,675,1
M,25,25000.0,660,0
M,46,39000.0,709,2
M,56,50000.0,692,0
M,27,20000.0,677,0
M,34,30000.0,674,5
M,34,20000.0,680,0
M,37,25000.0,680,0
M,36,23500.0,695,0
M,47,25000.0,713,0
M,26,20000.0,676,1
M,21,17500.0,679,0
M,34,22000.0,659,2
M,33,18000.0,687,0
F,50,17000.0,686,0
M,29,65000.0,675,0
M,30,12000.0,690,0
M,30,60000.0,676,0
M,36,50000.0,661,13
M,38,27000.0,671,0
M,27,35000.0,663,11
M,30,22500.0,671,0
M,30,21000.0,727,0
M,26,14000.0,701,0
F,22,20000.0,694,0
M,26,20000.0,691,0
M,51,25000.0,732,0
F,29,18000.0,671,0
F,42,20000.0,674,0
M,36,25000.0,681,0
M,36,35000.0,671,0
M,33,17000.0,692,1
M,59,18000.0,679,0
M,26,28000.0,679,0
M,50,16000.0,674,0
M,32,26500.0,652,4
M,55,15000.0,720,4
M,35,65000.0,680,0
M,44,35000.0,687,0
F,31,12435.0,668,6
M,33,73000.0,694,0
M,50,20000.0,688,1
M,54,36500.0,686,0
M,33,20000.0,683,7
M,41,14500.0,711,0
M,44,3000.0,629,3
M,44,30000.0,702,0
M,30,45000.0,647,1
M,38,15000.0,673,0
M,37,17000.0,700,0
M,50,28200.0,674,0
M,34,25000.0,686,0
M,23,25000.0,654,0
M,47,30000.0,649,2
M,45,22716.0,705,0
M,29,23000.0,701,0
M,36,25000.0,660,0
M,36,35000.0,686,0
F,30,18000.0,694,0
M,38,13000.0,659,0
M,23,75000.0,675,0
M,25,8500.0,675,0
M,49,10000.0,697,0
M,28,23000.0,682,0
M,21,12500.0,690,0
M,24,17000.0,671,9
M,31,25000.0,710,0
F,39,15000.0,689,0
M,41,73000.0,696,0
M,33,14500.0,714,0
M,23,25000.0,683,0
M,27,18000.0,680,1
M,59,40000.0,707,0
M,39,37500.0,707,0
M,26,38500.0,635,1
M,45,30000.0,727,0
F,33,30000.0,692,0
F,23,18000.0,670,0
F,40,26000.0,707,0
M,23,13000.0,689,0
M,29,19500.0,739,0
M,22,48754.0,670,0
M,27,35000.0,671,2
M,21,50000.0,678,0
M,40,14000.0,664,0
M,34,30000.0,678,2
M,35,12000.0,662,0
M,51,50000.0,681,0
M,45,25000.0,722,2
M,37,12000.0,678,0
M,25,35000.0,675,0
M,28,18000.0,698,0
M,44,46000.0,695,8
M,39,15000.0,712,0
M,25,24000.0,674,0
M,35,21000.0,670,6
M,23,20000.0,675,0
M,59,49000.0,698,0
M,27,2500.0,687,0
M,31,30000.0,669,0
F,23,10000.0,679,0
M,40,13000.0,656,5
F,24,31000.0,666,0
M,29,15000.0,673,1
F,40,8000.0,668,0
M,33,12000.0,676,0
M,36,80000.0,692,0
F,29,15000.0,676,0
M,45,26008.0,699,2
M,30,25000.0,675,2
M,55,20000.0,684,0
M,25,18000.0,668,0
F,44,7000.0,651,1
M,22,18000.0,663,0
M,22,15000.0,689,0
M,32,24000.0,679,0
M,39,27000.0,720,0
M,54,25000.0,715,0
M,33,15000.0,689,0
M,46,30000.0,633,0
M,43,25000.0,723,0
F,41,45000.0,690,3
M,36,25000.0,696,0
M,26,11000.0,684,0
M,40,16000.0,687,0
M,22,19000.0,664,2
M,50,33000.0,716,0
M,33,33000.0,679,0
M,30,30000.0,674,0
M,28,16000.0,666,0
F,35,14000.0,671,0
M,51,43500.0,739,0
M,29,39000.0,666,0
M,26,15000.0,697,4
M,34,30000.0,650,2
M,29,24000.0,682,0
M,25,12500.0,687,0
M,26,35000.0,677,0
F,44,17000.0,713,0
M,29,18000.0,668,0
M,30,18000.0,690,1
M,33,15000.0,667,4
M,43,19000.0,696,0
M,52,25000.0,664,0
F,27,15000.0,667,1
M,29,25000.0,626,1
M,30,30000.0,680,2
M,38,18000.0,704,0
M,51,28000.0,688,0
M,40,18000.0,719,0
M,35,40000.0,700,0
M,36,25000.0,682,0
M,34,26000.0,686,0
M,33,40000.0,689,0
M,28,20000.0,656,1
M,28,35000.0,672,0
M,27,35000.0,674,0
M,27,30000.0,686,0
M,54,30000.0,695,0
M,27,19000.0,678,0
M,31,35000.0,687,6
M,39,23000.0,651,2
M,29,25000.0,679,0
M,24,35000.0,652,1
M,42,15000.0,643,0
M,50,55000.0,678,2
M,30,12.0,657,0
M,30,33000.0,666,9
F,43,40000.0,675,0
M,39,10000.0,699,0
M,29,25000.0,677,0
M,59,20000.0,688,0
M,33,31739.0,672,0
M,33,8000.0,676,0
M,50,42000.0,710,0
M,26,28000.0,696,0
F,31,200000.0,654,0
M,29,15000.0,688,1
M,35,40000.0,691,1
F,31,18000.0,679,0
M,21,15000.0,674,0
M,45,23000.0,684,0
M,26,41000.0,660,0
M,30,24000.0,680,0
M,54,50000.0,708,3
M,22,18000.0,677,0
M,27,12500.0,688,4
M,28,12000.0,691,0
M,27,40000.0,681,0
M,22,13000.0,685,0
M,43,35000.0,723,0
M,38,30000.0,671,2
M,41,20000.0,687,0
M,38,30000.0,698,0
M,35,15000.0,675,0
M,46,30000.0,657,5
M,25,21000.0,678,0
M,38,54000.0,692,0
M,28,18000.0,649,0
M,23,28000.0,659,1
M,56,35000.0,676,0
M,55,11000.0,677,0
M,23,72500.0,644,5
M,27,22000.0,661,7
M,25,2500000.0,672,12
M,57,55000.0,698,0
M,23,30000.0,675,0
M,28,18000.0,686,0
M,27,50000.0,642,0
M,31,20000.0,672,0
F,35,15000.0,674,12
M,25,39800.0,677,0
M,41,40000.0,671,0
M,37,15000.0,684,0
M,22,25000.0,671,21
M,35,14000.0,673,0
M,54,20000.0,687,0
M,35,28000.0,706,0
M,48,28000.0,662,5
M,33,25000.0,701,0
M,38,18000.0,683,0
F,34,10000.0,684,0
M,32,35000.0,668,0
M,24,10500.0,667,5
F,36,15000.0,683,4
M,31,24000.0,698,0
F,24,20000.0,696,0
M,48,14000.0,709,0
M,30,23000.0,695,0
M,28,20000.0,677,0
M,22,30000.0,677,0
M,55,19000.0,730,0
M,22,14000.0,686,0
M,36,35000.0,665,0
M,51,20000.0,719,0
M,37,57000.0,673,8
F,34,9000.0,691,1
M,27,40000.0,670,0
M,28,30000.0,692,0
M,43,10000.0,675,3
M,34,20000.0,706,0
F,47,18000.0,663,1
F,33,15000.0,685,0
M,24,37000.0,671,0
M,21,28000.0,675,0
F,34,23000.0,666,0
M,23,15000.0,685,0
M,22,28000.0,662,0
F,34,20000.0,666,0
M,26,25000.0,647,0
M,33,30000.0,659,0
M,30,25000.0,686,0
M,38,18000.0,679,0
M,28,20000.0,690,0
F,21,20000.0,666,0
M,28,18000.0,668,3
M,24,25000.0,678,1
M,44,15000.0,667,0
M,29,25000.0,663,3
M,41,16000.0,661,7
M,23,25000.0,638,0
M,34,28000.0,669,0
M,23,50000.0,666,0
M,28,13800.0,643,0
M,26,15000.0,677,24
M,55,18000.0,689,0
M,35,45000.0,645,3
M,48,11000.0,695,8
M,23,20000.0,677,0
M,21,150000.0,683,0
F,36,19000.0,684,0
M,34,32000.0,697,0
M,39,23000.0,687,0
M,26,18000.0,675,13
M,23,35000.0,672,0
M,24,35000.0,680,1
M,31,14000.0,704,0
M,23,27000.0,688,0
M,36,20000.0,699,0
M,36,22000.0,698,7
F,28,29000.0,638,3
M,28,20000.0,666,0
M,39,25000.0,693,0
M,21,20000.0,662,1
M,22,20000.0,651,3
M,33,20000.0,702,0
F,22,15000.0,680,0
M,40,25000.0,720,0
M,45,25000.0,647,5
M,22,25000.0,673,0
M,32,24000.0,703,0
M,31,19000.0,670,0
M,37,21000.0,680,20
M,26,11000.0,685,0
F,42,31000.0,687,8
M,24,52000.0,714,0
M,42,20000.0,698,0
M,28,15000.0,684,0
M,41,25000.0,693,7
M,51,20000.0,684,16
M,30,50000.0,677,1
M,22,15000.0,676,0
M,49,32000.0,669,1
M,30,15000.0,681,0
M,24,18000.0,679,0
M,25,7000.0,695,0
M,30,30000.0,697,0
M,21,15000.0,694,0
M,34,18000.0,690,0
F,52,29000.0,673,8
M,47,15000.0,646,5
M,30,32000.0,654,0
M,33,18000.0,677,0
M,46,35000.0,697,0
M,32,20000.0,667,3
M,21,35000.0,673,0
M,36,25000.0,708,0
M,33,45000.0,670,15
M,32,35000.0,684,2
F,56,35000.0,710,0
M,43,44000.0,709,0
M,47,18000.0,703,2
F,31,18000.0,685,0
M,37,20000.0,704,3
F,43,12000.0,695,0
M,35,25000.0,692,0
F,23,26000.0,677,0
F,44,10000.0,651,1
F,51,47000.0,751,0
M,47,27000.0,678,0
F,36,20000.0,682,0
M,25,30000.0,677,0
M,28,18000.0,671,0
F,26,25000.0,693,1
M,24,35000.0,697,0
M,31,40000.0,673,1
M,43,42000.0,658,1
M,34,21500.0,700,0
M,51,25000.0,694,13
M,24,17600.0,692,0
F,38,30000.0,713,0
M,47,25000.0,669,3
M,29,20000.0,658,0
M,43,30000.0,676,3
M,58,39311.0,729,1
M,28,43000.0,657,2
M,25,23000.0,666,0
M,25,18000.0,647,5
M,24,38000.0,663,0
M,27,45000.0,662,4
M,44,68000.0,688,0
M,43,32500.0,697,1
M,38,21000.0,671,4
M,23,25000.0,671,6
M,26,35874.0,675,0
M,33,40000.0,686,0
M,29,20000.0,655,0
M,28,27000.0,666,0
M,29,21500.0,665,0
M,31,25000.0,688,0
M,33,17000.0,681,1
M,35,74000.0,649,1
M,37,30000.0,703,0
M,24,20000.0,670,4
M,31,39000.0,656,4
M,35,20000.0,660,1
M,21,30000.0,672,0
M,50,25000.0,717,0
F,27,11789.0,672,0
M,28,15500.0,679,0
M,23,28000.0,666,0
M,41,18500.0,706,0
M,50,40000.0,674,23
M,40,25000.0,658,0
M,32,30000.0,677,0
M,27,20500.0,675,3
F,48,9500.0,680,0
M,37,38000.0,681,0
M,28,13000.0,678,15
M,49,65000.0,679,0
M,53,42000.0,708,0
M,22,16000.0,655,0
M,37,45000.0,702,1
F,36,15000.0,681,0
M,37,25000.0,646,2
M,43,25000.0,665,0
M,41,48000.0,687,0
M,29,150000.0,663,3
M,26,14500.0,677,0
M,26,40000.0,647,3
M,34,25000.0,699,0
M,22,22000.0,665,0
M,45,13337.0,626,20
M,34,22000.0,678,2
M,26,15000.0,669,0
M,22,15600.0,641,1
M,34,35000.0,679,0
M,30,33000.0,665,1
M,30,32000.0,714,0
F,44,18000.0,668,0
M,25,30000.0,672,0
M,35,23600.0,690,0
M,24,13660.0,670,0
M,24,30000.0,675,0
M,43,18000.0,685,0
M,24,28000.0,681,0
M,25,16000.0,692,0
M,30,20000.0,695,0
M,26,18500.0,670,0
M,34,38700.0,685,13
M,33,18500.0,681,0
M,39,25000.0,675,13
M,24,38000.0,679,0
F,22,18000.0,618,0
M,26,20000.0,674,1
F,33,60000.0,656,0
M,41,30000.0,702,7
M,31,200000.0,704,0
M,32,18000.0,670,1
M,49,30000.0,700,0
M,43,45000.0,691,0
M,32,25000.0,684,0
M,25,22000.0,673,0
M,54,40000.0,706,0
M,25,20000.0,679,0
M,24,150000.0,668,0
M,33,40000.0,708,12
M,30,25000.0,694,8
M,21,23000.0,660,0
M,47,18000.0,643,0
F,53,24500.0,675,0
M,32,34000.0,674,0
M,28,25000.0,659,0
M,33,19000.0,682,0
F,32,19000.0,684,0
M,22,18000.0,682,0
M,38,20000.0,675,0
M,32,35000.0,673,0
M,27,25000.0,638,0
M,22,12000.0,675,0
M,28,25000.0,678,2
F,35,18000.0,646,3
M,38,25000.0,707,13
F,36,21000.0,691,0
M,46,18500.0,709,21
M,27,17000.0,670,0
M,52,40000.0,669,1
M,30,8000.0,681,0
M,36,70000.0,671,12
F,33,18000.0,690,0
M,34,30000.0,664,0
M,24,30000.0,674,0
M,35,23000.0,680,0
M,53,25064.0,682,11
M,28,40000.0,659,7
M,23,30000.0,673,0
F,44,24000.0,687,5
M,36,18000.0,671,2
M,27,40000.0,666,11
M,43,20000.0,685,0
M,25,25000.0,669,0
F,46,20000.0,689,0
M,26,32000.0,668,0
M,23,23000.0,691,0
M,38,15000.0,682,0
M,28,35000.0,696,0
M,30,30000.0,630,0
M,25,42000.0,675,0
M,47,10000.0,684,0
M,33,13800.0,674,0
M,26,135000.0,687,0
M,38,20000.0,695,0
M,23,25000.0,689,0
M,25,20000.0,694,0
M,42,15000.0,703,0
M,23,25000.0,670,0
M,56,33000.0,690,0
M,36,23000.0,661,0
M,32,22000.0,681,0
M,33,29000.0,687,0
M,35,15000.0,656,0
M,50,25000.0,674,0
M,26,30000.0,663,9
M,22,20000.0,652,0
M,46,60000.0,723,0
M,33,35000.0,690,17
F,33,30000.0,673,5
M,28,3000.0,682,0
M,25,12500.0,647,3
M,23,30000.0,687,1
F,29,32000.0,680,0
M,45,25000.0,727,0
M,37,25000.0,663,1
M,41,30000.0,696,0
M,35,45000.0,651,0
M,32,34000.0,658,0
M,36,13500.0,674,0
M,25,35000.0,683,0
M,34,18000.0,697,7
M,29,25000.0,665,1
M,28,18000.0,660,0
M,48,28850.0,665,1
M,35,28000.0,670,0
M,37,30000.0,702,0
M,50,26000.0,698,0
M,48,27000.0,650,16
M,35,13000.0,695,0
M,25,17000.0,681,0
M,21,14000.0,671,0
M,27,24300.0,680,1
M,24,17000.0,669,0
F,31,13500.0,674,0
M,21,11000.0,678,0
F,42,20000.0,685,0
M,30,30000.0,657,0
M,46,30000.0,691,0
M,27,28000.0,665,0
M,30,30000.0,691,0
F,48,10000.0,685,0
M,36,25000.0,671,0
M,38,18000.0,659,0
F,21,15000.0,719,0
M,28,33000.0,671,1
M,25,25000.0,685,0
M,37,35000.0,681,1
F,31,22000.0,686,0
M,48,13500.0,686,0
M,32,35000.0,682,14
M,25,18000.0,672,0
M,39,20000.0,681,0
M,30,60000.0,689,0
M,39,28000.0,675,4
F,40,19500.0,686,0
M,32,45000.0,666,0
M,38,30000.0,695,0
M,23,20000.0,683,0
M,28,35000.0,674,3
M,28,18000.0,666,19
M,35,28000.0,658,1
M,28,30000.0,696,0
M,31,23000.0,593,0
M,22,20000.0,647,0
M,24,35000.0,690,0
M,37,30000.0,688,0
M,36,22000.0,684,0
M,22,19122.0,655,6
M,27,19997.0,654,3
F,37,16500.0,677,0
M,31,15000.0,677,0
F,31,15000.0,689,0
M,36,89000.0,699,0
F,44,12500.0,698,1
M,28,25000.0,679,0
M,62,18000.0,686,0
M,49,18000.0,656,0
M,57,70000.0,756,0
M,30,20000.0,680,0
M,32,24000.0,710,0
M,30,20000.0,700,0
M,35,20000.0,687,1
M,43,12000.0,669,0
M,37,20000.0,658,0
M,31,10000.0,681,0
M,33,30000.0,677,0
M,33,47000.0,672,0
M,49,45000.0,706,0
M,28,19000.0,674,6
M,35,29000.0,669,5
F,44,31000.0,683,0
M,28,15000.0,674,0
M,33,26500.0,684,0
M,30,65000.0,676,0
M,35,17400.0,660,4
M,32,25000.0,664,15
F,35,42000.0,669,0
M,33,15000.0,698,0
M,31,32000.0,686,16
M,23,18000.0,659,1
M,35,45000.0,674,0
M,24,43000.0,691,8
F,43,15000.0,691,0
M,27,12000.0,678,0
M,26,25000.0,692,0
M,44,18000.0,672,0
M,31,10000.0,676,0
F,33,18000.0,673,0
F,48,18000.0,715,0
M,27,12000.0,664,0
M,27,75000.0,651,4
M,32,20000.0,698,8
M,39,21000.0,674,0
M,28,15000.0,690,0
M,26,45000.0,681,0
F,34,38500.0,681,0
M,29,45000.0,674,2
M,33,18000.0,701,0
M,40,37000.0,716,0
M,31,15000.0,657,0
F,42,20000.0,674,0
M,32,28000.0,678,0
M,37,30000.0,672,2
M,35,30000.0,700,0
M,24,25000.0,676,0
M,25,20000.0,687,0
M,22,28500.0,689,1
M,23,15000.0,677,0
M,36,20000.0,680,1
M,37,26000.0,686,0
F,50,25000.0,715,0
M,27,32000.0,663,17
M,48,23000.0,686,0
F,48,28000.0,700,0
M,35,10000.0,676,0
M,37,25000.0,692,0
M,35,75000.0,684,0
M,28,18000.0,668,2
M,22,18500.0,686,0
M,25,70000.0,677,0
F,50,50000.0,710,0
M,39,10000.0,706,0
M,39,20000.0,703,0
M,24,23000.0,556,9
M,38,18000.0,682,0
F,24,21000.0,681,0
M,31,17000.0,677,2
M,38,16000.0,694,0
M,48,33000.0,709,0
M,35,23000.0,656,0
F,28,30000.0,670,0
M,29,39000.0,662,3
M,28,20000.0,680,6
M,45,40000.0,669,0
M,39,23000.0,702,0
M,22,24000.0,670,2
M,34,18000.0,645,0
M,32,12000.0,682,0
M,32,25000.0,696,0
M,32,56000.0,672,8
M,23,12000.0,693,0
M,44,35000.0,717,2
M,50,50000.0,673,3
M,22,12000.0,661,0
M,26,14000.0,683,0
M,29,18000.0,666,0
M,35,16000.0,682,15
F,35,20000.0,663,3
F,34,14800.0,662,3
M,35,10000.0,684,0
M,37,80000.0,688,3
F,46,15000.0,693,0
M,28,45000.0,665,0
M,35,26000.0,707,0
M,31,35000.0,678,0
M,32,36000.0,666,1
F,36,22500.0,703,2
M,44,24000.0,677,0
M,34,32000.0,678,0
M,30,12000.0,681,0
M,26,35000.0,689,2
M,26,16000.0,668,0
M,27,16000.0,679,0
M,39,30000.0,622,0
M,23,10000.0,688,0
M,22,20000.0,682,0
M,37,34000.0,690,0
M,33,31000.0,663,0
M,37,25000.0,668,2
M,35,25000.0,672,6
M,32,14000.0,699,0
M,29,70000.0,666,5
M,31,28000.0,686,0
M,30,18000.0,699,4
M,27,21000.0,662,5
M,30,50000.0,653,0
M,31,30000.0,669,0
F,54,22000.0,654,0
M,42,21000.0,720,0
F,32,16000.0,679,0
M,30,13500.0,660,5
M,34,28500.0,694,2
M,27,60000.0,677,0
M,46,70000.0,685,0
M,24,31000.0,665,1
M,53,14500.0,734,1
M,47,13000.0,671,0
M,56,20000.0,661,0
M,37,18000.0,649,0
M,30,18000.0,681,0
M,41,24000.0,678,0
M,32,40000.0,646,0
M,48,52500.0,682,0
M,35,45000.0,637,16
M,36,25000.0,698,0
F,42,38000.0,676,1
F,39,25000.0,694,0
M,42,20000.0,688,0
F,39,60000.0,663,0
M,26,80000.0,664,0
M,45,17000.0,675,0
M,34,22000.0,700,0
M,29,25000.0,687,2
M,35,12000.0,677,0
F,29,18000.0,686,0
M,42,57000.0,674,1
M,50,30000.0,660,0
M,30,18000.0,678,0
M,32,45000.0,683,21
M,25,35000.0,680,0
M,26,20000.0,677,0
M,31,20000.0,664,0
M,34,34990.0,684,3
M,40,38000.0,701,0
F,30,38000.0,684,0
M,36,25000.0,689,0
M,25,15000.0,685,0
M,33,20000.0,678,0
M,27,25000.0,699,0
M,57,30000.0,712,0
M,28,20000.0,656,13
M,25,22000.0,638,0
M,35,32000.0,672,35
M,42,7000.0,654,0
M,60,28000.0,765,0
M,32,16500.0,671,0
M,30,25000.0,657,0
F,46,18000.0,689,0
M,28,25000.0,723,5
M,31,19000.0,656,0
M,24,14000.0,685,0
F,42,38500.0,670,0
F,34,18000.0,692,0
M,36,20000.0,690,0
M,28,14000.0,670,1
M,43,12000.0,681,0
M,22,22000.0,685,0
M,23,18000.0,646,0
M,34,25000.0,679,0
M,40,29000.0,688,0
M,23,21000.0,672,1
M,27,15000.0,679,0
M,30,15000.0,696,0
M,23,20000.0,671,11
M,32,11436.0,683,0
M,42,20000.0,755,0
M,27,70000.0,674,0
F,29,35000.0,666,0
M,31,28000.0,679,0
M,24,45000.0,668,0
M,31,50000.0,669,0
M,21,15000.0,716,0
F,37,10000.0,686,0
M,26,15000.0,665,0
M,26,22000.0,711,0
M,27,42490.0,662,0
M,26,29000.0,655,0
F,53,14000.0,683,1
F,38,12000.0,679,0
M,29,20000.0,643,0
M,45,13500.0,676,0
M,30,17000.0,694,3
M,26,21000.0,673,0
F,60,30000.0,649,3
M,27,40000.0,682,0
M,32,25000.0,669,0
M,27,40000.0,682,0
M,25,25000.0,676,0
M,24,12000.0,691,0
M,26,22000.0,690,0
M,44,20000.0,697,0
M,27,20000.0,667,0
M,46,31000.0,642,1
M,31,30000.0,678,0
M,32,18000.0,687,0
M,35,40000.0,676,0
M,28,35000.0,684,0
M,39,25000.0,697,2
M,23,10000.0,682,0
M,26,12000.0,681,0
M,29,35000.0,672,0
M,56,65000.0,703,2
M,30,28500.0,693,0
M,23,15000.0,700,0
M,48,22000.0,657,1
M,26,25000.0,646,0
M,36,27000.0,700,0
M,41,35000.0,695,0
M,31,10000.0,705,0
M,52,16000.0,667,0
M,56,25000.0,686,0
M,29,28000.0,678,0
F,25,14000.0,671,0
M,25,40000.0,680,0
M,27,25000.0,649,2
M,40,25000.0,666,3
M,32,18000.0,694,0
M,43,25000.0,694,0
M,30,30000.0,668,0
M,26,20000.0,697,4
M,26,15000.0,651,0
M,31,70000.0,723,0
F,37,13000.0,685,0
M,30,30000.0,605,3
M,46,16000.0,680,0
M,26,25000.0,686,0
M,30,17000.0,676,0
M,45,30000.0,714,3
M,47,25000.0,683,0
F,34,15000.0,648,2
M,42,20000.0,683,1
M,24,65000.0,683,0
M,27,35000.0,691,0
M,28,27000.0,668,0
M,35,18000.0,704,2
M,28,42000.0,672,2
M,32,21000.0,671,0
M,40,35000.0,674,4
M,35,30000.0,690,0
M,46,15000.0,708,0
M,24,47000.0,684,10
M,26,60000.0,680,1
F,40,17000.0,691,0
M,23,15000.0,673,0
M,23,16000.0,681,0
M,30,24000.0,675,0
M,36,25000.0,685,0
M,37,45000.0,677,0
M,30,34634.0,678,0
M,38,12000.0,736,0
F,43,18000.0,678,1
M,37,32690.0,723,0
F,37,20000.0,689,0
M,22,25000.0,688,0
M,30,30000.0,665,0
M,52,45000.0,667,0
M,41,30000.0,671,0
M,30,23200.0,674,2
F,33,35000.0,634,17
M,34,22000.0,699,15
M,57,25000.0,674,0
M,24,37690.0,647,0
M,26,26000.0,683,0
M,35,18000.0,709,0
F,27,25100.0,685,0
M,42,40000.0,716,3
F,34,15000.0,689,0
M,27,38000.0,683,0
M,35,18000.0,670,0
F,42,15000.0,673,6
F,38,15000.0,674,4
M,47,12000.0,675,0
M,26,16000.0,703,0
M,39,35000.0,703,0
F,53,43000.0,721,2
M,38,35000.0,670,0
M,24,20000.0,660,0
M,36,25000.0,667,1
M,24,23000.0,666,1
M,39,21000.0,678,0
M,40,35000.0,682,0
M,54,80000.0,714,0
M,30,17000.0,676,0
M,50,15000.0,682,0
F,33,18000.0,667,0
M,38,40000.0,698,0
M,46,40000.0,692,0
M,29,80000.0,673,0
F,32,20000.0,660,0
M,33,25000.0,681,0
M,48,35000.0,683,0
M,40,51500.0,724,0
M,45,30000.0,660,0
M,35,35000.0,673,0
F,30,15000.0,699,0
M,24,15000.0,687,0
M,25,25000.0,693,0
M,35,16000.0,694,0
F,47,32000.0,703,0
M,24,24000.0,684,0
M,30,25000.0,674,7
M,55,50000.0,675,18
M,45,35000.0,678,5
M,44,32000.0,642,1
M,23,13000.0,651,0
M,31,35000.0,674,0
M,48,51000.0,707,0
M,24,23000.0,673,0
M,23,18000.0,688,0
F,33,17000.0,673,0
M,28,35000.0,685,0
M,38,35000.0,681,0
M,33,15000.0,683,0
M,24,12000.0,640,0
M,25,15000.0,687,0
M,30,30000.0,666,2
M,26,16400.0,692,0
M,38,14000.0,664,0
M,33,11000.0,682,0
M,43,50000.0,728,1
M,49,33000.0,685,0
M,25,45000.0,675,0
M,38,40000.0,690,0
M,48,20000.0,680,0
F,31,27000.0,656,4
M,28,21000.0,688,0
M,24,7000.0,681,0
M,23,45000.0,688,0
M,54,40000.0,762,0
M,31,24600.0,663,0
M,22,14000.0,666,0
M,38,17000.0,700,3
M,37,37000.0,644,10
M,28,12000.0,661,4
M,24,28000.0,678,0
M,28,25000.0,675,0
M,28,15000.0,677,0
M,28,27000.0,677,0
M,23,10000.0,664,0
M,25,14500.0,662,0
M,46,29000.0,685,0
M,46,55000.0,699,12
M,28,35000.0,684,0
M,37,51000.0,689,0
M,52,3000.0,669,0
F,23,16000.0,640,0
M,24,31000.0,659,0
M,39,34000.0,677,0
M,38,43000.0,680,0
M,23,15000.0,685,0
M,25,16500.0,643,1
M,30,30000.0,679,2
M,35,75000.0,705,0
M,24,25000.0,667,1
M,44,35000.0,721,0
M,60,25000.0,692,6
M,22,32000.0,678,0
M,36,49500.0,707,0
M,33,25000.0,704,0
M,36,25000.0,689,0
M,42,28500.0,685,0
M,33,25000.0,608,5
M,32,15000.0,675,0
M,38,48000.0,680,3
M,25,5000.0,674,0
F,36,11000.0,662,0
M,21,14000.0,683,0
M,36,40000.0,697,0
M,38,30000.0,657,24
M,44,40000.0,660,0
M,43,50000.0,712,0
M,27,19000.0,659,3
M,37,22000.0,681,0
M,25,30000.0,674,0
M,25,15000.0,718,0
M,34,13000.0,672,0
M,43,28000.0,679,0
F,31,16000.0,675,0
M,31,25000.0,688,0
M,40,15000.0,683,0
M,35,20000.0,658,4
M,24,30000.0,668,0
M,23,25000.0,704,0
M,32,30000.0,668,9
M,27,15000.0,670,1
M,24,20000.0,671,0
M,28,18000.0,712,0
M,22,19000.0,694,0
M,27,16000.0,677,0
M,37,35000.0,649,2
M,40,25000.0,683,21
M,31,25000.0,681,0
M,23,17000.0,667,0
M,24,23000.0,646,0
M,37,30000.0,663,0
M,24,29500.0,687,0
M,30,18000.0,707,0
M,31,15000.0,704,0
M,35,25000.0,704,1
M,24,25000.0,675,0
M,28,22000.0,710,0
M,43,30000.0,692,0
M,29,25000.0,666,2
M,30,38000.0,662,0
M,23,32000.0,689,0
M,24,16300.0,648,1
M,21,24000.0,693,0
M,40,20000.0,665,0
M,28,12000.0,672,5
M,25,15000.0,668,0
M,29,30000.0,678,0
M,22,14000.0,647,10
M,48,75000.0,656,1
M,27,22000.0,654,3
M,25,25000.0,675,0
M,38,18000.0,665,4
M,38,40000.0,683,0
M,33,30090.0,691,0
M,51,24300.0,653,1
M,26,18000.0,699,0
M,25,18000.0,659,0
M,40,25000.0,669,1
F,33,21500.0,679,0
M,25,18300.0,693,0
M,34,14000.0,693,0
M,34,23000.0,675,0
M,25,20000.0,702,0
M,22,32000.0,689,0
M,29,40000.0,685,0
M,34,30000.0,677,0
M,25,20000.0,659,1
M,31,30000.0,685,0
M,23,45000.0,688,0
M,27,22000.0,680,1
M,38,15000.0,693,0
M,27,20000.0,669,0
M,52,36500.0,699,0
M,41,18500.0,683,0
M,23,10000.0,673,0
F,27,50000.0,696,0
M,64,55000.0,711,13
M,28,38000.0,712,1
F,36,18000.0,671,0
M,23,30000.0,685,0
M,28,38000.0,686,0
F,27,31500.0,671,22
M,43,19000.0,664,0
M,28,20000.0,647,0
M,22,40000.0,670,0
M,23,35000.0,728,0
M,27,22000.0,684,0
M,30,50000.0,688,0
M,38,25000.0,703,0
M,24,28000.0,675,0
M,24,45000.0,671,0
M,49,22000.0,711,3
F,38,25000.0,682,0
M,30,12000.0,678,0
M,49,16000.0,658,0
M,37,22500.0,740,0
M,51,17000.0,696,0
M,31,45000.0,671,0
M,50,25000.0,664,19
M,40,17000.0,691,0
M,47,15000.0,682,0
M,29,17000.0,648,1
M,26,50000.0,630,7
M,37,48000.0,676,0
M,37,60000.0,661,0
F,47,30000.0,675,0
M,35,35000.0,673,0
M,38,25000.0,675,0
M,37,20000.0,695,0
M,28,35000.0,688,0
M,38,12000.0,700,3
M,40,13000.0,673,0
M,25,34000.0,634,0
F,30,25000.0,674,0
M,32,14000.0,655,2
M,31,16500.0,683,0
M,47,38000.0,708,1
M,28,15000.0,679,7
M,35,12000.0,686,0
M,34,30000.0,685,0
M,31,50000.0,700,0
F,34,8500.0,691,0
M,23,25800.0,655,1
M,21,23000.0,659,0
M,53,23000.0,689,3
M,25,35000.0,678,0
M,35,30000.0,681,0
M,29,80000.0,686,18
M,36,45000.0,700,0
M,39,51000.0,676,0
M,41,28000.0,677,0
M,24,21000.0,663,0
M,26,25000.0,679,1
F,42,13000.0,687,1
M,28,6000.0,687,0
M,31,12000.0,699,0
M,48,11500.0,679,0
M,23,9000.0,666,1
M,40,15000.0,670,1
M,37,23000.0,678,0
M,36,18000.0,685,5
M,31,15000.0,677,1
M,31,15000.0,651,3
M,31,60000.0,675,0
M,25,25000.0,686,0
M,25,30000.0,667,1
M,53,30000.0,668,0
M,51,35000.0,645,0
F,24,15000.0,690,0
M,38,21500.0,679,26
M,22,33000.0,661,3
M,38,30000.0,691,0
M,45,16000.0,692,0
M,50,35000.0,739,0
M,27,35000.0,698,0
M,46,40000.0,678,0
M,26,16000.0,678,0
M,49,35000.0,692,13
M,24,30000.0,685,0
M,44,58000.0,682,0
M,31,25000.0,679,1
M,30,21000.0,634,6
M,39,23000.0,716,3
M,44,17000.0,679,0
M,40,15000.0,626,7
F,37,42000.0,667,6
M,29,28000.0,637,12
M,28,16200.0,673,0
M,27,15000.0,663,0
M,23,18000.0,674,7
M,30,30000.0,716,0
M,31,15000.0,658,1
M,21,18000.0,679,0
M,41,23000.0,688,0
M,53,25000.0,727,1
M,42,22000.0,696,12
M,35,30000.0,671,0
M,25,95000.0,693,0
M,27,18000.0,661,0
M,42,22000.0,659,2
F,27,35000.0,698,4
M,53,20000.0,697,11
M,45,60000.0,696,0
F,47,32000.0,693,1
M,31,9800.0,687,0
M,42,22000.0,647,1
M,30,24500.0,700,0
M,34,17000.0,710,0
M,30,15000.0,707,0
M,26,47500.0,654,0
M,40,22000.0,694,8
M,36,30000.0,677,0
M,47,50000.0,696,0
M,31,24000.0,684,0
F,44,27000.0,649,2
F,21,20000.0,662,3
F,41,26000.0,688,0
F,33,22350.0,686,0
F,30,17000.0,688,0
M,31,14000.0,697,0
M,27,17000.0,664,0
M,22,21000.0,669,0
M,28,20000.0,662,0
M,21,25900.0,691,0
F,33,13000.0,682,0
M,33,26500.0,675,1
M,28,17000.0,701,0
M,28,50000.0,678,4
M,32,15000.0,702,0
M,24,13000.0,688,0
M,32,14000.0,676,0
M,30,10000.0,691,0
M,40,18200.0,661,10
M,31,20000.0,665,1
M,35,19000.0,681,31
M,28,18000.0,666,0
M,27,20000.0,656,0
M,43,18000.0,682,0
M,22,18000.0,673,0
M,30,18000.0,705,0
M,25,35000.0,662,1
M,41,35000.0,679,6
M,50,20000.0,698,0
M,32,11000.0,674,0
M,30,25000.0,619,1
M,27,18000.0,663,3
M,45,43500.0,728,0
M,34,35000.0,689,0
F,57,38000.0,690,0
M,24,18000.0,672,0
M,27,30000.0,698,0
M,28,40000.0,686,0
M,58,23000.0,639,0
M,21,19000.0,651,0
M,40,40000.0,677,13
M,29,15000.0,683,14
F,43,25000.0,666,0
M,33,15000.0,629,0
F,49,18000.0,640,1
M,33,18000.0,672,4
M,47,28000.0,687,2
M,23,20000.0,683,0
M,30,30000.0,667,1
M,29,15000.0,691,19
M,34,21000.0,658,0
M,27,46000.0,677,0
M,31,23000.0,671,0
M,42,53000.0,696,0
M,28,29500.0,667,0
M,27,15500.0,700,0
M,30,30000.0,682,0
M,52,10000.0,658,3
M,26,30000.0,672,13
M,33,23000.0,694,0
M,53,38000.0,704,7
M,23,15000.0,663,0
M,52,28000.0,723,4
M,41,28000.0,668,0
M,27,15000.0,660,0
M,23,40000.0,654,0
M,50,37000.0,704,0
M,41,38000.0,690,2
M,22,35000.0,639,2
M,25,35200.0,682,0
M,32,38000.0,703,0
M,38,20000.0,695,0
M,35,10000.0,702,9
M,44,10000.0,688,0
M,28,20000.0,679,2
M,47,25000.0,684,3
M,33,18000.0,669,0
M,21,20000.0,676,7
F,23,20000.0,664,0
M,30,30000.0,680,0
M,25,18000.0,660,0
M,31,30000.0,647,0
M,39,19000.0,682,3
M,30,23000.0,690,0
M,41,21823.0,684,0
M,37,45000.0,691,0
M,49,25000.0,693,0
F,47,16000.0,699,0
M,22,24000.0,672,0
M,35,28000.0,715,1
M,58,43000.0,685,0
F,43,18000.0,634,1
F,40,17000.0,692,0
F,47,13000.0,678,0
F,25,15000.0,672,0
M,22,20000.0,696,0
M,27,25000.0,653,0
M,34,20000.0,716,20
M,21,35000.0,655,0
M,41,30000.0,680,0
M,32,11000.0,679,0
M,33,21000.0,677,0
M,32,23000.0,708,0
M,26,20000.0,670,0
M,26,18000.0,671,0
M,37,11000.0,686,0
M,22,30000.0,667,0
M,27,45000.0,681,0
M,28,19000.0,691,0
M,34,25000.0,691,0
M,33,27000.0,652,0
M,48,40000.0,664,0
F,53,26000.0,689,3
M,29,39000.0,671,1
F,33,43000.0,676,0
M,34,19800.0,671,6
M,41,25000.0,689,0
M,37,45000.0,693,4
M,23,25000.0,663,0
M,24,34000.0,666,2
M,22,13000.0,682,0
M,24,18900.0,744,0
M,33,10000.0,703,0
M,23,10000.0,680,0
M,43,25000.0,681,0
M,30,40000.0,678,0
M,26,25000.0,641,0
M,25,35000.0,672,0
M,27,15000.0,671,5
M,41,45000.0,687,2
M,35,20000.0,707,0
M,34,20000.0,694,0
M,25,19000.0,672,0
M,32,18000.0,683,0
M,43,20000.0,662,0
M,26,19000.0,679,4
F,42,23000.0,665,6
M,43,18000.0,682,0
M,25,17000.0,673,3
F,35,21000.0,671,0
F,39,12800.0,731,0
M,21,13800.0,673,0
M,38,11000.0,660,2
M,54,16000.0,676,0
M,32,31000.0,703,0
M,21,15000.0,680,0
M,30,35000.0,690,0
M,30,20000.0,710,0
M,35,40000.0,682,0
M,39,55000.0,674,0
M,37,25000.0,673,0
M,50,28452.0,666,0
M,40,40000.0,680,1
M,29,28000.0,675,0
M,25,15000.0,654,1
M,38,11000.0,678,2
M,36,40000.0,658,13
M,31,29500.0,715,0
M,61,12000.0,685,10
M,30,25000.0,704,0
M,24,30000.0,657,7
F,31,26500.0,665,6
M,39,31000.0,681,0
F,43,30000.0,690,0
M,25,34000.0,701,0
M,44,18000.0,668,5
M,28,14000.0,680,0
M,28,25000.0,683,0
M,37,40000.0,694,2
F,35,21000.0,676,0
M,39,28990.0,721,0
M,35,20000.0,668,0
F,52,17000.0,668,0
M,22,35000.0,658,8
M,42,17000.0,715,0
F,61,20000.0,678,0
M,32,17000.0,678,0
M,23,35000.0,678,0
M,62,34000.0,676,0
M,53,38000.0,680,0
M,28,30000.0,679,0
M,29,15000.0,679,0
F,41,11500.0,664,0
M,27,25000.0,664,0
M,22,12000.0,652,2
M,22,15000.0,646,6
M,47,30000.0,672,0
M,22,40000.0,677,0
M,34,45000.0,662,0
M,24,16000.0,704,0
M,42,30000.0,673,2
M,40,25000.0,713,0
M,24,19000.0,677,1
M,24,23000.0,695,0
M,40,25000.0,689,0
M,31,20000.0,692,0
M,30,30000.0,708,0
M,48,27000.0,707,1
M,30,20000.0,687,0
F,46,30000.0,674,1
M,43,36000.0,683,0
M,50,24000.0,678,0
M,26,12000.0,680,0
M,26,12000.0,673,0
M,33,21000.0,696,0
M,36,40000.0,682,0
F,35,100000.0,733,0
M,38,25000.0,659,0
M,33,34000.0,665,0
M,23,18000.0,659,1
M,30,13500.0,688,2
M,41,40000.0,695,0
M,39,40000.0,676,0
M,35,20000.0,698,0
M,30,25000.0,686,0
F,32,14000.0,729,0
M,23,21580.0,676,0
M,31,40000.0,718,0
M,30,22000.0,696,0
M,23,30000.0,674,0
F,35,55000.0,685,0
M,31,15000.0,657,0
M,21,25000.0,678,0
M,26,18000.0,680,0
M,33,18500.0,662,0
M,29,24500.0,685,12
M,21,10000.0,692,0
M,23,10000.0,696,0
M,25,15000.0,656,0
M,24,18000.0,682,0
M,44,16000.0,707,0
M,28,20000.0,665,2
M,26,16000.0,680,0
M,23,18500.0,682,0
M,21,12000.0,684,0
F,23,20000.0,645,0
M,23,20000.0,696,0
M,31,35000.0,669,0
M,35,16000.0,666,2
M,36,20000.0,662,7
M,27,36000.0,663,0
M,26,18000.0,686,0
M,25,18.0,650,0
M,34,21000.0,659,4
M,42,38000.0,698,0
M,36,14000.0,710,0
M,33,23500.0,656,2
M,27,14780.0,680,0
M,30,20000.0,690,0
M,28,40000.0,674,0
M,35,21960.0,672,0
M,43,43000.0,685,12
M,24,35000.0,635,6
M,37,57000.0,637,0
M,27,22000.0,673,0
M,31,11500.0,661,1
M,32,28500.0,657,0
M,23,35000.0,668,0
M,29,23000.0,678,0
M,52,75000.0,722,9
M,45,25000.0,691,25
M,34,25800.0,658,0
M,35,45000.0,672,4
M,24,13500.0,686,0
M,57,28000.0,669,1
M,39,20000.0,697,0
M,22,38000.0,652,5
M,30,30000.0,677,0
M,43,25000.0,687,6
M,36,25000.0,662,4
M,35,25000.0,692,0
M,29,25000.0,671,0
M,25,15000.0,684,0
M,31,20000.0,661,0
M,35,29100.0,676,4
M,30,2000.0,684,0
M,26,22000.0,665,0
M,39,24800.0,659,1
M,28,17500.0,680,0
M,41,24500.0,669,0
M,33,18000.0,696,0
M,28,43500.0,715,0
M,28,15500.0,659,0
M,48,12000.0,682,0
M,46,14000.0,697,15
M,34,16000.0,665,0
M,27,18800.0,660,5
M,51,32000.0,690,0
M,34,20000.0,674,0
M,43,45000.0,731,5
F,42,18000.0,700,0
M,31,25000.0,678,0
M,32,22000.0,657,0
M,32,40000.0,696,0
M,30,18000.0,676,0
M,30,16450.0,685,0
M,33,98000.0,700,0
M,26,10000.0,661,0
M,30,37000.0,689,0
M,32,13000.0,696,0
F,50,64000.0,685,0
F,43,18000.0,694,0
M,32,22000.0,687,0
F,28,19500.0,657,0
M,27,19000.0,669,0
M,47,35000.0,696,0
M,34,28500.0,672,3
M,24,20000.0,657,0
M,36,40000.0,653,1
M,30,17000.0,686,0
M,35,35000.0,723,0
M,53,12000.0,700,0
F,41,32500.0,683,2
M,33,25000.0,684,0
M,36,20000.0,677,6
M,30,38000.0,706,0
F,34,13000.0,682,0
M,26,22000.0,664,63
M,29,12000.0,665,0
M,43,12000.0,663,0
M,44,17000.0,703,0
M,26,17000.0,642,2
M,53,20000.0,675,0
F,47,43000.0,673,0
M,27,20000.0,687,0
M,37,15000.0,666,4
M,25,45000.0,657,0
M,30,20000.0,695,0
M,48,21500.0,716,0
M,27,25000.0,681,0
F,47,12000.0,682,0
M,38,42000.0,691,0
M,37,20000.0,655,2
M,30,28000.0,691,0
M,26,20000.0,696,1
M,34,23000.0,678,2
M,21,17000.0,678,0
M,59,35000.0,665,0
M,35,50000.0,691,12
M,25,26500.0,677,7
M,39,25000.0,688,0
M,37,25000.0,695,0
M,24,12000.0,681,0
F,29,11000.0,676,0
M,30,16000.0,667,0
M,29,21000.0,721,0
M,29,21500.0,659,3
M,23,16000.0,651,0
M,34,35800.0,723,3
M,48,30000.0,687,7
M,23,18000.0,687,0
M,27,45000.0,663,7
M,51,22000.0,678,0
M,26,14000.0,673,0
M,27,23000.0,712,0
F,31,32000.0,624,7
M,28,25000.0,687,0
M,22,18500.0,660,0
M,40,30000.0,677,2
F,30,15000.0,684,0
M,32,18000.0,689,0
M,41,15000.0,683,0
M,26,20600.0,687,0
M,38,15000.0,673,0
F,37,35000.0,655,0
M,34,12350.0,695,0
M,48,30000.0,687,8
M,46,20000.0,688,0
M,36,15000.0,682,1
M,28,22000.0,665,0
M,33,25000.0,691,3
F,28,15000.0,692,0
M,22,80000.0,646,0
M,37,22000.0,665,0
M,22,20000.0,656,2
M,36,40000.0,698,0
M,31,11000.0,688,0
M,25,31000.0,679,0
M,28,15000.0,689,0
M,39,20000.0,692,0
F,29,13000.0,672,0
M,40,43000.0,684,4
M,44,30000.0,670,5
M,21,31000.0,690,0
F,38,20000.0,705,0
M,29,18000.0,627,1
M,29,49000.0,681,1
F,48,12000.0,668,1
M,46,50000.0,656,1
M,37,15000.0,674,0
M,30,15000.0,678,0
M,32,10000.0,741,0
M,41,50000.0,757,8
M,38,27000.0,693,0
M,36,30000.0,694,9
M,59,28000.0,679,0
F,42,29500.0,700,0
M,26,14000.0,684,0
F,48,28000.0,715,42
M,38,27500.0,660,0
M,24,20000.0,675,0
M,28,30000.0,659,0
M,23,35000.0,666,0
M,39,15400.0,678,0
F,38,25000.0,685,0
M,26,33000.0,668,0
M,59,22500.0,724,13
F,37,19500.0,695,0
M,34,12000.0,669,0
M,38,60000.0,742,0
M,33,30000.0,689,0
M,44,20000.0,671,0
M,48,12000.0,660,2
M,48,18000.0,716,6
M,26,20000.0,682,1
M,33,20000.0,645,1
M,27,8500.0,691,0
M,35,18000.0,691,1
F,30,20000.0,641,0
M,33,12000.0,666,0
M,39,43000.0,671,0
F,29,15000.0,687,0
F,47,20000.0,686,0
M,54,25000.0,686,0
M,37,32000.0,715,6
M,49,30000.0,694,0
M,40,40000.0,700,8
M,36,20000.0,672,3
M,28,50000.0,677,0
M,27,35000.0,689,0
M,31,15000.0,670,0
M,34,30000.0,696,0
M,30,20000.0,697,2
M,38,24000.0,670,0
M,31,50000.0,689,8
M,25,18000.0,690,0
F,44,18000.0,687,0
M,43,35000.0,728,18
M,32,14000.0,672,0
M,27,30000.0,689,0
M,25,13000.0,678,2
M,61,30000.0,681,0
M,32,30000.0,695,0
M,42,20000.0,620,0
M,40,25000.0,678,9
M,49,6500.0,690,0
M,40,180000.0,634,0
M,30,23000.0,674,0
M,28,18500.0,661,0
M,30,40000.0,678,0
M,43,19000.0,702,4
M,24,22000.0,675,0
M,29,35000.0,689,0
M,26,20000.0,688,0
M,30,30000.0,725,0
M,31,35000.0,663,3
F,27,80000.0,663,0
F,40,19000.0,654,3
M,39,4500.0,682,0
M,48,37500.0,683,0
M,28,30000.0,712,1
M,41,25000.0,678,0
M,43,31000.0,704,0
M,26,15000.0,647,0
M,34,15000.0,685,0
M,27,12000.0,657,3
M,38,23000.0,691,0
F,24,20298.0,669,0
M,41,50000.0,692,0
M,53,30000.0,681,0
M,38,17500.0,682,0
M,30,11800.0,679,0
M,39,12500.0,677,12
M,34,25000.0,652,1
F,35,20000.0,644,0
M,36,30000.0,657,13
M,32,21000.0,683,0
M,21,35000.0,682,8
M,24,23500.0,672,0
M,36,29000.0,707,0
M,22,19000.0,688,0
M,47,15000.0,719,0
M,32,15000.0,682,0
M,39,9000.0,701,3
M,35,17542.0,669,0
M,40,50000.0,734,0
M,34,26500.0,661,1
M,24,11807.0,665,0
M,33,35000.0,709,0
M,29,10000.0,662,1
M,29,15000.0,689,0
M,35,19000.0,682,0
M,43,25000.0,690,0
M,30,30000.0,592,6
F,35,23000.0,673,0
M,30,17500.0,699,2
M,31,30000.0,681,0
M,41,16000.0,675,0
M,33,45000.0,641,4
M,40,18640.0,691,0
M,30,16000.0,661,0
M,43,30000.0,695,14
F,40,17000.0,721,0
M,49,58000.0,683,12
M,30,28000.0,642,5
M,30,100000.0,658,0
M,30,15000.0,650,5
M,37,18000.0,693,0
M,47,42000.0,681,1
M,39,18500.0,676,0
M,24,27500.0,733,0
M,47,15000.0,649,22
M,24,35000.0,667,4
F,32,15700.0,656,0
M,34,30000.0,676,0
M,26,22000.0,663,1
M,28,30000.0,679,16
M,50,23000.0,666,1
M,50,31000.0,671,0
M,27,18000.0,665,0
M,35,35000.0,689,0
M,32,18000.0,666,4
M,29,40000.0,661,0
M,23,21000.0,682,0
M,27,24000.0,677,10
M,25,25000.0,685,0
M,28,20000.0,676,0
M,26,35000.0,691,0
M,21,22000.0,685,0
M,41,30000.0,663,2
F,34,20000.0,714,0
M,22,20000.0,690,0
M,38,12500.0,671,9
M,26,45000.0,670,0
M,22,13500.0,684,0
M,30,25000.0,675,10
M,41,24000.0,694,0
M,47,40000.0,699,0
M,30,17000.0,665,1
M,31,50000.0,618,1
M,51,18000.0,719,0
M,37,15000.0,669,0
M,23,14000.0,678,4
M,47,25000.0,740,0
M,49,30000.0,681,0
M,32,32500.0,686,0
M,29,25000.0,672,0
M,42,18000.0,734,0
M,26,30000.0,702,5
M,29,40000.0,689,0
M,35,25000.0,664,3
M,37,30000.0,689,0
M,32,40000.0,691,5
M,25,24000.0,683,0
M,42,26000.0,649,49
M,22,15000.0,682,0
M,21,27000.0,659,2
M,25,10.0,662,5
M,23,25000.0,670,1
M,34,20000.0,689,0
M,28,45000.0,679,1
M,25,33000.0,683,0
M,23,19500.0,675,0
M,26,20000.0,689,15
M,22,21000.0,687,0
M,35,48000.0,657,0
M,27,28000.0,653,0
M,26,35000.0,667,1
M,40,20000.0,696,0
M,27,23500.0,700,0
M,44,10500.0,671,0
M,30,15000.0,700,2
M,31,12000.0,669,0
M,31,65000.0,750,13
M,38,11000.0,731,0
M,33,40000.0,687,6
M,47,10000.0,683,0
M,30,38000.0,697,0
M,34,27000.0,644,1
M,26,18000.0,674,2
M,36,13000.0,666,2
M,44,38000.0,590,0
M,34,24000.0,646,3
M,30,30000.0,658,3
M,28,18000.0,658,5
M,43,13000.0,658,0
M,26,14000.0,674,0
M,47,30000.0,714,0
M,23,22500.0,668,0
M,31,18000.0,707,5
M,39,25000.0,654,0
M,31,22000.0,674,16
M,39,22500.0,679,0
M,44,25000.0,724,0
M,23,60000.0,689,0
M,32,21000.0,673,0
M,42,18000.0,718,0
M,27,35000.0,678,0
M,29,23000.0,687,0
M,26,15000.0,613,0
M,29,18000.0,677,1
M,37,43000.0,678,0
M,33,31000.0,687,0
M,38,29000.0,694,0
M,25,15000.0,671,0
M,27,32000.0,705,0
M,32,28500.0,670,5
M,31,17000.0,652,3
M,27,35000.0,664,0
M,41,27000.0,678,0
M,34,23000.0,721,0
M,39,22000.0,681,0
M,36,18000.0,702,0
M,32,15000.0,680,1
M,24,14302.0,689,0
M,21,35000.0,659,0
M,26,32000.0,673,0
M,25,16000.0,667,0
M,29,23000.0,693,0
M,25,23000.0,685,0
M,31,12000.0,717,18
M,30,40000.0,629,1
M,27,40000.0,640,0
M,31,25000.0,681,0
M,28,18000.0,680,4
M,42,47500.0,674,0
M,45,33000.0,697,0
M,26,16500.0,685,0
M,34,47000.0,667,0
M,37,17500.0,671,8
M,25,35000.0,667,0
M,32,23000.0,675,2
M,28,15000.0,629,19
M,25,22000.0,674,0
M,44,18000.0,641,3
M,44,40000.0,666,0
M,29,22500.0,678,2
M,27,40000.0,660,0
M,24,15500.0,669,0
M,23,36000.0,675,0
M,56,30000.0,687,4
F,36,28000.0,683,1
M,25,45000.0,661,1
M,34,35000.0,684,0
F,22,20000.0,680,0
M,24,140000.0,677,0
M,33,23000.0,687,0
M,23,25000.0,695,0
M,39,16000.0,695,0
M,33,35000.0,662,0
M,33,10000.0,696,0
M,31,25000.0,684,0
F,42,14500.0,682,0
M,33,20000.0,647,1
M,43,16300.0,700,0
M,23,22000.0,692,0
F,30,15000.0,663,6
M,25,45000.0,640,0
M,46,17000.0,680,5
M,29,17000.0,673,0
M,43,17000.0,702,0
M,32,22481.0,676,0
M,25,70000.0,673,1
M,30,21500.0,652,1
F,29,25000.0,690,2
M,47,26000.0,688,0
F,24,25000.0,678,0
F,55,18900.0,694,8
M,33,28000.0,694,0
M,43,12000.0,678,3
M,48,23000.0,672,0
M,21,14000.0,665,3
M,42,30000.0,671,0
M,52,15500.0,682,0
M,25,28000.0,676,19
M,37,8600.0,717,0
F,49,15000.0,691,0
M,25,10000.0,689,0
M,42,18000.0,718,0
M,23,13000.0,683,0
M,42,30000.0,660,5
F,28,9500.0,689,0
M,29,29000.0,669,0
M,42,15000.0,697,0
M,38,28000.0,669,0
M,36,21000.0,691,3
M,38,22000.0,670,0
M,26,20000.0,694,0
M,38,13000.0,724,0
M,58,40000.0,719,6
M,27,45000.0,649,0
M,32,25000.0,671,0
F,22,12000.0,674,0
M,29,35000.0,667,0
M,33,18300.0,657,2
M,45,25000.0,637,1
M,59,15000.0,682,2
M,56,15000.0,677,5
M,30,40000.0,675,1
F,51,30000.0,677,0
F,34,12000.0,698,0
M,33,30000.0,667,0
M,39,14350.0,655,0
M,28,10000.0,675,0
M,50,32000.0,643,0
F,28,20000.0,686,4
M,55,31993.0,649,12
M,22,14680.0,683,0
M,33,18500.0,682,0
M,39,35000.0,676,0
M,36,17000.0,685,0
M,34,18000.0,691,0
M,24,25000.0,665,0
M,31,27000.0,671,1
M,33,20000.0,677,3
M,26,33000.0,696,0
M,35,15000.0,664,1
M,31,37600.0,704,5
M,22,35000.0,666,0
M,56,20000.0,698,1
M,52,20000.0,691,0
M,21,15000.0,680,0
M,59,35000.0,727,13
M,31,28000.0,673,0
M,30,28000.0,676,13
M,52,60000.0,742,0
M,38,40000.0,688,0
M,36,17500.0,663,0
M,29,40000.0,664,0
M,26,27000.0,673,0
M,25,40000.0,659,3
M,42,40000.0,689,0
M,29,18000.0,658,0
M,29,80500.0,707,1
F,24,30000.0,667,5
M,28,25000.0,700,0
M,26,65000.0,685,8
M,63,19000.0,719,0
M,28,35000.0,657,0
M,25,18000.0,689,0
M,28,28000.0,668,7
F,45,38000.0,673,0
M,28,15000.0,687,0
M,28,12500.0,646,1
M,23,32000.0,681,0
M,27,15000.0,696,0
M,25,15000.0,672,0
M,34,18000.0,673,1
M,43,27000.0,690,0
M,37,60000.0,692,0
M,34,19000.0,666,0
M,36,20000.0,676,0
M,24,28000.0,686,0
M,36,24000.0,682,1
F,32,13800.0,696,0
M,23,18000.0,689,0
M,29,10000.0,678,0
F,49,22000.0,673,4
M,44,15000.0,694,0
M,38,38000.0,678,0
M,29,23000.0,680,4
M,23,40000.0,675,0
M,23,16000.0,680,0
M,32,22000.0,698,0
M,32,16000.0,680,1
M,27,18000.0,652,7
M,24,11500.0,661,1
M,23,23500.0,677,2
M,42,28000.0,666,1
M,39,20000.0,683,0
M,50,45000.0,659,1
M,24,30000.0,668,0
M,38,13500.0,684,2
M,34,30000.0,655,3
M,26,20000.0,681,0
M,26,20000.0,666,0
M,34,32000.0,682,0
M,26,20000.0,681,0
M,37,25500.0,678,2
M,32,32000.0,678,0
M,37,28000.0,673,0
M,45,24000.0,669,1
M,38,16500.0,683,0
M,22,20000.0,679,0
M,25,20000.0,671,0
M,35,50000.0,699,6
F,50,13500.0,682,0
M,23,28000.0,679,0
M,50,25000.0,689,0
F,33,24500.0,684,0
M,23,19000.0,673,0
M,29,28000.0,686,0
F,46,32000.0,699,0
F,40,31500.0,660,0
M,51,20000.0,732,10
M,28,21000.0,643,0
M,54,40000.0,710,0
M,34,18200.0,686,0
M,40,14500.0,673,23
F,38,14500.0,672,1
M,42,42000.0,669,0
F,32,17000.0,609,5
M,29,45000.0,694,0
F,46,23000.0,661,0
M,37,30000.0,674,0
M,33,25000.0,702,0
M,26,40000.0,685,0
M,47,20000.0,694,0
M,31,25000.0,683,7
M,25,15000.0,678,2
M,25,16000.0,676,0
F,34,40000.0,697,0
M,24,13000.0,677,0
M,25,19000.0,666,0
M,30,20000.0,688,3
M,38,32000.0,684,0
F,61,22000.0,715,0
M,41,30000.0,711,0
M,35,45000.0,685,0
M,27,17000.0,679,0
M,50,25000.0,661,33
M,30,20000.0,679,0
M,39,21000.0,688,0
F,48,35000.0,680,0
M,53,15000.0,703,0
M,28,27000.0,677,0
M,38,30000.0,667,0
F,34,20000.0,663,1
M,26,24000.0,655,0
M,35,19500.0,688,0
M,22,15000.0,672,0
M,47,18000.0,693,0
F,43,16800.0,676,7
M,34,23000.0,684,0
F,33,40000.0,676,1
M,29,12000.0,678,0
M,27,22000.0,681,0
M,32,19000.0,683,0
M,37,20000.0,682,3
M,22,15000.0,693,0
M,28,34000.0,679,0
M,48,25000.0,724,0
M,21,40000.0,674,0
M,35,32000.0,711,0
M,38,20000.0,651,35
M,23,12500.0,676,2
M,28,16000.0,666,0
F,48,13000.0,632,2
F,39,12000.0,702,0
M,27,23600.0,654,17
M,44,30000.0,675,0
M,31,48455.0,680,0
M,30,30000.0,678,0
M,25,40000.0,688,0
M,21,31000.0,683,0
M,24,27500.0,695,0
M,30,10000.0,699,0
M,37,40000.0,719,0
M,30,17300.0,689,0
M,30,20000.0,659,0
M,30,30000.0,661,1
M,39,15500.0,688,0
M,36,9500.0,688,0
F,30,30000.0,677,0
M,33,38000.0,665,0
M,24,18000.0,673,0
M,25,37000.0,671,0
M,23,13000.0,685,0
M,34,25000.0,681,0
M,42,23000.0,676,0
M,38,28107.0,678,25
M,25,11800.0,683,0
M,27,11000.0,660,0
M,50,8000.0,701,0
M,28,38000.0,653,1
M,51,30000.0,652,0
M,37,34000.0,666,0
M,45,20000.0,687,0
M,31,24000.0,687,0
F,29,28000.0,676,17
M,31,30000.0,683,0
M,23,18000.0,675,0
M,23,23000.0,706,0
M,27,30000.0,692,0
M,29,15000.0,691,0
M,22,35000.0,677,0
M,26,40000.0,708,0
M,32,30000.0,602,1
M,42,18000.0,681,10
M,49,32000.0,710,0
M,48,25000.0,679,0
M,29,20000.0,700,0
M,30,24000.0,692,0
M,24,28000.0,682,0
M,31,18000.0,686,0
M,26,20000.0,697,0
M,30,25000.0,691,0
M,31,36000.0,694,0
M,46,37000.0,690,0
M,27,36000.0,673,4
M,25,32000.0,661,0
M,24,15000.0,671,0
M,44,14000.0,668,0
M,30,99000.0,644,1
M,42,45000.0,676,0
M,24,20000.0,700,0
M,36,20000.0,678,11
M,25,35000.0,689,0
M,28,25000.0,659,2
M,23,15000.0,689,0
F,41,19000.0,648,2
M,44,5000.0,735,0
M,24,25000.0,668,0
F,38,10000.0,686,0
M,33,40000.0,704,1
M,34,39500.0,687,1
M,31,13500.0,673,0
M,48,15000.0,693,0
M,42,20000.0,696,0
M,28,31000.0,672,0
M,27,15600.0,700,0
M,32,25000.0,684,0
M,34,19500.0,722,0
M,59,45000.0,682,4
M,32,10.0,681,0
M,43,33000.0,708,0
M,33,24000.0,668,0
M,24,23000.0,659,0
M,23,20000.0,678,0
F,21,20000.0,683,0
M,23,18000.0,688,0
M,28,29000.0,678,0
F,41,28000.0,672,0
M,40,20000.0,695,0
M,41,36000.0,693,0
F,36,50000.0,674,3
F,21,16000.0,649,2
F,33,18000.0,664,1
M,34,23000.0,689,0
F,37,15000.0,712,0
M,32,30000.0,681,5
M,34,20000.0,689,0
M,22,30000.0,686,0
M,33,40000.0,720,0
M,22,16000.0,651,3
M,28,23000.0,672,10
M,21,18000.0,676,0
M,30,20000.0,645,1
M,25,25000.0,685,0
M,28,29000.0,678,0
M,23,17000.0,688,0
M,22,32000.0,633,1
F,31,10000.0,664,13
M,32,16000.0,694,1
M,22,35000.0,659,0
M,29,42000.0,654,0
M,30,20000.0,684,0
M,33,28000.0,698,0
M,28,11000.0,677,0
M,25,16500.0,687,0
M,34,20000.0,690,2
M,32,19000.0,716,0
M,25,25000.0,654,6
M,36,28000.0,729,0
F,24,24500.0,672,0
M,23,14000.0,677,0
M,28,20000.0,717,0
M,23,12000.0,681,0
M,24,14000.0,646,2
M,54,18000.0,679,3
M,26,15000.0,634,1
M,28,15000.0,663,0
M,31,20000.0,682,0
M,35,30000.0,703,0
F,27,18500.0,666,0
F,36,20000.0,665,0
F,41,19000.0,697,0
M,31,16000.0,688,1
M,29,25000.0,682,0
F,43,35000.0,684,0
M,36,30000.0,710,0
M,51,135000.0,735,3
M,31,25000.0,671,0
M,30,15000.0,695,0
M,25,29000.0,687,0
M,25,28000.0,677,0
M,24,20000.0,674,4
M,22,25000.0,679,0
M,31,24000.0,689,0
M,31,19000.0,688,0
M,35,20000.0,712,0
F,28,16000.0,690,0
M,37,32000.0,675,0
F,36,25000.0,685,0
M,25,40000.0,677,0
M,46,22000.0,724,0
M,29,20000.0,694,0
M,21,70000.0,677,0
M,28,38500.0,655,0
M,29,30000.0,681,0
M,39,17000.0,702,7
F,26,22500.0,686,7
M,22,20000.0,682,0
M,39,34000.0,693,0
M,46,27000.0,678,0
M,46,28000.0,701,0
F,48,45000.0,693,0
M,25,15000.0,667,2
M,25,12000.0,682,0
M,35,20000.0,684,0
M,29,30000.0,675,0
M,32,20000.0,707,7
M,29,15000.0,674,0
F,31,25000.0,655,2
F,37,20000.0,688,0
M,35,45000.0,687,1
M,37,32000.0,723,0
M,53,50000.0,667,6
F,32,30000.0,687,0
M,30,18000.0,675,0
M,22,32000.0,687,0
M,30,24000.0,671,1
M,30,30000.0,680,0
M,39,15000.0,677,6
M,23,19000.0,680,0
M,67,14000.0,695,0
M,28,38000.0,644,10
M,49,20000.0,682,0
M,31,20000.0,665,7
M,26,18000.0,692,0
M,35,45000.0,657,0
M,32,32000.0,701,1
F,51,18000.0,709,0
M,33,50300.0,682,1
M,60,38000.0,708,0
M,54,20000.0,687,0
M,30,18000.0,681,5
M,35,20000.0,698,0
M,32,12000.0,678,0
M,36,12500.0,708,39
M,36,23000.0,700,0
M,25,25000.0,676,0
M,25,22000.0,663,10
M,36,35000.0,676,0
M,47,30000.0,674,0
M,45,19500.0,689,0
M,34,20000.0,645,1
M,32,23598.0,690,3
M,31,14000.0,674,1
M,49,30000.0,722,4
M,45,50000.0,699,23
M,28,34000.0,675,0
M,37,22800.0,678,0
M,30,50000.0,683,5
M,44,28000.0,660,5
M,32,20000.0,677,0
M,38,30000.0,694,0
M,47,27650.0,681,0
M,37,18000.0,672,0
M,21,18000.0,691,0
M,22,25000.0,656,0
M,29,12000.0,672,0
M,23,26000.0,682,0
M,42,19000.0,697,0
M,24,20000.0,652,0
M,34,42500.0,675,0
M,25,32000.0,683,0
M,31,25000.0,688,0
M,34,19000.0,669,0
M,42,50000.0,695,0
M,47,20000.0,725,0
M,28,37000.0,649,0
M,34,40000.0,672,0
M,47,35000.0,676,0
M,41,55000.0,701,1
M,33,15000.0,683,0
M,28,40000.0,686,0
F,28,22000.0,690,0
M,41,30000.0,681,0
M,56,26000.0,718,0
F,32,22333.0,653,0
F,32,20000.0,687,0
M,49,20000.0,692,0
M,35,15000.0,693,0
F,22,18000.0,688,0
M,46,20000.0,714,4
F,29,15000.0,672,0
M,44,25400.0,710,0
F,27,14000.0,653,0
M,37,20000.0,690,0
M,32,20000.0,670,4
M,30,16000.0,671,0
M,35,30000.0,712,3
M,37,20000.0,688,0
M,31,25000.0,715,0
M,33,2500.0,674,4
M,32,50000.0,699,0
M,32,17000.0,701,0
M,26,25800.0,660,3
M,25,28000.0,615,1
M,21,15000.0,668,0
M,38,17000.0,682,9
M,38,35000.0,686,0
M,23,40000.0,665,1
M,35,18200.0,702,3
F,41,38000.0,700,4
M,43,38000.0,718,0
M,22,23000.0,644,16
M,28,18000.0,685,1
M,28,25000.0,609,0
M,27,4000.0,665,0
F,32,30000.0,674,0
F,33,23500.0,671,5
M,29,50000.0,676,0
M,26,15000.0,679,0
M,26,14000.0,660,0
M,29,25000.0,657,6
M,47,15000.0,686,0
M,34,14000.0,683,0
M,52,28000.0,689,0
M,47,27500.0,692,15
F,37,26000.0,668,0
M,22,18700.0,674,0
F,52,25000.0,667,0
M,26,60000.0,682,0
F,52,30000.0,684,0
M,53,16000.0,645,0
M,35,22000.0,703,11
M,23,20000.0,690,0
F,30,50000.0,662,0
M,27,30000.0,675,0
M,25,8700.0,674,0
M,40,20000.0,691,0
M,40,12000.0,714,3
F,33,25000.0,681,0
M,35,17000.0,674,0
M,33,25000.0,702,5
F,39,26000.0,708,0
M,27,29000.0,692,0
M,32,30000.0,668,0
M,31,17000.0,709,5
M,27,32000.0,680,0
M,37,16000.0,682,0
M,32,18000.0,682,0
F,28,12000.0,692,0
M,33,25000.0,652,1
M,25,15000.0,694,0
M,45,40000.0,689,3
M,30,26000.0,690,0
M,29,15300.0,670,1
F,34,52000.0,652,0
M,21,18000.0,673,0
M,27,14000.0,678,4
M,55,30000.0,721,5
M,27,23000.0,681,8
M,38,20000.0,680,0
M,29,14800.0,671,0
M,34,10000.0,682,0
M,28,20000.0,671,0
M,54,25000.0,712,0
M,39,25000.0,713,0
M,31,16000.0,641,1
F,38,35000.0,672,0
M,60,27000.0,680,0
M,40,34283.0,675,0
M,31,20000.0,636,1
M,28,15000.0,656,1
M,23,40000.0,686,4
M,32,30000.0,668,5
M,34,14000.0,661,0
M,26,26900.0,683,3
M,50,20000.0,711,0
M,23,55000.0,659,0
M,31,17000.0,672,0
M,37,20000.0,702,2
M,29,42000.0,700,0
M,46,20000.0,703,0
M,41,35000.0,679,0
M,53,520000.0,684,0
F,37,16000.0,642,0
M,23,22000.0,682,0
M,27,50000.0,662,0
M,46,23000.0,669,0
M,24,15000.0,675,0
M,21,18000.0,681,0
F,27,11000.0,670,0
M,45,19000.0,664,1
M,45,20000.0,667,4
M,32,32180.0,662,0
F,43,13000.0,672,0
M,32,20000.0,657,1
M,37,15000.0,660,0
F,46,20000.0,676,0
M,27,30000.0,674,0
M,27,19000.0,649,0
F,34,14500.0,664,0
F,35,15000.0,685,0
F,43,14000.0,680,0
F,39,10000.0,743,0
M,30,20000.0,655,1
M,36,10000.0,681,9
M,39,15000.0,733,0
M,31,45000.0,682,0
M,31,25000.0,672,1
M,47,23500.0,716,34
M,22,20000.0,668,0
M,35,22000.0,656,0
M,32,45000.0,685,0
M,32,28000.0,689,0
M,34,10000.0,674,0
M,46,24500.0,685,1
M,23,47500.0,669,0
M,35,24500.0,751,0
M,29,42000.0,692,0
M,26,14000.0,678,0
M,28,20000.0,668,0
M,30,18000.0,675,0
M,45,45000.0,669,0
M,46,25000.0,694,4
M,30,20000.0,698,0
M,55,25000.0,699,0
M,38,18000.0,672,1
M,30,32000.0,692,0
M,26,45000.0,653,1
M,21,17000.0,680,0
M,27,16000.0,630,1
M,27,13000.0,647,3
M,22,8500.0,659,0
M,53,30000.0,658,1
M,26,13000.0,685,1
M,26,70000.0,674,0
M,56,14000.0,692,0
M,32,20000.0,695,0
M,35,40000.0,673,3
F,34,12500.0,679,0
M,37,28000.0,691,0
M,31,40000.0,685,0
M,48,28000.0,667,0
F,35,75000.0,701,0
M,44,27000.0,696,7
M,34,20000.0,669,0
M,52,25000.0,680,0
M,31,18000.0,684,1
M,25,13000.0,641,0
M,22,23000.0,685,0
M,35,18560.0,652,4
F,47,16000.0,659,3
M,32,20000.0,713,2
M,39,18000.0,675,1
M,26,15000.0,673,1
M,44,24000.0,687,0
M,33,19000.0,671,1
M,34,12000.0,672,0
M,33,25000.0,681,17
M,40,15000.0,706,0
F,34,23000.0,698,0
M,31,23000.0,684,0
M,46,22000.0,685,0
M,36,20000.0,705,0
M,26,20000.0,652,0
M,39,45000.0,684,0
M,26,30000.0,666,0
M,24,30000.0,696,0
F,32,70000.0,663,0
M,28,30000.0,668,0
M,44,35000.0,679,0
M,22,12000.0,664,1
M,37,31000.0,681,0
M,29,38000.0,703,0
M,32,14000.0,682,0
M,31,43000.0,688,0
M,24,20000.0,651,0
M,33,16000.0,661,0
M,25,19000.0,658,0
M,31,13500.0,662,6
M,22,21000.0,669,0
M,23,25000.0,685,0
M,25,40000.0,646,1
M,30,22000.0,705,0
F,22,15000.0,635,1
M,31,29000.0,686,0
M,22,14000.0,677,0
M,26,12000.0,690,11
F,37,35000.0,694,0
M,29,15000.0,687,0
M,23,23000.0,692,0
M,34,45000.0,689,14
M,34,25000.0,666,0
F,38,18000.0,708,0
M,46,18000.0,695,0
M,27,18000.0,679,0
M,37,15500.0,669,9
M,39,13000.0,681,0
M,21,18000.0,674,0
M,31,35000.0,635,3
M,33,60000.0,652,1
M,26,14000.0,673,1
M,39,15000.0,675,0
M,49,70000.0,676,1
M,41,11000.0,670,3
M,21,15500.0,660,0
M,36,27000.0,679,0
M,44,28000.0,687,18
M,32,25300.0,685,0
M,24,25000.0,702,0
M,27,26000.0,673,0
M,27,30000.0,678,8
F,36,25000.0,678,6
M,49,20000.0,684,0
M,30,15000.0,683,0
M,24,27000.0,652,0
F,34,18000.0,687,4
M,30,85000.0,705,23
M,40,15000.0,677,2
M,26,40000.0,669,0
M,23,17000.0,680,0
M,30,30000.0,667,5
M,32,22000.0,663,0
M,39,43000.0,712,0
M,28,17800.0,679,0
M,25,28500.0,682,4
M,38,30000.0,669,1
M,24,31000.0,684,0
F,28,28000.0,641,3
M,28,27500.0,690,0
M,35,35000.0,709,1
M,25,65000.0,681,5
F,30,26000.0,674,0
M,33,18000.0,727,0
M,40,17000.0,703,0
M,34,25000.0,672,6
M,35,25000.0,654,0
M,28,50000.0,682,0
F,59,25400.0,677,2
M,42,25000.0,685,0
M,35,28000.0,677,0
M,50,35000.0,653,1
M,26,16000.0,689,0
M,33,35000.0,694,2
M,36,25000.0,668,4
M,35,37000.0,652,3
M,29,20000.0,700,0
F,43,18000.0,688,0
M,27,20000.0,698,0
M,45,29000.0,666,3
M,29,32500.0,671,0
F,50,13500.0,686,8
M,27,18000.0,665,0
M,50,29000.0,693,0
M,26,18000.0,667,0
M,34,28000.0,669,0
M,33,30000.0,704,0
M,23,12000.0,648,4
M,47,16000.0,676,3
M,56,25000.0,672,1
M,33,70000.0,676,4
M,24,30000.0,671,0
M,37,30000.0,715,0
M,27,19000.0,692,0
F,33,17000.0,708,12
M,30,15000.0,651,0
M,29,38000.0,711,0
M,33,34000.0,680,0
M,51,20000.0,683,0
M,26,20000.0,699,5
F,50,23000.0,670,0
M,47,25000.0,671,0
M,28,20000.0,639,1
M,34,35900.0,672,0
M,40,45000.0,656,8
M,29,18000.0,681,0
M,25,45000.0,677,0
M,35,12800.0,708,2
M,24,45000.0,687,0
M,37,25000.0,662,0
M,33,18000.0,698,5
M,31,22500.0,679,0
M,22,25000.0,686,0
M,35,25000.0,692,0
M,40,20000.0,718,1
M,30,20000.0,674,0
M,44,35000.0,700,1
F,55,23000.0,677,0
M,26,18000.0,672,0
M,41,19000.0,700,6
M,24,25000.0,675,0
M,23,16000.0,629,11
M,42,30000.0,675,0
M,37,30200.0,670,47
M,32,16000.0,691,0
M,27,50000.0,650,3
M,27,18000.0,689,0
M,44,20000.0,662,0
F,32,15000.0,685,0
M,29,50000.0,657,0
M,38,50000.0,689,0
F,26,12000.0,679,0
M,24,25000.0,595,2
M,24,20000.0,683,0
M,23,30000.0,686,0
M,40,30000.0,668,2
F,41,20000.0,683,0
M,24,22500.0,652,0
M,53,16000.0,711,5
M,34,25000.0,681,0
M,23,16500.0,660,0
F,39,6000.0,680,0
M,32,27000.0,683,5
F,25,20000.0,676,0
M,50,45000.0,696,0
M,23,15000.0,658,0
M,29,18000.0,641,0
M,24,23000.0,643,0
M,33,15000.0,707,2
M,25,15000.0,671,0
M,32,18000.0,669,0
M,45,30000.0,685,0
F,22,15000.0,677,0
F,34,20000.0,687,0
M,30,35000.0,692,0
M,27,22000.0,666,1
M,31,18000.0,657,2
M,21,17000.0,626,0
M,27,25000.0,662,1
F,35,23000.0,685,0
M,43,25000.0,698,0
M,25,28000.0,669,0
M,34,15000.0,677,15
M,21,13500.0,688,0
M,26,12000.0,682,0
M,25,16000.0,679,0
M,29,18500.0,659,1
F,44,15000.0,701,0
M,25,20000.0,696,0
M,46,25000.0,681,0
M,45,25000.0,716,0
M,26,11000.0,671,2
M,33,30000.0,693,0
M,28,26500.0,658,4
M,33,25000.0,682,7
M,31,20000.0,665,0
M,29,14000.0,690,0
M,30,20000.0,722,2
M,34,10000.0,688,0
M,31,19000.0,678,0
M,52,10000.0,707,0
M,39,16000.0,719,0
M,43,28000.0,675,7
M,30,33500.0,669,0
M,48,35000.0,671,23
M,25,18000.0,670,0
M,31,23000.0,692,0
M,34,13000.0,683,0
M,41,25000.0,674,0
M,25,12500.0,694,0
M,21,12000.0,682,8
M,37,30000.0,687,0
M,24,18000.0,671,0
M,23,16500.0,672,0
M,24,44000.0,678,0
F,57,30000.0,702,8
M,59,45000.0,696,0
M,44,18000.0,720,1
M,29,15000.0,681,0
M,26,20000.0,694,0
M,26,10000.0,661,0
M,22,40000.0,680,0
M,31,29000.0,647,0
M,21,18300.0,669,0
M,29,21700.0,688,0
F,25,18000.0,651,5
M,33,12500.0,674,0
F,34,12000.0,691,0
M,39,1800.0,750,0
M,25,28000.0,679,0
M,35,20000.0,665,0
M,28,30000.0,661,1
F,35,27150.0,675,23
M,32,25000.0,691,0
M,21,20000.0,649,0
M,57,30000.0,691,20
M,28,30000.0,671,0
M,33,20000.0,666,0
M,40,25000.0,656,1
M,25,20000.0,697,15
M,45,20000.0,673,0
M,53,36520.0,704,8
F,30,28000.0,673,0
M,23,23000.0,676,6
M,49,40000.0,657,3
M,42,21800.0,677,0
M,27,19000.0,699,0
M,51,34800.0,653,5
M,43,18000.0,661,4
M,64,20000.0,676,0
M,35,30000.0,673,0
M,33,31000.0,690,0
M,24,18000.0,677,0
M,29,30000.0,631,0
M,50,40000.0,729,0
F,26,20000.0,665,0
M,23,30000.0,655,0
M,26,25000.0,679,5
M,26,90000.0,675,0
M,33,15500.0,685,5
F,25,37000.0,682,0
M,25,20000.0,673,0
M,49,21500.0,670,0
M,25,22000.0,668,7
M,32,35000.0,687,0
M,45,20000.0,645,0
F,36,31000.0,713,0
M,27,20000.0,666,16
M,42,35000.0,664,2
M,34,30000.0,673,0
M,28,13000.0,699,2
M,27,6500.0,724,0
F,46,13500.0,671,0
M,36,45000.0,678,0
M,41,18000.0,668,1
M,35,23000.0,696,0
M,29,14000.0,682,0
M,32,40000.0,689,0
M,29,14000.0,687,0
M,32,22000.0,659,0
F,42,35000.0,669,0
M,36,30000.0,675,0
M,21,20000.0,687,0
M,53,12000.0,676,2
M,22,38000.0,679,0
M,30,50000.0,660,1
F,45,35000.0,694,0
M,39,20000.0,738,0
M,26,25000.0,683,0
M,23,18000.0,695,0
M,34,20000.0,697,0
M,34,26500.0,661,10
M,58,30000.0,685,0
M,32,26000.0,722,0
M,25,21000.0,692,0
M,31,18000.0,662,0
M,35,18000.0,664,0
M,30,28560.0,662,0
M,38,50000.0,670,21
M,33,48000.0,697,0
F,31,42500.0,685,4
M,32,29000.0,699,0
M,38,30000.0,638,1
M,45,20000.0,725,0
M,37,13500.0,688,0
M,60,50000.0,748,21
F,27,23000.0,688,0
M,23,18000.0,649,1
F,27,16000.0,679,0
M,59,40000.0,675,0
F,55,26000.0,637,1
M,41,20000.0,712,0
M,27,50000.0,720,0
M,42,30000.0,672,0
M,33,14800.0,657,1
M,39,30000.0,678,0
M,47,78000.0,694,0
M,29,17000.0,673,0
M,52,28500.0,687,58
M,32,50000.0,641,21
M,23,22000.0,686,0
M,39,20000.0,680,0
M,57,43000.0,713,0
M,30,17500.0,680,0
M,21,15000.0,681,0
M,34,19000.0,668,2
M,30,40000.0,658,15
M,22,15000.0,669,0
M,25,12000.0,701,0
M,44,29000.0,659,3
F,47,28000.0,661,1
M,30,18000.0,687,0
M,29,25000.0,651,2
M,38,25000.0,682,0
M,28,15000.0,680,0
M,23,15000.0,687,0
M,59,40000.0,678,0
F,42,20000.0,668,0
M,41,53000.0,718,0
M,44,40000.0,717,2
M,29,11000.0,681,0
F,52,28000.0,684,1
M,21,18000.0,673,0
M,34,20000.0,678,0
M,37,20000.0,688,0
M,30,30000.0,702,0
M,38,30000.0,682,0
M,31,18300.0,679,0
M,50,25000.0,685,0
M,45,30000.0,661,8
M,51,20000.0,714,7
M,36,38000.0,680,0
M,26,15000.0,651,0
M,23,40000.0,658,2
M,38,31000.0,726,0
M,27,20000.0,670,0
M,50,32000.0,711,0
M,25,25000.0,666,2
M,23,25000.0,680,1
M,22,10000.0,682,0
M,26,19000.0,661,2
M,61,19500.0,667,0
M,34,45000.0,664,14
M,26,14000.0,687,0
M,22,15000.0,688,0
M,31,9000.0,684,0
M,32,15000.0,680,0
M,26,24500.0,662,0
M,37,40000.0,656,0
M,24,15000.0,675,0
M,28,13000.0,660,0
M,32,13700.0,681,1
M,21,18000.0,664,0
M,29,40000.0,633,0
M,32,17500.0,688,0
M,52,25000.0,640,0
M,44,53000.0,699,0
M,50,30000.0,682,1
M,47,20000.0,680,0
M,24,45000.0,642,0
M,28,35000.0,692,0
M,32,19000.0,656,0
M,34,25300.0,663,0
M,25,53500.0,670,0
M,22,30000.0,677,0
M,27,25000.0,647,1
M,26,10000.0,674,7
M,28,39000.0,678,0
M,37,47000.0,695,0
M,49,23000.0,702,0
M,35,35000.0,653,2
M,32,35000.0,709,4
M,29,25000.0,673,0
M,26,14000.0,665,1
F,33,30000.0,678,0
M,49,30000.0,657,0
M,38,18000.0,673,0
M,37,35000.0,676,0
M,30,21000.0,680,2
M,34,35000.0,681,1
M,32,30000.0,699,0
M,48,28000.0,692,4
M,36,14500.0,722,0
M,38,35000.0,652,0
M,36,15000.0,674,2
M,26,15000.0,679,0
M,35,18000.0,665,4
M,26,13500.0,672,0
M,33,25300.0,684,0
M,43,30000.0,672,0
M,41,35000.0,695,0
M,23,48000.0,671,0
M,35,30000.0,680,0
M,28,24000.0,675,0
M,25,10000.0,662,4
M,39,25000.0,684,0
M,35,25000.0,677,13
M,37,32505.0,674,0
M,29,12000.0,685,0
M,54,38000.0,709,5
M,30,62500.0,685,6
M,37,24000.0,673,0
M,39,27000.0,690,0
F,39,55000.0,686,0
M,23,9500.0,703,0
F,41,15000.0,691,0
M,39,18000.0,677,0
M,42,85000.0,682,0
M,35,50000.0,688,0
M,26,40000.0,670,0
M,40,45000.0,752,0
M,21,25000.0,660,0
M,21,35000.0,649,1
M,30,20000.0,699,0
F,39,13500.0,691,0
M,27,30000.0,663,0
M,42,18500.0,730,0
M,33,20000.0,700,3
M,44,25000.0,716,0
M,35,10000.0,687,0
M,39,25000.0,748,1
M,25,17800.0,612,6
M,43,38000.0,683,0
M,22,30000.0,676,2
M,28,30000.0,678,0
M,30,35000.0,693,2
M,41,10000.0,689,0
M,41,20000.0,705,2
M,38,23000.0,678,0
M,49,20000.0,665,5
F,30,16000.0,703,0
M,33,12000.0,707,0
M,30,10000.0,699,0
F,36,13000.0,668,3
M,50,20000.0,683,2
M,43,18000.0,668,1
M,31,27000.0,684,0
M,32,30000.0,677,11
M,28,20000.0,692,1
M,31,28000.0,705,0
M,29,15000.0,673,1
M,33,20000.0,688,0
M,28,10000.0,695,0
F,46,25000.0,639,0
M,29,25000.0,681,0
M,47,20000.0,678,0
M,31,2000.0,695,0
M,37,32000.0,672,0
M,28,18000.0,669,4
M,33,35000.0,660,1
F,25,50000.0,720,0
M,37,40000.0,664,0
M,29,22000.0,683,0
M,29,40000.0,776,4
M,33,14000.0,652,0
M,47,8697.0,703,17
M,30,50000.0,673,0
F,35,15000.0,673,0
M,44,25000.0,684,0
M,31,28500.0,664,0
M,29,8000.0,684,0
M,42,19500.0,711,12
M,23,30000.0,662,2
F,25,9000.0,694,0
M,24,10000.0,689,0
M,29,23000.0,693,0
F,38,23000.0,673,0
M,23,31000.0,665,4
M,37,9500.0,694,0
M,34,25000.0,680,0
M,47,25000.0,726,0
F,44,17000.0,694,0
M,46,15000.0,657,0
M,28,25000.0,684,0
M,40,11000.0,694,0
M,24,20000.0,691,0
M,31,30000.0,677,0
M,38,30000.0,671,4
M,32,32000.0,696,0
M,33,18700.0,666,0
M,27,18000.0,697,0
M,54,40000.0,699,4
M,33,25000.0,677,0
M,33,20000.0,667,1
M,27,35000.0,686,0
M,42,20000.0,661,0
M,38,19500.0,743,0
M,25,32000.0,678,0
M,24,20000.0,639,7
M,30,30000.0,682,0
M,24,20000.0,679,0
M,32,19000.0,689,0
M,25,19000.0,682,0
M,28,33500.0,682,0
M,25,12000.0,688,0
F,32,20000.0,672,0
M,33,14000.0,671,0
M,32,38000.0,663,0
F,42,29000.0,709,0
M,35,40000.0,645,5
M,38,15000.0,672,6
M,34,15000.0,682,2
M,25,30000.0,675,0
M,45,30000.0,666,0
F,47,12000.0,684,0
M,24,30000.0,683,1
M,34,17000.0,739,0
M,38,16000.0,674,0
F,35,27000.0,647,8
M,22,21500.0,663,1
M,26,25000.0,680,0
M,26,25000.0,644,2
M,49,35000.0,693,0
M,21,15500.0,670,0
M,53,38000.0,660,5
M,22,15000.0,661,0
M,41,31000.0,672,2
M,22,23000.0,686,0
M,44,35000.0,682,0
M,33,12000.0,677,0
M,30,25000.0,685,0
M,28,18000.0,641,2
M,46,15000.0,676,10
M,50,25000.0,698,0
M,28,14000.0,666,2
F,39,24500.0,669,0
M,23,34000.0,661,1
M,28,25000.0,672,0
M,35,33000.0,705,0
M,29,14000.0,668,0
M,27,15000.0,704,0
M,26,22000.0,687,0
M,24,10000.0,673,0
M,30,20000.0,697,8
M,26,35.0,665,15
M,24,12500.0,659,0
F,40,45000.0,658,0
M,45,29000.0,687,0
M,33,22000.0,661,12
M,23,18000.0,653,3
M,31,40000.0,671,3
M,42,50000.0,710,3
M,39,30000.0,689,0
F,32,22000.0,673,0
M,39,35000.0,692,0
M,32,18000.0,678,1
M,35,35000.0,700,0
M,32,14000.0,701,16
M,44,50000.0,677,2
M,27,35000.0,671,6
M,38,25000.0,662,4
M,29,25000.0,684,0
F,43,30000.0,655,0
M,30,45000.0,693,0
M,27,44000.0,699,0
M,45,25000.0,681,8
M,37,80000.0,699,0
M,34,22000.0,695,0
M,50,9000.0,737,0
M,43,15000.0,671,0
M,22,18500.0,661,0
M,24,20000.0,707,0
M,53,30000.0,684,0
M,44,30000.0,673,0
M,24,17000.0,646,0
M,41,45500.0,680,0
M,29,15000.0,668,0
M,35,14000.0,674,0
M,31,12000.0,674,0
M,27,19500.0,707,0
M,32,20000.0,654,3
M,23,18000.0,679,0
M,40,15000.0,678,2
M,28,14000.0,669,0
M,34,12000.0,676,7
M,27,30000.0,669,0
M,33,12000.0,700,0
M,25,28000.0,687,0
M,35,41000.0,625,11
M,32,22000.0,683,0
M,44,17000.0,684,6
M,37,50000.0,637,0
M,27,24500.0,694,0
M,24,14000.0,692,0
M,32,25000.0,712,0
M,22,15000.0,671,0
F,32,27000.0,666,2
M,28,20000.0,694,3
M,56,32000.0,686,0
M,25,30000.0,669,0
M,31,25000.0,677,0
M,23,28000.0,670,4
M,38,28000.0,685,0
M,34,17800.0,698,12
M,25,30000.0,667,1
M,23,33000.0,671,0
M,30,25000.0,687,0
F,32,35000.0,661,1
M,22,14000.0,664,16
M,24,40000.0,680,0
M,22,18000.0,672,0
M,45,30000.0,698,0
M,31,60000.0,673,0
F,33,15000.0,668,0
F,40,25000.0,716,6
M,33,22000.0,655,0
M,28,30000.0,674,0
F,29,16500.0,662,2
M,28,25000.0,648,0
M,24,20000.0,675,0
M,37,24000.0,686,0
M,30,19000.0,708,0
M,22,13000.0,691,0
M,23,20000.0,666,0
M,23,22000.0,671,0
M,49,11000.0,687,7
M,24,30000.0,657,1
M,26,30000.0,658,5
F,30,16500.0,689,0
M,28,22000.0,662,0
M,33,50000.0,657,0
M,49,20000.0,653,0
M,24,25000.0,672,2
M,28,14000.0,691,0
M,33,38000.0,671,0
M,24,15000.0,653,16
M,45,16000.0,707,0
M,32,35000.0,687,0
M,43,20000.0,702,0
M,33,15000.0,677,0
M,48,25000.0,682,14
M,46,20000.0,720,0
M,33,22000.0,684,0
M,27,10000.0,709,0
M,32,12500.0,690,0
M,25,23000.0,650,5
M,34,45000.0,685,5
F,44,33000.0,690,9
M,27,18000.0,693,0
M,29,32000.0,682,1
M,41,25000.0,709,0
F,32,37000.0,670,0
M,40,30000.0,674,0
M,24,75000.0,688,0
M,21,20000.0,675,0
M,34,18000.0,672,5
M,41,25000.0,688,0
M,59,45000.0,700,0
M,38,25000.0,640,0
M,26,30000.0,689,0
M,52,42274.0,673,0
M,33,32000.0,675,0
M,21,40000.0,680,0
M,29,15000.0,706,0
F,27,27800.0,655,0
M,30,19000.0,659,5
M,28,45000.0,679,0
M,35,25000.0,682,0
M,34,30000.0,694,0
M,32,35000.0,684,0
M,41,19000.0,671,2
M,30,19500.0,687,0
M,43,25000.0,699,0
F,39,20000.0,689,0
M,25,36000.0,663,3
M,46,19500.0,669,15
M,23,55000.0,674,0
M,30,32000.0,670,0
M,23,25000.0,673,0
M,37,22000.0,602,22
M,51,26500.0,678,9
M,32,20000.0,684,0
M,46,25000.0,709,1
M,47,28000.0,687,0
M,28,8000.0,682,0
M,34,65000.0,718,0
M,21,15500.0,677,0
M,40,14000.0,670,0
M,31,22000.0,658,8
M,22,19000.0,680,0
M,36,27810.0,644,2
M,29,30000.0,682,0
M,42,20000.0,686,0
M,25,15000.0,689,0
M,25,25000.0,660,1
M,25,22000.0,634,3
M,49,45000.0,660,17
M,39,53000.0,698,0
M,47,12500.0,672,1
M,27,32890.0,685,0
M,23,42000.0,679,0
M,26,20000.0,682,0
F,41,26000.0,681,0
F,48,28000.0,687,0
M,47,43000.0,647,3
M,31,20000.0,747,6
M,31,11000.0,661,2
M,36,32000.0,689,0
M,39,27000.0,697,0
M,26,33500.0,626,0
M,39,35000.0,655,2
F,41,28000.0,669,10
M,31,30000.0,691,0
M,25,30000.0,702,0
M,31,16000.0,682,0
M,36,15000.0,663,1
M,23,17000.0,661,1
M,40,40000.0,689,0
M,38,20000.0,689,0
M,30,18500.0,687,0
M,31,25000.0,719,0
M,42,19800.0,707,1
M,31,15000.0,696,0
M,23,25000.0,675,0
M,40,16000.0,660,3
M,43,25000.0,658,7
F,36,3000.0,692,0
M,39,15000.0,699,0
M,43,33000.0,690,0
M,23,13000.0,700,0
M,27,18000.0,684,6
M,25,13500.0,664,1
M,27,25460.0,651,0
M,25,25000.0,659,0
M,35,20000.0,645,0
M,36,64000.0,669,1
M,39,15000.0,706,0
M,25,18000.0,675,0
M,22,43000.0,661,0
M,28,32000.0,690,0
M,33,33000.0,666,0
M,37,15500.0,695,0
M,59,15607.0,696,0
M,34,18000.0,688,0
M,49,19000.0,717,0
M,23,35000.0,639,1
F,40,45000.0,700,0
M,31,47000.0,704,0
M,26,23000.0,650,9
M,23,18000.0,682,0
M,42,22000.0,695,5
M,51,30000.0,678,10
M,47,98000.0,713,1
M,27,30000.0,651,0
F,23,11000.0,675,0
M,30,22000.0,690,0
M,28,40000.0,669,3
M,31,18000.0,658,1
M,51,15000.0,688,0
M,43,25000.0,709,0
M,41,15000.0,662,0
M,29,30000.0,671,0
M,49,46000.0,691,5
M,42,45000.0,668,1
M,28,20000.0,638,7
M,26,40000.0,682,0
M,27,16000.0,688,0
M,28,40000.0,668,0
F,34,15000.0,694,0
F,27,18000.0,694,3
M,30,15000.0,662,0
M,63,15000.0,773,0
F,51,30000.0,677,0
M,27,65000.0,669,0
M,45,18000.0,683,2
M,36,34500.0,706,8
M,37,30000.0,680,0
M,27,18000.0,663,3
M,34,16000.0,701,0
F,44,20000.0,680,0
M,41,60000.0,706,16
M,26,25000.0,636,0
M,29,28000.0,692,0
M,50,35000.0,720,0
M,36,40000.0,671,0
M,49,45000.0,681,3
M,30,35000.0,674,0
M,41,30000.0,730,0
M,35,12000.0,695,0
M,25,26000.0,680,0
M,43,30000.0,673,0
M,21,14000.0,683,0
F,25,15000.0,676,0
M,26,15000.0,682,1
M,26,21000.0,665,0
M,21,18000.0,667,0
M,44,17500.0,697,0
M,30,23000.0,646,0
M,23,15000.0,672,2
M,27,19000.0,664,2
M,24,27000.0,683,0
M,28,18000.0,676,0
M,34,19000.0,689,0
M,32,21300.0,709,0
M,52,20000.0,682,0
M,36,30000.0,677,0
M,42,20000.0,671,0
F,34,25000.0,702,0
M,54,30000.0,665,0
M,23,15000.0,676,0
M,50,15000.0,686,0
M,45,35000.0,738,0
M,28,18000.0,662,0
M,36,30000.0,660,0
M,39,30000.0,666,0
M,31,25000.0,675,0
M,26,16000.0,688,0
F,47,14000.0,685,9
F,47,15000.0,698,0
M,28,18000.0,644,1
M,45,18000.0,681,2
F,30,10.0,683,0
M,24,20000.0,685,0
M,25,25000.0,675,0
M,53,35000.0,705,3
M,48,25000.0,718,0
M,49,35000.0,756,2
F,40,24000.0,699,0
F,49,19500.0,666,0
M,23,14000.0,658,2
M,44,20000.0,700,0
M,37,20000.0,688,0
M,33,26000.0,683,0
M,36,80000.0,659,0
M,41,19000.0,719,2
M,29,12000.0,684,8
M,22,12000.0,681,0
M,29,25000.0,681,4
M,36,24000.0,629,0
M,22,18000.0,679,0
M,53,30000.0,740,0
F,25,20000.0,681,0
M,36,20000.0,697,0
M,41,25800.0,686,0
M,33,45000.0,653,1
M,27,58000.0,721,4
M,33,32000.0,661,8
M,35,18500.0,662,2
F,22,40000.0,673,0
M,30,18420.0,680,0
F,34,30000.0,688,0
M,27,15000.0,664,0
M,32,18000.0,665,0
M,35,15000.0,697,0
F,28,18000.0,674,1
M,60,18500.0,689,0
M,54,16000.0,705,2
M,29,16000.0,683,1
M,38,30000.0,670,7
M,31,60000.0,667,8
M,38,29000.0,672,1
M,37,25000.0,681,0
F,32,19500.0,680,0
M,24,15000.0,671,2
M,28,20000.0,702,0
M,32,30000.0,691,0
F,33,10000.0,681,0
M,45,55000.0,681,0
M,35,40000.0,715,0
F,57,20000.0,684,0
M,21,40000.0,667,0
F,29,12000.0,696,0
M,36,30000.0,671,2
M,27,18000.0,721,0
M,60,25000.0,731,4
M,27,25000.0,666,0
M,39,20000.0,694,0
M,46,50000.0,699,2
M,26,15000.0,679,0
M,26,9000.0,663,0
M,30,45000.0,668,36
M,24,20000.0,665,14
M,30,42000.0,653,0
M,40,10508.0,668,0
M,28,32000.0,685,0
F,29,25000.0,692,0
M,48,62000.0,689,0
M,50,18000.0,659,0
M,30,10000.0,682,0
M,39,45000.0,612,0
M,27,12000.0,673,8
M,27,19000.0,672,0
M,26,25000.0,697,0
M,26,28000.0,650,4
M,28,18500.0,682,0
M,22,13000.0,668,0
M,43,17500.0,677,2
M,25,14000.0,689,0
F,45,22000.0,670,0
F,41,45000.0,680,0
F,30,12000.0,641,1
M,33,23000.0,671,9
M,25,12000.0,689,0
M,42,23000.0,702,0
F,36,10000.0,671,0
F,40,33000.0,669,1
F,27,18000.0,661,1
M,38,17200.0,684,0
M,43,20000.0,731,0
M,31,24000.0,699,0
M,35,50000.0,677,5
F,32,30000.0,670,0
F,30,23000.0,653,5
M,37,30000.0,681,0
M,31,15000.0,674,4
M,42,35000.0,682,12
M,43,14000.0,672,0
M,33,32000.0,689,0
M,40,20000.0,699,0
M,27,15000.0,690,10
F,45,35000.0,689,0
F,28,35000.0,631,0
M,28,30000.0,673,0
F,33,12000.0,688,0
M,32,25000.0,655,5
M,36,25000.0,738,5
F,46,22000.0,684,0
M,36,21000.0,667,0
M,22,25000.0,689,0
M,42,50000.0,688,2
M,32,25000.0,653,2
F,54,25000.0,728,0
M,29,15000.0,667,0
M,48,30000.0,698,0
M,27,25000.0,681,1
M,46,20000.0,676,0
M,23,18000.0,670,0
M,36,45000.0,670,6
M,39,13000.0,699,0
M,22,25000.0,642,0
M,44,35000.0,677,0
M,49,18000.0,707,0
M,22,15000.0,683,0
M,46,25000.0,689,0
M,32,33000.0,672,0
M,21,15000.0,692,0
M,46,15000.0,673,0
M,35,35000.0,697,2
M,34,11500.0,691,0
M,34,45000.0,675,0
M,23,40000.0,667,0
M,40,23000.0,698,11
M,30,18000.0,680,0
M,33,40000.0,673,0
M,35,30000.0,671,1
M,43,25000.0,678,1
M,31,30000.0,694,10
M,39,12000.0,693,0
F,28,18500.0,691,0
M,30,25000.0,673,11
M,34,35000.0,686,0
M,24,20000.0,651,0
M,34,10000.0,679,0
M,49,20000.0,657,1
M,24,22000.0,689,0
M,33,20000.0,683,0
M,40,35000.0,672,0
F,44,25000.0,686,0
M,25,25000.0,682,0
F,53,24500.0,657,2
M,32,30000.0,679,0
M,31,20700.0,669,0
M,40,15000.0,666,3
M,21,15000.0,662,0
M,33,28000.0,685,0
M,36,15500.0,678,2
M,46,25000.0,702,0
M,26,25000.0,687,0
M,33,21000.0,681,0
M,34,24000.0,675,0
M,39,16000.0,674,0
M,30,30000.0,688,3
M,24,15000.0,668,0
M,53,15000.0,671,15
M,37,25000.0,696,0
F,24,12000.0,658,0
M,23,25000.0,679,0
M,34,18500.0,709,0
M,47,49000.0,664,0
M,34,52000.0,655,0
M,22,9000.0,661,0
M,22,15000.0,689,0
M,36,15000.0,721,0
M,22,28000.0,684,0
M,24,26300.0,618,0
M,32,25000.0,659,1
M,27,10000.0,685,0
F,27,40000.0,660,1
M,26,15000.0,667,0
M,43,12000.0,688,0
M,26,30000.0,685,0
F,27,17000.0,690,0
F,47,24000.0,706,6
M,44,35000.0,680,0
M,32,17900.0,665,0
M,22,10000.0,654,0
M,27,30000.0,675,13
M,30,19000.0,713,0
M,29,15000.0,697,0
M,48,25000.0,700,0
F,53,40000.0,672,1
M,38,25000.0,670,0
M,25,17000.0,658,2
M,24,30000.0,650,1
M,24,20000.0,665,2
M,36,40000.0,687,0
M,39,9000.0,680,0
M,29,25000.0,695,0
M,27,28000.0,699,7
M,24,18000.0,682,0
M,34,17000.0,681,0
F,39,25000.0,665,0
F,39,15000.0,676,0
M,36,40000.0,681,1
M,23,11000.0,705,0
M,30,12000.0,681,0
M,37,30000.0,671,0
M,29,33000.0,598,2
M,53,15000.0,685,0
M,43,17000.0,689,0
M,30,15000.0,686,3
F,33,12000.0,676,2
M,30,50000.0,676,0
M,37,25000.0,678,0
M,23,15000.0,640,1
M,39,60000.0,652,0
M,30,18000.0,669,0
M,28,26000.0,675,2
M,24,42000.0,673,0
M,22,23500.0,688,0
M,23,40000.0,679,0
M,46,28000.0,674,0
M,29,35000.0,693,1
M,25,25000.0,658,0
M,33,25000.0,683,0
F,29,30000.0,656,0
M,44,20000.0,706,0
F,50,35000.0,654,0
M,30,18000.0,676,6
M,24,30000.0,666,0
M,46,35000.0,734,0
M,29,38000.0,609,0
M,21,13000.0,630,0
M,22,17850.0,685,0
M,43,15000.0,684,0
M,40,46000.0,704,0
M,31,18500.0,646,6
M,27,19000.0,730,0
M,27,25000.0,656,4
M,27,15000.0,690,0
F,38,35000.0,673,0
M,22,23000.0,681,0
M,45,21000.0,685,0
M,29,14000.0,701,0
M,21,25000.0,662,0
M,32,15200.0,681,0
M,29,35000.0,717,2
M,53,12.0,683,4
M,36,24000.0,667,0
M,49,40000.0,743,0
M,47,16000.0,694,0
M,31,30000.0,664,5
M,51,15000.0,672,0
F,42,20000.0,662,1
M,45,32000.0,699,0
M,24,35000.0,631,0
M,22,15000.0,674,0
M,25,32000.0,683,0
M,46,30000.0,663,0
M,44,8000.0,702,0
M,28,22000.0,661,0
M,27,25000.0,648,0
M,27,18000.0,675,0
F,43,22000.0,666,1
M,22,17000.0,676,0
M,39,35000.0,688,0
M,43,18000.0,696,0
M,40,20000.0,672,7
F,37,25000.0,693,0
M,35,20000.0,673,0
M,34,33000.0,730,14
M,26,11000.0,689,0
M,26,22000.0,675,0
M,41,25000.0,702,0
M,37,45000.0,657,1
M,38,40000.0,669,0
M,37,50000.0,669,8
M,41,30000.0,674,0
M,25,40000.0,695,1
M,35,19000.0,681,0
M,35,18000.0,665,1
M,31,20000.0,661,0
M,40,24000.0,671,1
M,43,18500.0,683,0
M,29,55000.0,700,0
M,24,9000.0,671,4
M,29,25000.0,680,0
M,40,22000.0,678,0
F,35,54000.0,700,7
F,44,13000.0,682,0
M,35,34000.0,691,0
M,35,17000.0,643,0
F,42,11500.0,696,0
M,38,54000.0,702,4
M,26,29000.0,661,1
M,34,14000.0,686,0
M,34,17500.0,663,0
M,43,12000.0,683,0
M,29,37500.0,652,0
M,33,30000.0,662,0
M,30,14500.0,640,2
M,28,18000.0,652,11
M,60,45000.0,723,0
M,26,23000.0,707,0
F,42,15000.0,679,0
M,23,15000.0,687,0
M,45,29000.0,725,0
F,43,40000.0,686,0
M,38,25000.0,696,0
M,32,18500.0,684,0
M,43,18000.0,677,0
M,36,20000.0,686,0
M,23,13000.0,686,0
F,22,7000.0,678,0
M,41,25000.0,713,9
M,29,18000.0,673,0
M,43,32100.0,701,0
M,32,23000.0,675,0
M,34,27600.0,680,11
M,23,15000.0,662,1
M,30,13000.0,710,0
M,33,35000.0,666,0
M,52,18000.0,686,0
M,26,40000.0,669,0
M,31,12000.0,711,0
M,24,21000.0,689,0
M,26,18000.0,646,0
M,30,24500.0,656,1
M,42,25000.0,664,0
F,40,15000.0,693,0
M,27,25000.0,674,2
M,37,18000.0,698,2
M,40,35000.0,710,0
M,31,18000.0,646,6
M,22,6000.0,666,1
M,25,35000.0,694,0
F,26,15000.0,636,3
M,35,19950.0,704,0
M,22,19000.0,659,1
M,32,21546.0,682,2
M,26,20000.0,664,5
M,21,28900.0,671,1
F,29,15000.0,718,0
M,24,20780.0,695,0
M,25,13000.0,684,0
F,42,28000.0,665,0
M,33,30000.0,664,0
M,38,23500.0,657,0
M,34,25000.0,685,0
M,29,16000.0,678,0
M,55,20500.0,674,0
M,45,18000.0,702,13
M,33,34000.0,657,6
M,37,32000.0,692,0
M,39,16882.0,727,0
M,35,18000.0,695,0
M,50,31000.0,743,6
M,45,30000.0,685,0
M,25,18500.0,679,0
M,50,22000.0,712,7
M,46,30000.0,698,0
M,35,24000.0,687,6
M,48,30000.0,693,4
M,26,27500.0,700,0
M,48,15000.0,691,0
M,39,23000.0,682,0
M,35,33000.0,678,2
M,33,15000.0,701,11
F,53,20000.0,681,12
M,29,17500.0,691,0
M,29,30000.0,672,9
M,24,16500.0,656,0
F,34,23500.0,663,0
M,29,15000.0,652,0
M,32,20000.0,654,0
M,23,15000.0,705,0
M,33,20000.0,697,0
M,31,35000.0,688,0
M,45,20000.0,653,0
M,45,35000.0,704,0
M,41,12000.0,693,0
M,25,23000.0,686,10
M,28,30000.0,656,0
M,28,26000.0,694,0
M,30,15000.0,680,0
M,35,40000.0,692,1
M,36,25000.0,703,14
M,28,18000.0,698,0
M,30,15000.0,665,1
M,26,45000.0,662,1
M,27,20000.0,659,1
M,39,25000.0,733,0
M,56,32134.0,672,11
M,33,35000.0,645,3
M,29,33000.0,752,1
F,46,27000.0,685,0
M,25,15000.0,672,0
M,41,14000.0,683,2
M,27,25000.0,657,0
M,41,25000.0,679,0
M,26,23000.0,690,0
M,28,15000.0,700,0
M,31,22500.0,665,1
M,34,20000.0,677,0
M,33,40000.0,698,0
F,30,16000.0,711,5
M,28,18000.0,661,0
M,30,80000.0,686,0
M,25,35000.0,693,1
M,24,12610.0,698,0
M,37,12000.0,670,0
M,29,25000.0,685,0
M,23,20000.0,724,1
M,33,30000.0,696,0
M,22,18500.0,678,0
M,31,14000.0,675,0
M,48,35000.0,668,0
F,31,14000.0,689,0
M,33,30000.0,684,0
M,31,10000.0,680,11
M,27,24500.0,677,0
M,34,35000.0,688,0
M,30,24000.0,683,0
M,27,18000.0,675,0
M,36,25000.0,688,0
M,27,43000.0,677,0
M,41,45000.0,685,6
M,32,25000.0,693,0
M,29,32500.0,684,0
M,56,40000.0,708,0
F,24,20000.0,659,0
M,33,33000.0,663,2
M,26,13500.0,680,0
M,34,35000.0,695,0
M,26,21000.0,625,0
M,29,16000.0,678,1
F,31,30000.0,667,0
F,23,9000.0,664,7
M,29,30000.0,684,0
F,24,15000.0,681,0
F,34,19000.0,670,9
M,33,18000.0,672,0
M,24,30000.0,651,0
M,23,18000.0,687,0
M,27,15000.0,701,0
M,23,11990.0,681,0
M,46,22000.0,743,0
F,49,200000.0,668,4
M,45,14500.0,691,7
M,26,28000.0,646,1
M,50,25000.0,731,0
M,56,22000.0,674,0
M,32,35000.0,680,0
M,25,11000.0,670,0
M,41,42500.0,691,0
M,51,20000.0,702,7
M,48,18000.0,687,0
M,22,18000.0,674,0
M,27,38000.0,661,0
M,35,15000.0,651,0
M,29,39000.0,670,0
M,28,19500.0,678,7
M,24,17000.0,665,1
F,34,25000.0,662,0
M,48,25000.0,678,0
M,34,6000.0,693,0
M,24,16000.0,692,0
M,26,28000.0,655,0
M,43,20000.0,698,0
M,24,15000.0,674,4
M,32,70000.0,678,0
M,34,24000.0,677,0
M,23,18000.0,670,0
M,25,25000.0,651,4
M,31,53000.0,609,3
M,32,60000.0,712,7
M,23,25000.0,651,0
M,24,18000.0,654,0
M,21,15000.0,686,0
F,33,9000.0,683,0
M,39,18000.0,688,2
M,49,21000.0,665,4
M,32,25000.0,699,0
M,41,30000.0,651,0
M,29,23000.0,652,2
M,23,21000.0,670,0
M,24,20000.0,638,0
M,34,25000.0,666,7
F,45,18000.0,685,0
F,61,25000.0,682,0
M,30,15000.0,722,0
M,26,9000.0,665,1
M,42,25000.0,727,0
M,40,22000.0,693,0
F,42,34000.0,678,0
M,23,19000.0,689,0
M,32,21000.0,665,0
M,33,24000.0,681,0
M,22,30000.0,648,0
M,21,25000.0,676,0
M,41,58900.0,675,0
F,33,16000.0,682,3
M,31,22000.0,686,1
F,33,25000.0,643,0
M,30,27000.0,675,1
M,24,32500.0,676,0
M,46,26586.0,694,0
M,26,25000.0,677,4
M,37,25000.0,670,0
M,25,28000.0,671,0
F,40,60000.0,689,0
M,25,32000.0,671,0
M,35,22000.0,695,0
M,35,30000.0,664,5
M,32,45000.0,706,0
F,27,15350.0,644,2
M,35,37500.0,675,0
M,37,30000.0,675,1
M,38,40000.0,700,5
M,35,14000.0,681,1
M,44,70000.0,663,1
M,21,28000.0,685,0
M,27,20000.0,680,1
M,35,35000.0,701,0
M,29,25000.0,679,7
M,43,25000.0,702,17
M,36,14000.0,699,0
M,23,18000.0,683,0
M,50,50000.0,651,2
M,29,24000.0,723,0
M,34,20000.0,681,0
M,39,30000.0,673,0
M,35,40000.0,716,4
M,24,21000.0,659,0
M,48,62000.0,728,1
M,31,25000.0,672,0
F,44,20000.0,670,0
M,49,18000.0,633,1
M,36,25000.0,712,0
M,41,17500.0,687,0
M,24,20000.0,665,0
M,27,70000.0,640,4
M,23,27500.0,675,1
M,33,25000.0,670,0
F,26,15000.0,676,2
M,55,21000.0,741,0
M,32,23000.0,687,0
M,24,12500.0,682,10
M,36,18000.0,707,0
M,54,30000.0,674,0
M,37,28000.0,682,0
M,52,50000.0,694,7
M,36,20000.0,697,0
F,36,12000.0,670,0
M,34,30000.0,644,0
M,41,25000.0,666,7
F,33,45000.0,673,0
M,51,22000.0,691,0
M,33,22000.0,705,0
M,25,12000.0,672,0
M,30,45000.0,695,0
M,33,18000.0,664,0
M,25,18000.0,683,4
F,29,23000.0,681,0
F,40,16000.0,673,0
F,43,14000.0,680,5
M,27,15000.0,655,0
M,38,12000.0,673,0
M,50,50000.0,739,0
M,25,40000.0,669,2
M,30,26000.0,690,0
M,42,35000.0,647,6
M,30,48000.0,668,0
M,27,18000.0,668,0
M,32,25000.0,681,0
M,43,43000.0,694,0
M,28,35000.0,670,0
M,41,39999.0,682,0
M,34,15000.0,679,0
M,25,19000.0,668,0
M,22,22000.0,682,0
M,27,18500.0,678,0
F,50,14000.0,681,5
M,28,45000.0,618,0
M,29,18000.0,684,0
F,47,20000.0,695,0
M,32,14000.0,684,0
M,37,45000.0,662,0
M,40,19000.0,680,1
M,28,30000.0,668,0
F,39,15000.0,673,0
M,27,48000.0,614,0
M,60,40000.0,691,0
M,41,45000.0,680,0
M,28,13000.0,674,1
M,28,16000.0,688,0
M,36,55000.0,681,0
M,32,14000.0,686,0
M,32,15000.0,684,0
M,30,15000.0,688,0
M,45,38000.0,690,0
F,28,25000.0,680,0
M,26,23000.0,685,0
M,36,85000.0,684,0
F,42,18000.0,686,0
M,32,25000.0,629,0
M,51,28000.0,707,12
M,25,15000.0,656,2
M,51,28000.0,671,0
M,33,27286.0,676,5
M,34,15000.0,685,0
M,24,13000.0,664,1
M,42,13000.0,704,0
M,27,27600.0,680,0
M,28,18000.0,677,0
M,52,14000.0,674,0
M,30,27000.0,682,0
M,27,22000.0,665,0
M,57,50000.0,686,0
M,36,20000.0,690,0
M,40,100000.0,699,1
F,48,20000.0,664,1
M,28,15000.0,696,0
M,43,24000.0,687,0
M,43,46000.0,686,0
M,23,43000.0,661,2
F,26,17500.0,676,2
M,36,28000.0,688,1
F,33,27500.0,667,0
M,41,18000.0,684,0
M,30,15000.0,679,0
M,42,30000.0,684,7
M,40,45000.0,686,0
M,28,49500.0,674,0
M,27,16000.0,682,0
F,35,16000.0,672,2
M,35,30000.0,694,2
M,30,20000.0,711,4
M,28,4500.0,665,0
F,31,18000.0,682,0
M,30,32000.0,677,2
M,40,48000.0,670,0
M,31,30000.0,703,0
F,36,12000.0,684,0
M,25,20000.0,620,0
M,43,35000.0,700,0
F,33,48000.0,698,0
M,24,24000.0,660,0
M,50,13700.0,675,0
M,31,26500.0,684,1
M,43,25000.0,707,0
M,35,15000.0,690,0
M,26,12000.0,627,0
M,26,25500.0,672,0
F,29,31000.0,691,0
M,43,45000.0,675,0
M,31,27000.0,689,0
M,43,20000.0,663,0
M,30,30000.0,684,0
M,37,35000.0,745,0
M,29,40000.0,668,0
M,27,25000.0,656,3
M,51,9000.0,683,2
M,48,40000.0,665,1
M,53,25000.0,682,0
M,21,30000.0,620,0
F,31,25000.0,683,0
M,32,55000.0,664,0
F,42,18000.0,675,0
M,37,25000.0,684,0
M,29,13000.0,716,0
M,24,21000.0,621,3
M,39,20000.0,685,0
M,47,21000.0,713,0
M,31,28000.0,673,0
M,61,24000.0,711,0
M,23,45000.0,650,0
M,31,25000.0,673,0
M,48,30000.0,673,4
M,29,16000.0,680,0
M,44,40000.0,658,7
M,27,26000.0,700,0
M,26,15000.0,662,2
M,30,20000.0,667,0
M,26,17600.0,672,0
M,22,25000.0,689,0
M,42,39000.0,676,1
F,42,22000.0,657,0
F,34,28000.0,666,0
M,24,16000.0,669,0
F,35,14500.0,662,0
F,39,25000.0,672,0
M,27,50000.0,671,1
M,37,38000.0,696,10
M,25,45000.0,683,0
F,37,18000.0,686,2
M,38,15000.0,678,0
M,28,30000.0,687,0
M,28,18000.0,678,0
M,31,19000.0,693,0
M,33,22000.0,690,10
M,27,16500.0,701,0
M,22,10000.0,688,0
M,33,25000.0,681,0
F,51,44000.0,704,0
M,52,40000.0,676,0
M,27,40000.0,665,0
M,28,20000.0,673,1
M,29,25000.0,678,0
M,48,25000.0,665,3
F,46,33500.0,642,2
M,27,50000.0,683,0
M,29,34000.0,666,5
M,22,13000.0,690,0
M,25,19000.0,687,1
M,31,50000.0,667,0
M,31,20000.0,633,1
M,31,18000.0,665,0
M,41,45000.0,691,16
M,33,22000.0,676,0
M,22,20000.0,673,0
M,26,10000.0,658,13
M,23,14000.0,688,0
M,22,20000.0,654,1
M,26,40000.0,682,0
M,25,12000.0,675,0
F,42,21000.0,707,0
M,31,45000.0,688,0
M,28,35000.0,694,0
F,36,17000.0,675,0
F,44,15000.0,732,0
M,38,30000.0,688,0
M,42,28000.0,677,3
M,52,35000.0,702,0
M,32,28000.0,690,0
M,49,22000.0,693,14
M,30,20000.0,684,0
M,35,30000.0,684,0
M,30,24000.0,678,4
M,44,18000.0,728,0
M,39,25000.0,699,1
M,37,20000.0,666,0
M,43,30000.0,680,0
M,28,27000.0,672,0
M,21,13000.0,660,0
M,24,15700.0,690,0
M,57,20000.0,681,0
M,42,18000.0,688,0
M,39,15000.0,695,10
M,45,23500.0,683,0
M,34,35000.0,679,3
M,32,30000.0,651,1
M,26,22490.0,671,0
F,21,11746.0,687,0
M,36,25000.0,683,0
M,48,14000.0,689,0
F,25,15200.0,674,0
M,26,25000.0,669,0
M,34,10000.0,697,0
F,48,12500.0,682,0
M,23,11000.0,677,0
M,23,22000.0,673,0
M,25,18000.0,673,0
M,24,30000.0,658,0
M,28,30000.0,684,0
M,24,13500.0,668,1
M,21,20000.0,685,0
M,30,28000.0,681,0
F,44,15000.0,681,0
M,32,10000.0,664,0
M,52,34500.0,698,0
M,27,14000.0,671,0
M,48,15435.0,643,3
M,39,25000.0,678,2
M,31,18000.0,674,0
M,34,18000.0,706,0
M,37,20000.0,703,0
M,25,20000.0,667,0
M,29,24000.0,686,0
M,21,18000.0,666,7
M,32,30000.0,662,2
M,23,18000.0,680,0
M,24,31500.0,690,21
M,29,30000.0,666,0
M,27,30000.0,670,1
M,47,50000.0,679,0
M,29,15000.0,690,0
M,29,32400.0,693,0
M,23,15000.0,664,0
M,28,28000.0,651,1
M,43,60000.0,676,0
M,38,32000.0,702,0
F,25,20000.0,676,0
M,29,20000.0,689,6
M,21,14000.0,680,0
M,24,14500.0,694,0
M,34,25000.0,661,0
M,48,20000.0,674,0
M,25,18000.0,672,0
M,28,13600.0,625,0
M,30,15000.0,693,0
M,26,40000.0,688,1
M,33,14000.0,683,5
M,38,44500.0,696,0
M,30,20000.0,682,0
F,34,19000.0,683,0
M,32,30000.0,666,0
M,25,25000.0,656,1
M,23,22000.0,654,1
M,23,32500.0,665,0
M,49,32000.0,697,11
M,22,10000.0,661,0
M,22,25000.0,665,3
F,25,42500.0,635,0
M,29,25000.0,716,9
M,27,9000.0,646,2
M,28,16000.0,701,3
M,24,25000.0,668,1
M,36,28000.0,700,0
M,27,42780.0,678,0
M,43,10000.0,673,0
M,22,18500.0,666,0
M,39,22000.0,678,0
M,30,15000.0,682,1
M,25,45000.0,651,0
M,23,23000.0,664,1
M,40,18000.0,660,0
M,29,20000.0,679,0
M,41,36000.0,711,0
F,27,25000.0,664,2
M,53,30000.0,697,0
M,27,21000.0,681,0
M,25,15000.0,658,1
M,42,22500.0,672,0
M,53,40000.0,741,0
M,49,35000.0,665,1
M,44,18000.0,693,0
F,34,38000.0,693,0
M,32,25000.0,688,0
M,26,30000.0,678,3
F,43,12000.0,663,0
M,25,40000.0,684,0
M,25,24900.0,722,0
M,41,10000.0,700,0
M,24,25000.0,681,0
M,29,38000.0,677,2
M,39,23000.0,676,0
M,26,40000.0,678,0
M,31,19200.0,702,0
M,33,14500.0,674,0
M,21,12000.0,688,0
M,35,23000.0,666,4
M,37,25000.0,682,0
M,26,22300.0,670,1
F,32,25000.0,681,0
M,23,30000.0,695,0
M,42,20000.0,701,0
M,33,29000.0,708,0
F,47,30000.0,673,0
M,46,15000.0,696,11
F,38,42000.0,711,0
M,26,27000.0,685,0
M,23,30000.0,662,2
M,41,18000.0,684,8
M,43,11000.0,670,0
M,30,13000.0,675,0
M,44,30000.0,696,0
M,26,17000.0,675,0
M,25,38500.0,671,1
M,26,12000.0,669,0
M,21,16500.0,653,0
M,27,38600.0,684,14
M,41,22000.0,719,0
M,24,25000.0,676,0
F,30,8000.0,688,0
M,35,25000.0,651,0
M,43,38000.0,682,0
M,41,30000.0,658,0
M,23,28500.0,667,1
M,29,35000.0,670,0
M,45,15000.0,668,7
M,33,15000.0,739,0
M,30,30000.0,669,0
M,28,33000.0,657,0
M,24,30000.0,685,0
M,25,22000.0,664,0
M,50,18000.0,701,6
M,29,19000.0,651,5
M,26,12000.0,660,0
M,24,15000.0,676,0
M,28,21000.0,701,0
M,26,35000.0,628,4
F,47,95000.0,696,0
M,54,26000.0,668,1
M,34,90000.0,664,5
M,32,30000.0,683,0
F,37,32000.0,677,0
M,27,18000.0,674,0
M,23,15000.0,676,0
M,34,32000.0,692,11
M,31,18000.0,650,2
M,36,20000.0,682,0
F,38,19500.0,679,4
M,33,23000.0,662,2
M,44,23000.0,680,1
M,22,43000.0,670,0
F,37,16000.0,661,0
M,43,40000.0,680,15
M,38,15000.0,688,0
M,32,45000.0,689,0
M,39,27990.0,698,24
M,33,20000.0,670,0
M,26,15000.0,701,0
M,28,25000.0,690,22
M,28,36000.0,665,0
M,22,30000.0,682,0
M,40,16000.0,701,0
F,54,18000.0,650,1
M,53,60000.0,688,0
M,53,12792.0,683,0
M,30,45000.0,702,0
M,32,25000.0,682,0
M,23,33500.0,642,1
M,36,23000.0,741,1
M,31,25000.0,694,0
M,29,38000.0,694,0
F,26,30000.0,678,0
M,21,13200.0,685,0
M,32,50000.0,671,10
M,23,22000.0,674,0
F,31,13000.0,702,0
M,30,45000.0,674,0
M,28,25000.0,672,6
M,22,15000.0,700,0
M,26,25000.0,656,8
M,26,38000.0,689,0
M,34,12000.0,701,12
M,37,13000.0,676,0
M,45,46000.0,705,6
M,41,28000.0,660,2
F,22,26000.0,665,0
M,43,35000.0,675,8
M,32,15000.0,742,0
M,31,21900.0,693,0
M,33,30000.0,720,0
M,35,21000.0,653,1
M,27,20000.0,675,0
F,33,35000.0,658,4
M,22,24500.0,675,2
M,21,30000.0,662,5
M,39,23000.0,719,8
M,41,95000.0,699,1
F,25,18000.0,643,0
M,32,38500.0,678,0
M,32,55000.0,696,2
M,22,19500.0,694,0
F,41,26000.0,593,0
F,37,10.0,683,3
M,33,70000.0,679,4
M,42,21766.0,667,10
M,40,32000.0,676,0
M,29,17000.0,683,0
M,31,21000.0,666,1
M,22,18000.0,635,0
M,29,35000.0,663,2
M,54,35000.0,699,0
M,32,15000.0,677,0
M,35,30000.0,692,9
M,47,20000.0,693,0
M,47,50000.0,688,0
F,33,15500.0,671,0
M,52,35000.0,721,0
M,42,21000.0,675,0
M,24,34000.0,667,0
M,26,49000.0,686,12
M,30,25000.0,673,0
M,27,20000.0,680,2
M,23,19000.0,692,0
M,32,18500.0,656,0
M,23,43000.0,651,0
M,25,25000.0,681,0
M,25,13000.0,683,0
M,48,20000.0,661,0
M,34,38000.0,681,4
M,29,18500.0,672,0
M,21,25000.0,684,0
M,43,18000.0,703,0
M,52,25000.0,642,12
M,34,20000.0,710,5
M,36,15000.0,685,0
M,31,35000.0,735,0
M,42,25000.0,743,0
M,54,21000.0,671,0
M,34,25000.0,674,0
M,45,50000.0,686,0
M,24,30000.0,690,0
M,41,28000.0,674,10
M,37,55000.0,683,0
M,28,25000.0,678,0
M,25,15000.0,679,0
F,26,30000.0,703,13
M,35,48000.0,684,0
M,22,16000.0,677,0
M,43,20000.0,692,0
M,24,35000.0,661,0
M,40,40000.0,664,0
M,42,20000.0,683,0
M,28,20000.0,672,26
M,23,35000.0,666,0
M,24,35000.0,680,0
M,50,25000.0,681,0
M,26,32000.0,679,0
M,41,19000.0,687,0
M,27,18000.0,662,0
M,33,45000.0,661,0
M,31,42500.0,679,0
M,30,25000.0,595,1
M,22,14000.0,681,0
M,34,12800.0,669,0
M,24,18000.0,667,0
M,33,25000.0,668,0
M,24,35000.0,684,0
M,28,18000.0,672,0
F,53,18000.0,672,4
M,24,40000.0,680,0
M,39,18000.0,691,0
M,41,22000.0,695,0
M,46,30000.0,624,9
M,29,50000.0,671,0
M,28,18000.0,671,0
M,24,18258.0,691,0
M,38,25000.0,685,0
F,44,28000.0,703,0
M,37,23000.0,688,0
M,26,19800.0,669,0
M,38,24500.0,679,10
M,29,35000.0,691,0
M,25,45000.0,663,0
F,33,18000.0,681,1
M,32,31256.0,671,0
M,45,25000.0,723,0
M,22,18000.0,691,0
M,35,35000.0,667,0
M,43,12.0,615,0
M,29,25000.0,683,0
M,22,50000.0,679,0
M,27,23500.0,676,0
M,26,17000.0,671,0
M,36,25000.0,686,3
F,54,20000.0,731,0
M,23,25000.0,666,0
M,30,25000.0,685,0
M,43,27000.0,669,7
M,31,12000.0,719,4
M,37,45000.0,684,3
M,51,39000.0,679,0
M,37,25000.0,692,0
M,49,18000.0,695,0
M,27,23000.0,641,1
M,24,35000.0,672,17
M,33,25000.0,687,0
M,39,18500.0,675,2
M,26,32000.0,671,0
M,31,23000.0,698,0
M,29,25000.0,674,4
M,39,33000.0,675,0
M,44,22000.0,685,0
M,28,29000.0,685,0
M,29,25000.0,713,0
M,44,20000.0,691,5
M,34,28000.0,641,0
M,25,26000.0,684,0
M,44,35000.0,741,14
M,21,15000.0,690,0
M,26,30000.0,661,0
M,35,16000.0,684,0
F,31,25000.0,677,2
F,54,40000.0,715,0
M,32,23000.0,703,0
M,32,45000.0,643,5
M,41,18000.0,686,2
M,33,142589.0,669,5
M,22,25000.0,687,0
M,35,11300.0,685,0
M,24,23500.0,681,0
M,39,18000.0,646,1
M,27,18500.0,670,1
M,31,20000.0,676,0
M,27,15000.0,674,1
M,38,20000.0,698,0
M,35,15000.0,687,0
M,41,18000.0,687,0
M,38,25000.0,691,1
M,22,17000.0,664,0
M,25,25000.0,657,1
M,33,25000.0,691,13
M,26,38000.0,682,0
M,24,22000.0,724,7
F,33,25000.0,682,0
M,26,18502.0,655,0
M,36,3000.0,686,0
F,46,20000.0,664,4
M,41,23000.0,683,2
M,29,23500.0,681,0
M,22,17000.0,673,0
M,39,24350.0,694,0
M,36,28000.0,692,0
M,28,20000.0,677,0
M,41,30000.0,705,7
F,28,20000.0,679,0
M,42,30000.0,679,0
M,38,15000.0,677,0
M,27,24540.0,664,0
M,40,45000.0,652,2
F,50,18000.0,747,0
M,40,10000.0,725,0
M,21,40000.0,684,0
M,27,28000.0,691,0
F,35,25000.0,690,0
M,25,20000.0,673,0
M,45,45000.0,703,10
F,24,13000.0,673,0
M,30,17000.0,706,0
M,32,28000.0,713,0
M,25,10000.0,670,0
M,34,18000.0,687,0
M,27,25000.0,691,0
M,26,20000.0,693,0
M,44,40000.0,711,0
M,27,15000.0,639,4
M,23,30000.0,702,0
M,27,19000.0,673,0
M,23,13000.0,681,0
M,25,15000.0,650,1
M,43,18000.0,665,0
M,28,18000.0,671,0
M,25,45000.0,682,6
M,55,30000.0,699,0
M,44,43000.0,712,0
M,23,30000.0,660,3
M,29,28000.0,665,0
M,56,17000.0,642,23
M,42,28000.0,695,4
M,34,86000.0,671,1
F,40,25000.0,684,0
M,29,21000.0,656,1
M,53,20000.0,677,0
M,40,14000.0,661,16
M,25,25000.0,666,0
M,23,35000.0,666,0
M,24,15000.0,679,2
M,38,40000.0,683,3
F,47,18000.0,693,0
M,34,36000.0,672,0
M,31,45000.0,686,0
M,48,25000.0,689,0
M,41,20000.0,680,2
F,25,30000.0,678,0
M,29,33000.0,666,0
M,44,13000.0,667,0
M,24,25000.0,686,0
F,35,22000.0,622,0
M,31,35000.0,688,1
M,29,19000.0,684,0
M,33,40000.0,697,0
M,61,60000.0,675,4
M,26,20000.0,647,0
F,34,20000.0,680,0
M,34,20000.0,675,0
M,41,25000.0,687,0
M,48,18000.0,691,0
M,32,11000.0,665,5
M,53,24000.0,673,1
M,24,30000.0,664,0
F,39,30000.0,665,0
M,49,25000.0,681,0
M,27,25000.0,685,0
M,32,18000.0,676,0
F,30,15000.0,705,0
M,36,30000.0,702,0
F,23,30000.0,693,0
M,27,40000.0,673,0
M,24,20000.0,674,0
M,46,32000.0,699,0
M,34,12000.0,692,0
M,43,59000.0,686,0
M,28,15000.0,684,0
M,31,35900.0,685,0
M,36,28500.0,732,0
M,22,50000.0,665,2
M,33,27000.0,663,15
M,23,30000.0,677,10
M,34,13000.0,703,0
F,37,17500.0,668,0
M,28,55000.0,688,0
M,29,18500.0,705,0
M,24,40000.0,729,0
M,28,20000.0,665,0
M,32,150000.0,692,0
M,25,12.0,651,0
M,31,40000.0,687,0
M,39,35000.0,678,0
M,22,8000.0,665,0
M,30,30000.0,683,0
M,51,20000.0,719,0
M,33,40000.0,693,0
M,29,78000.0,642,5
M,32,32132.0,692,0
M,31,23500.0,685,0
M,28,35000.0,670,0
F,40,28000.0,661,1
M,41,10500.0,701,0
M,45,20000.0,687,0
F,47,30000.0,680,0
M,45,23000.0,657,0
M,26,46000.0,672,0
M,35,38000.0,682,0
M,26,2500.0,681,0
M,31,21000.0,696,0
F,37,18000.0,656,1
M,35,18000.0,733,0
M,31,25000.0,701,0
M,38,20000.0,663,2
M,55,33000.0,712,3
M,26,25000.0,649,0
M,22,13000.0,665,0
M,38,45000.0,671,17
M,30,20000.0,671,0
M,54,19000.0,664,0
M,25,16000.0,671,0
F,36,10000.0,697,0
M,39,20000.0,673,3
M,26,30000.0,696,0
M,39,15000.0,684,0
M,43,30000.0,708,0
M,22,37000.0,689,0
F,51,20000.0,673,0
M,38,35000.0,695,9
M,35,21000.0,705,31
M,42,19000.0,717,0
M,29,14000.0,671,0
M,47,20000.0,685,0
F,34,16500.0,689,0
M,21,13500.0,664,0
M,39,25000.0,705,0
M,34,25000.0,676,8
M,28,15000.0,671,0
M,24,25000.0,682,0
M,48,25000.0,680,0
M,24,12000.0,683,0
M,22,12000.0,691,0
M,29,35000.0,694,1
M,44,15500.0,670,2
M,32,20000.0,697,0
F,34,45500.0,654,1
F,38,35000.0,726,0
M,43,36900.0,635,0
F,25,18500.0,671,0
M,60,15000.0,699,0
M,29,25000.0,663,0
M,41,25000.0,644,1
M,30,25000.0,677,0
M,29,18500.0,674,0
M,26,18000.0,689,0
M,36,35000.0,671,0
M,37,50000.0,720,0
M,32,50000.0,674,0
M,32,20000.0,720,0
F,34,20000.0,692,0
M,33,25000.0,714,0
F,26,16000.0,669,0
M,23,13000.0,691,0
M,36,16000.0,671,0
M,37,14000.0,690,0
M,23,13000.0,636,1
M,25,16000.0,670,0
M,37,24000.0,672,3
F,42,16000.0,673,0
M,52,28000.0,699,0
F,34,13000.0,697,35
M,31,23000.0,679,6
M,26,15900.0,673,1
M,39,30000.0,658,0
M,30,28000.0,661,0
M,26,22000.0,665,0
M,44,20000.0,685,0
M,28,13000.0,686,0
M,31,32000.0,678,0
M,28,10000.0,678,0
M,39,20000.0,739,0
M,29,20000.0,660,1
M,41,30000.0,685,0
M,29,15000.0,673,0
M,29,35000.0,682,1
F,33,20000.0,667,0
M,27,12000.0,669,0
M,23,35000.0,660,0
M,23,17520.0,682,0
M,33,26000.0,684,7
M,38,31000.0,647,0
M,27,21500.0,678,0
M,23,18000.0,664,0
M,25,15000.0,649,1
M,26,20000.0,677,2
M,35,24000.0,663,0
M,29,14396.0,674,1
M,47,35000.0,716,0
M,37,48000.0,679,0
M,30,28500.0,688,3
M,57,18000.0,734,0
M,31,23500.0,654,0
M,29,30000.0,674,0
F,42,16000.0,671,0
M,36,14000.0,663,2
F,23,12000.0,659,0
M,44,23000.0,666,0
M,24,20000.0,669,0
M,22,20000.0,684,8
M,21,19990.0,678,0
M,29,20000.0,690,0
M,33,20000.0,664,7
M,26,45000.0,674,0
M,24,35000.0,662,4
M,25,22000.0,671,0
M,38,40000.0,700,0
M,31,15000.0,691,0
M,40,28000.0,720,7
M,53,23000.0,686,5
M,22,41500.0,678,0
M,23,25000.0,668,2
F,37,16000.0,672,0
M,34,50000.0,740,0
M,55,35000.0,726,1
M,24,32000.0,667,0
F,42,12000.0,674,7
M,29,60000.0,686,0
M,33,25000.0,682,3
M,37,40000.0,700,1
M,30,48500.0,674,0
M,34,14000.0,667,0
M,28,16000.0,684,0
M,26,20000.0,663,3
M,37,30000.0,716,4
M,34,45000.0,704,0
M,25,20000.0,681,0
M,30,14000.0,680,0
M,21,18000.0,668,0
M,35,25000.0,684,0
M,35,15000.0,671,0
M,25,18000.0,691,0
M,30,29000.0,684,0
M,37,25000.0,657,0
M,33,25000.0,690,1
F,29,30000.0,646,8
M,25,12000.0,665,0
M,28,18000.0,671,4
M,42,34056.0,685,0
M,23,13000.0,694,0
M,33,23000.0,690,3
M,26,18000.0,660,13
M,49,30000.0,694,0
M,57,20000.0,751,0
M,36,30000.0,663,2
M,27,25000.0,652,0
M,27,15000.0,674,3
M,24,30000.0,675,0
M,27,32000.0,692,0
M,29,16500.0,652,0
M,37,36000.0,700,0
M,27,15000.0,688,0
M,26,10000.0,658,1
M,28,15000.0,643,7
M,43,18000.0,751,1
M,53,20000.0,699,0
M,40,20500.0,692,0
M,21,14000.0,682,0
M,34,45000.0,692,0
M,42,18000.0,679,0
M,25,22000.0,720,0
M,23,15000.0,662,2
M,31,15000.0,680,1
M,26,19000.0,672,0
F,28,12300.0,668,10
M,34,20000.0,677,0
F,36,28000.0,665,0
M,29,30000.0,690,6
M,21,35000.0,665,0
F,28,25000.0,679,0
M,26,25000.0,672,0
M,51,23000.0,707,9
M,28,30000.0,678,0
M,27,40000.0,685,0
M,27,24000.0,678,2
M,27,18000.0,692,0
M,30,32000.0,684,0
M,38,18500.0,667,0
M,29,28151.0,689,0
M,31,20000.0,684,0
M,27,17000.0,692,0
M,50,15000.0,690,0
M,25,30000.0,651,0
M,29,18000.0,649,4
F,38,39000.0,659,1
M,35,30000.0,669,0
F,30,15000.0,680,0
M,28,40000.0,682,0
F,48,15000.0,689,0
M,37,20000.0,670,0
M,28,30000.0,672,4
M,30,30000.0,645,2
F,27,15000.0,657,6
M,26,15000.0,694,0
M,31,60000.0,670,8
M,21,16000.0,678,0
M,48,17500.0,688,0
M,34,30000.0,685,0
M,45,30000.0,643,50
M,26,12000.0,675,17
M,43,30000.0,693,2
M,32,34000.0,685,0
M,27,18000.0,663,0
F,43,28000.0,690,0
F,22,25000.0,679,0
F,24,25000.0,701,0
M,40,19000.0,700,0
M,38,42000.0,666,32
M,33,22000.0,657,0
M,40,24300.0,669,3
M,30,50000.0,693,0
M,24,19000.0,689,0
M,34,12000.0,696,0
M,25,29000.0,689,0
M,46,30000.0,744,6
M,50,10000.0,673,0
M,22,24000.0,680,0
M,40,35000.0,714,31
F,35,50000.0,704,3
M,22,29800.0,697,0
M,27,19800.0,674,10
M,31,44000.0,673,0
M,41,38000.0,674,0
M,22,22000.0,692,0
M,24,30000.0,671,0
F,44,15000.0,705,0
M,27,18000.0,660,0
F,32,11000.0,680,1
M,34,24000.0,648,4
M,23,15000.0,672,0
M,32,25000.0,663,0
M,36,25000.0,710,0
M,26,36000.0,646,3
M,41,45000.0,708,10
M,24,24000.0,688,0
M,34,74000.0,693,0
M,51,30000.0,708,20
M,33,19000.0,672,6
M,38,17500.0,689,8
M,24,55000.0,687,0
M,36,25000.0,685,0
M,27,21000.0,695,0
F,42,17000.0,688,0
M,49,30000.0,720,0
M,31,40000.0,674,2
M,24,50000.0,661,1
M,43,35000.0,683,2
M,23,25000.0,655,0
M,30,28000.0,699,0
M,27,15000.0,654,0
M,41,42000.0,682,0
M,29,18000.0,692,0
M,28,16000.0,670,1
M,50,22000.0,703,0
M,24,15000.0,677,0
F,39,25000.0,694,0
F,38,8000.0,775,1
M,24,30000.0,683,0
M,46,10000.0,690,0
M,49,20000.0,698,0
M,22,17000.0,660,0
M,27,18000.0,685,0
M,38,16200.0,663,0
M,22,48000.0,683,0
M,24,25000.0,680,0
M,26,30000.0,673,3
M,32,25000.0,659,7
M,37,30500.0,678,10
M,37,30000.0,700,0
M,43,35000.0,700,0
M,50,20000.0,727,10
M,33,14000.0,671,0
M,46,53000.0,702,0
F,37,23000.0,694,0
M,22,12000.0,676,8
F,24,50000.0,671,0
M,45,15000.0,653,0
M,29,42000.0,693,0
M,31,15000.0,669,0
M,29,22000.0,684,0
M,43,10000.0,673,0
M,28,20000.0,683,0
M,44,20000.0,689,0
M,40,35000.0,673,1
M,36,18000.0,661,5
M,50,13000.0,711,0
M,33,25000.0,685,0
M,35,29000.0,663,3
M,30,21000.0,679,0
M,26,22000.0,642,0
M,31,30000.0,675,0
M,39,21500.0,680,1
M,22,15000.0,664,1
M,24,30000.0,681,0
F,33,30000.0,684,0
M,26,18000.0,667,0
M,51,20000.0,692,0
M,22,15000.0,685,0
M,27,18000.0,693,0
M,28,20000.0,681,0
M,26,20000.0,707,0
M,31,13500.0,666,0
M,24,12300.0,665,3
M,46,32000.0,692,1
M,51,25000.0,717,0
M,21,14000.0,675,0
M,50,35000.0,678,0
M,28,18000.0,694,0
M,38,25000.0,652,0
M,28,18000.0,676,0
M,29,14622.0,697,0
M,26,35000.0,671,1
M,29,47000.0,678,0
M,22,30000.0,676,3
M,25,27000.0,676,0
M,43,20000.0,685,4
M,31,43000.0,687,0
M,21,14000.0,706,0
M,28,32000.0,672,0
M,30,20000.0,677,4
M,33,15000.0,685,0
M,49,60000.0,693,0
M,28,25000.0,673,0
M,30,30000.0,696,0
M,23,15000.0,695,4
F,29,50000.0,677,0
M,33,48000.0,697,0
M,36,12000.0,732,3
M,25,20000.0,684,0
M,24,40000.0,689,0
M,52,40000.0,687,0
F,52,20000.0,740,0
M,47,42000.0,711,0
M,48,51000.0,674,1
M,29,25500.0,687,0
M,26,22000.0,667,0
F,53,30000.0,671,0
M,33,14000.0,679,17
M,27,30000.0,668,2
M,29,30000.0,677,3
M,51,21000.0,696,0
M,30,25000.0,684,10
M,41,50000.0,694,0
M,46,22000.0,676,6
M,50,20000.0,723,0
M,30,14000.0,673,0
F,22,16000.0,665,5
F,37,24500.0,673,0
M,32,48000.0,670,1
M,24,16000.0,678,0
M,33,33000.0,656,1
M,24,20000.0,689,0
M,35,21000.0,685,0
M,47,24500.0,679,0
M,26,14000.0,670,9
M,48,15000.0,691,1
M,25,15000.0,654,1
F,31,13000.0,683,0
M,21,11000.0,660,1
F,50,15000.0,678,0
M,29,15000.0,687,0
M,26,25000.0,680,0
M,48,15000.0,709,0
M,30,18000.0,667,0
F,38,16000.0,672,0
M,33,25000.0,662,3
M,41,10000.0,656,3
F,24,23000.0,687,0
M,27,15000.0,668,0
F,35,25000.0,704,0
M,36,50000.0,692,0
M,38,45000.0,690,5
M,32,25000.0,604,0
M,35,19000.0,690,0
M,27,18000.0,662,0
M,28,50000.0,686,15
M,31,22580.0,673,1
M,23,25000.0,695,0
M,29,22000.0,683,12
M,54,27000.0,696,0
M,46,18000.0,694,2
M,38,35000.0,697,0
M,44,22000.0,694,0
M,23,24000.0,658,0
M,29,16000.0,677,0
M,46,15000.0,659,2
M,39,50000.0,672,0
F,44,17500.0,701,0
M,31,15000.0,665,0
M,24,24000.0,643,2
F,37,35000.0,674,0
M,33,35000.0,699,0
M,57,50814.0,667,0
M,28,18523.0,674,0
M,46,45000.0,696,0
M,31,35000.0,668,4
M,21,14500.0,660,1
M,27,30000.0,659,0
M,40,19000.0,672,0
M,35,18500.0,662,1
M,52,20000.0,691,3
M,34,20000.0,637,14
M,21,25000.0,696,0
M,42,29391.0,714,11
F,28,13000.0,682,0
M,24,25000.0,712,0
M,27,30000.0,699,0
M,30,20000.0,690,0
F,26,18000.0,694,0
F,29,15000.0,653,5
M,22,20000.0,676,0
M,41,30000.0,681,0
F,29,10000.0,682,0
M,29,35000.0,677,0
M,32,18700.0,697,0
M,40,70000.0,686,5
M,22,25000.0,641,4
M,29,25000.0,680,0
M,40,30000.0,672,1
M,31,45000.0,634,1
F,31,7000.0,727,0
M,46,41000.0,719,0
M,54,30000.0,700,0
M,22,25000.0,661,0
M,25,28000.0,662,3
M,32,18663.0,705,0
M,41,28000.0,679,4
M,23,35000.0,668,5
M,38,28000.0,671,0
M,24,31000.0,669,5
M,36,15000.0,678,0
M,23,20000.0,662,4
M,27,21000.0,678,0
M,22,25000.0,657,5
M,32,35000.0,674,0
M,40,25000.0,706,3
M,33,15000.0,656,6
M,38,14000.0,685,1
F,22,6000.0,692,0
M,34,12500.0,679,0
M,21,12000.0,682,0
F,29,14000.0,672,2
M,26,13600.0,675,0
F,31,43000.0,660,0
M,55,19500.0,683,0
M,32,22000.0,677,0
F,46,30000.0,680,0
M,48,19000.0,710,2
F,28,10000.0,678,0
M,23,15000.0,684,8
M,22,62000.0,688,0
M,30,25000.0,671,0
M,39,45000.0,672,0
M,23,38000.0,676,0
M,51,20500.0,671,0
M,32,29000.0,728,0
M,23,30000.0,687,2
M,30,30000.0,679,12
M,21,15000.0,681,0
M,46,20000.0,663,0
M,30,25000.0,643,0
M,34,35000.0,694,0
M,43,25000.0,693,0
M,34,27000.0,652,0
F,32,21500.0,683,0
M,34,25000.0,672,0
M,26,16500.0,642,1
M,31,30000.0,619,0
M,48,30000.0,717,0
M,33,28000.0,679,0
F,35,35000.0,668,0
F,30,8000.0,691,0
M,23,15000.0,684,0
M,39,35000.0,680,8
M,29,16200.0,692,0
M,33,15000.0,685,0
M,25,17500.0,678,0
M,26,27000.0,714,0
M,30,20000.0,674,2
M,29,24000.0,690,0
M,58,35000.0,700,7
M,50,100000.0,707,0
M,37,15000.0,678,0
F,38,20000.0,664,1
M,39,15000.0,679,0
M,41,20568.0,717,0
F,38,25000.0,702,0
M,35,30000.0,672,0
M,21,90000.0,650,0
M,57,15000.0,731,3
M,24,26000.0,672,0
M,35,25000.0,669,0
M,21,13500.0,683,0
M,28,25000.0,669,0
M,55,30000.0,688,0
M,42,20000.0,680,0
M,29,25000.0,690,0
F,43,12000.0,676,1
M,23,16000.0,678,0
M,22,35000.0,680,0
F,30,18800.0,689,0
M,40,15000.0,661,0
M,39,40000.0,682,0
M,25,14000.0,651,1
M,44,25000.0,686,0
M,28,16000.0,679,6
M,33,10333.0,667,0
M,37,45000.0,670,9
M,39,9200.0,673,1
M,46,25000.0,699,0
F,45,28000.0,677,0
F,23,25000.0,688,0
M,31,40000.0,683,0
M,28,12000.0,729,0
M,24,25000.0,655,0
F,30,18000.0,683,0
M,30,25000.0,682,0
M,24,30000.0,663,0
M,29,35000.0,703,0
M,35,50000.0,676,16
M,30,14000.0,680,0
M,56,50000.0,716,0
F,26,36800.0,707,0
F,35,15000.0,689,0
M,40,22000.0,656,1
F,36,15000.0,682,0
M,27,13000.0,684,0
M,32,23000.0,685,13
M,34,40000.0,713,0
M,29,15000.0,681,0
M,30,45000.0,690,0
M,29,23000.0,678,0
M,22,15500.0,677,0
M,34,13000.0,680,0
M,22,15000.0,673,0
M,33,35000.0,669,0
M,45,42000.0,680,7
F,25,25000.0,698,0
M,26,28000.0,666,0
M,26,20000.0,664,3
F,53,15000.0,639,2
M,26,35000.0,675,0
M,34,12000.0,664,0
M,53,45000.0,684,6
M,29,15000.0,640,3
M,33,13500.0,702,0
M,34,20000.0,688,3
M,37,48000.0,672,0
M,35,19000.0,683,0
M,42,20000.0,714,0
F,30,15000.0,679,0
M,30,35000.0,687,0
M,27,14000.0,672,0
M,47,20000.0,661,3
M,46,20000.0,661,11
M,31,20000.0,678,0
M,26,70000.0,698,0
M,42,55000.0,718,0
M,62,18000.0,690,0
M,29,40000.0,655,4
M,24,79000.0,673,0
M,46,25000.0,671,5
M,44,35000.0,709,0
M,45,24000.0,692,0
F,22,18000.0,694,0
M,40,12000.0,692,0
M,46,25000.0,709,0
M,32,23000.0,690,0
F,39,25000.0,712,0
M,32,18000.0,699,0
M,32,15000.0,658,6
M,35,25000.0,672,0
F,45,15000.0,676,0
M,27,25000.0,678,0
M,29,23000.0,668,1
M,35,30000.0,717,0
M,25,15000.0,695,0
F,32,28000.0,674,0
M,29,25000.0,676,0
M,25,14500.0,684,0
M,29,42000.0,689,0
M,30,29000.0,669,0
M,27,20000.0,669,0
M,25,39500.0,678,1
M,37,26000.0,687,0
F,28,14500.0,704,0
M,37,30000.0,671,1
M,50,52000.0,676,0
M,23,14000.0,655,0
M,44,40000.0,652,0
M,41,15000.0,698,0
F,43,30000.0,719,0
M,31,15000.0,671,0
M,41,20000.0,686,0
M,27,28469.0,673,0
M,32,43500.0,668,4
M,31,25000.0,693,0
M,34,40000.0,711,0
M,27,15000.0,653,0
M,35,35000.0,665,1
M,23,20000.0,690,0
M,24,20000.0,651,0
M,33,22000.0,669,0
M,25,16000.0,674,0
M,29,18000.0,690,0
M,33,41000.0,669,0
M,44,48000.0,667,32
M,45,20000.0,670,0
M,30,22522.0,684,0
M,32,35500.0,673,0
M,25,25000.0,690,0
M,31,25000.0,710,0
M,26,30000.0,661,0
M,38,40000.0,657,5
M,28,11.0,671,0
M,38,38000.0,723,7
M,26,14500.0,647,0
M,28,25000.0,687,3
M,22,11000.0,659,0
M,42,22000.0,722,0
M,37,25000.0,665,0
M,22,150000.0,689,0
M,35,15000.0,695,0
F,27,21000.0,681,0
M,41,20000.0,722,0
F,36,15690.0,648,0
M,34,30000.0,687,0
M,34,21000.0,674,0
M,38,27000.0,686,8
M,31,16000.0,670,0
M,39,30000.0,663,6
M,21,22000.0,683,1
M,57,35000.0,694,13
F,34,25000.0,701,0
M,29,15000.0,677,0
M,28,35000.0,687,2
M,37,25000.0,683,0
M,25,29000.0,687,0
F,25,30000.0,669,0
M,33,14000.0,694,0
M,23,16300.0,676,0
M,47,20000.0,712,0
M,40,20000.0,677,0
M,49,30000.0,679,0
F,38,20000.0,664,0
M,29,20000.0,667,12
F,36,18500.0,667,1
M,30,12000.0,684,0
M,49,20000.0,683,0
M,37,15000.0,692,2
M,40,26000.0,691,0
F,64,28000.0,686,0
M,21,30000.0,658,0
M,42,20000.0,676,20
M,44,9800.0,686,0
M,30,14500.0,693,0
M,28,65000.0,679,3
M,30,25000.0,667,0
M,24,16000.0,686,13
M,33,25000.0,683,4
M,38,25000.0,686,0
M,57,8622.0,686,8
M,24,25000.0,674,3
M,25,20500.0,671,1
M,46,40000.0,667,15
M,25,15000.0,680,0
M,23,20000.0,664,2
M,27,25000.0,674,4
M,38,25000.0,717,0
M,53,52000.0,644,18
M,29,20000.0,684,0
F,29,26000.0,682,0
M,51,25000.0,731,26
F,50,26000.0,665,1
M,26,30000.0,678,0
M,36,21000.0,653,6
F,44,13000.0,675,3
M,23,28000.0,671,0
M,32,30000.0,698,1
M,30,20000.0,691,0
M,28,22000.0,640,0
M,36,25000.0,645,10
M,26,25000.0,657,0
M,52,47000.0,726,0
M,25,40000.0,688,0
M,23,25350.0,682,0
M,48,15000.0,703,0
M,40,22000.0,654,1
M,30,4000.0,656,2
F,48,55000.0,649,4
F,35,25000.0,672,1
M,32,25000.0,669,6
M,30,30000.0,672,1
M,23,20000.0,672,0
M,35,7500.0,686,1
M,42,29000.0,670,0
M,35,50000.0,674,5
M,55,33000.0,729,0
M,44,26000.0,661,7
M,45,43000.0,700,11
M,55,28000.0,748,0
M,23,40000.0,655,0
M,44,23000.0,674,0
M,33,15000.0,661,1
M,30,18000.0,667,0
M,24,21000.0,691,0
M,31,30000.0,689,0
M,49,30000.0,692,0
F,33,10000.0,665,0
M,34,22000.0,694,0
M,51,15000.0,700,0
M,23,12000.0,666,2
M,25,20000.0,702,0
M,22,16000.0,673,0
F,53,18000.0,681,0
M,34,28000.0,668,0
F,30,37000.0,692,0
M,44,38000.0,676,0
M,39,20000.0,679,0
M,33,25000.0,686,2
M,42,11000.0,704,9
M,27,24000.0,682,0
M,34,38000.0,679,22
M,25,48000.0,680,0
M,50,25000.0,686,0
M,51,13900.0,680,0
M,43,50000.0,698,28
M,43,65000.0,679,2
M,31,30000.0,697,0
M,54,23000.0,671,18
M,27,35000.0,680,0
M,28,25000.0,663,2
M,23,25000.0,670,0
M,44,27500.0,703,0
F,33,12000.0,695,0
M,26,10000.0,672,0
M,44,11000.0,711,0
M,39,30000.0,703,1
F,31,25000.0,692,0
M,24,20000.0,676,0
M,31,15000.0,691,0
M,49,20000.0,668,0
M,41,22000.0,708,0
M,29,18000.0,667,2
M,23,19000.0,665,0
F,32,23000.0,685,0
M,25,20000.0,679,0
M,28,19000.0,687,0
M,36,12000.0,739,0
M,23,19000.0,684,0
M,37,18000.0,666,1
M,38,30000.0,674,6
M,38,32000.0,678,0
M,26,20000.0,674,0
M,30,30000.0,672,0
M,37,25000.0,678,0
M,34,20000.0,632,8
M,50,43000.0,685,23
F,25,22000.0,690,0
M,32,45000.0,700,0
M,25,19000.0,659,0
M,42,25000.0,691,0
M,41,26000.0,701,0
M,46,30000.0,685,0
M,43,20000.0,684,0
M,47,32000.0,679,0
M,34,100000.0,672,0
M,53,25000.0,659,3
F,42,38500.0,686,0
M,28,18000.0,690,0
M,28,15000.0,679,0
M,37,22000.0,684,0
M,23,18000.0,670,0
M,23,22000.0,660,3
M,30,30000.0,691,0
M,31,23000.0,599,0
M,37,32000.0,671,1
M,25,12000.0,692,11
M,28,12000.0,674,0
M,36,40000.0,691,0
M,56,35000.0,692,1
M,28,19000.0,666,0
M,58,14000.0,690,0
M,33,24000.0,682,0
M,36,55000.0,667,0
M,36,14000.0,695,0
M,46,38000.0,686,0
M,32,28000.0,685,0
M,40,19500.0,680,0
M,31,18000.0,678,0
M,22,35000.0,634,4
M,21,16000.0,682,0
M,29,12000.0,660,4
F,24,18000.0,643,0
M,44,50000.0,695,0
M,33,45000.0,662,1
M,30,30000.0,669,12
M,28,40000.0,658,0
M,22,14000.0,669,0
M,31,28000.0,698,0
M,43,21500.0,732,0
M,50,35000.0,693,0
M,29,25000.0,660,16
M,44,9000.0,678,4
M,23,25000.0,683,0
M,34,18000.0,681,16
M,42,27000.0,662,2
M,53,23500.0,683,0
M,30,18500.0,693,0
M,23,17000.0,662,0
M,24,40000.0,665,0
F,31,15000.0,688,0
M,26,10000.0,667,0
M,41,20000.0,692,0
F,29,18900.0,666,0
M,46,60000.0,673,0
M,28,27000.0,651,3
M,36,42500.0,680,0
M,52,24000.0,671,10
M,35,42000.0,699,0
M,47,14500.0,685,0
M,38,25000.0,685,0
M,21,11200.0,670,0
M,48,18000.0,693,0
F,40,35000.0,663,0
M,28,27000.0,683,0
M,27,25000.0,668,3
M,43,16000.0,669,0
M,31,13500.0,681,0
M,22,20000.0,662,0
M,26,22500.0,687,0
M,22,30000.0,625,2
M,35,20500.0,668,0
M,35,20000.0,679,0
M,25,20000.0,673,0
M,39,35000.0,694,0
M,26,18000.0,684,1
M,40,30000.0,671,0
M,53,20000.0,679,1
M,25,35000.0,684,0
M,22,20000.0,641,3
M,46,50000.0,691,0
M,23,25000.0,675,0
M,24,25000.0,639,0
F,44,30000.0,679,0
F,48,25000.0,672,20
F,30,19000.0,675,3
M,24,20000.0,675,0
M,47,35000.0,662,10
M,23,18500.0,666,3
M,36,32000.0,685,4
M,41,25000.0,694,0
M,30,20000.0,690,0
M,32,17000.0,693,0
M,26,21000.0,670,0
M,33,40000.0,666,5
M,31,23000.0,669,8
M,36,22000.0,683,0
M,24,15000.0,660,3
M,53,28000.0,677,1
M,39,45000.0,697,0
M,48,19000.0,654,0
M,37,23000.0,712,0
M,34,17900.0,694,0
M,33,20000.0,712,22
F,45,31500.0,668,0
M,34,18000.0,670,0
F,33,14000.0,715,0
M,31,12000.0,710,0
M,27,29900.0,671,2
F,28,22000.0,702,0
M,39,20000.0,697,0
M,38,35000.0,672,1
M,32,22000.0,670,6
M,33,10000.0,725,0
M,30,13500.0,696,0
M,40,10000.0,676,10
M,29,28000.0,705,0
M,32,25000.0,678,0
M,25,15000.0,674,8
M,37,15000.0,707,0
M,35,30000.0,694,0
M,22,18000.0,653,0
M,46,16000.0,704,2
M,33,23800.0,701,0
M,42,15000.0,661,1
M,38,26000.0,686,2
M,33,23000.0,655,1
M,53,35000.0,720,0
M,29,50000.0,682,3
M,33,17500.0,716,0
F,31,24100.0,669,2
M,44,33000.0,667,3
M,39,18000.0,684,0
M,22,22000.0,675,10
M,31,16000.0,672,2
M,48,28000.0,665,2
M,41,14000.0,691,0
M,32,35000.0,673,0
M,24,20000.0,682,0
M,24,2.0,663,1
M,40,1852.0,678,0
M,28,20000.0,687,0
M,46,25000.0,708,0
M,25,26000.0,668,0
F,22,25500.0,677,0
F,55,20000.0,662,0
M,21,54000.0,649,0
M,26,22000.0,678,0
M,27,19000.0,676,0
M,29,23000.0,677,0
M,46,30000.0,675,2
M,32,40000.0,694,0
M,32,28000.0,696,10
M,51,20000.0,657,6
M,28,10000.0,700,0
M,23,18000.0,672,0
M,29,14000.0,678,0
M,21,30000.0,680,6
M,35,60000.0,674,0
M,42,25000.0,756,0
M,49,45000.0,670,8
M,53,40000.0,679,0
F,38,16000.0,691,2
F,29,15000.0,696,0
M,35,15000.0,678,0
M,25,18000.0,648,0
M,26,36000.0,675,0
F,32,23000.0,669,3
F,35,12000.0,679,0
M,41,18000.0,687,0
M,26,14100.0,688,20
M,32,30000.0,667,0
M,39,25000.0,666,0
M,24,32000.0,664,6
M,30,27000.0,673,0
M,43,60000.0,678,3
M,32,22000.0,701,0
F,28,15500.0,675,0
M,41,28000.0,719,12
M,27,18000.0,659,0
M,22,11500.0,681,0
M,34,20000.0,672,0
M,52,50000.0,699,0
M,60,28000.0,688,9
M,25,19000.0,674,20
F,29,45000.0,670,0
M,26,18000.0,673,1
M,36,90000.0,699,0
M,29,20000.0,690,0
M,30,25000.0,668,0
M,40,38000.0,647,3
M,49,20000.0,664,0
M,33,22800.0,685,6
M,31,25000.0,687,0
M,41,35000.0,689,0
F,25,18000.0,666,0
M,35,25000.0,660,0
M,27,15000.0,671,0
M,22,24000.0,675,0
M,39,25000.0,683,0
M,27,15000.0,672,0
M,33,20000.0,674,0
M,49,35000.0,699,0
M,26,12000.0,683,1
M,26,18000.0,697,0
M,50,25000.0,687,3
M,21,25000.0,690,0
M,29,34500.0,709,0
M,23,20000.0,675,0
M,34,25000.0,679,0
M,33,60000.0,709,0
M,57,25000.0,678,0
F,22,20000.0,681,0
F,26,35000.0,687,0
M,32,35000.0,661,1
M,36,18000.0,660,4
M,48,14000.0,711,0
M,38,25000.0,652,6
M,26,35000.0,667,1
M,46,25000.0,685,0
M,24,20000.0,665,0
M,35,40000.0,682,28
M,28,25000.0,673,0
M,24,25000.0,676,6
M,34,55000.0,620,2
M,23,20000.0,673,0
M,24,20000.0,687,0
F,28,14500.0,687,0
M,40,35000.0,672,6
M,32,40000.0,669,1
M,27,32000.0,671,0
M,29,15000.0,686,0
M,40,18000.0,673,0
M,47,28000.0,697,9
F,44,20000.0,722,0
M,21,18000.0,681,0
M,35,16000.0,691,0
F,45,30000.0,681,0
M,36,25000.0,672,7
M,47,10000.0,683,0
M,53,30000.0,716,0
M,34,30000.0,690,8
M,60,34000.0,719,31
M,41,50000.0,687,0
M,35,20000.0,657,0
M,35,16000.0,699,3
M,29,20000.0,689,0
M,30,35000.0,653,0
M,35,38000.0,672,0
M,40,20000.0,693,0
M,40,24000.0,677,3
M,37,28000.0,698,0
F,45,15000.0,749,13
M,29,20000.0,692,0
M,29,15000.0,672,0
F,33,49900.0,683,5
M,35,45000.0,680,0
M,25,42100.0,681,0
M,24,20000.0,680,0
F,34,15000.0,683,0
M,37,18000.0,653,2
M,29,10000.0,686,0
M,31,15600.0,686,0
M,22,28000.0,671,0
M,32,20000.0,671,0
M,24,19000.0,682,0
M,30,50000.0,668,15
M,29,30000.0,673,9
M,40,11000.0,674,0
M,36,10000.0,664,4
F,30,60000.0,683,10
M,31,25000.0,671,0
F,49,40000.0,722,0
M,62,35000.0,720,0
F,22,24000.0,674,0
M,42,25000.0,664,1
F,29,20000.0,634,0
F,36,24500.0,676,0
M,22,24000.0,659,0
M,51,58000.0,788,0
M,36,25000.0,660,0
M,60,48000.0,684,9
M,25,28000.0,684,0
M,33,18000.0,690,0
M,21,15000.0,669,0
M,28,35000.0,716,0
M,24,25000.0,677,0
M,34,10000.0,664,4
M,24,15000.0,685,0
M,25,15000.0,657,0
M,33,51000.0,658,0
M,35,18000.0,689,0
M,32,22000.0,661,0
M,43,60000.0,669,1
M,27,18000.0,689,0
M,21,21000.0,680,0
F,32,40000.0,685,0
M,25,25000.0,665,1
M,24,30000.0,673,0
M,31,44000.0,684,4
M,28,36899.0,691,0
M,39,14000.0,707,0
F,43,16000.0,666,0
M,31,30000.0,684,0
M,40,24000.0,702,0
M,45,20000.0,677,0
M,37,18000.0,676,0
M,41,40000.0,675,22
M,22,25000.0,680,0
M,25,18000.0,655,3
M,46,17900.0,701,27
M,42,15000.0,664,4
F,40,20000.0,705,0
M,43,48000.0,668,0
M,24,20000.0,703,2
M,31,25000.0,685,5
M,32,37500.0,699,0
M,22,19500.0,688,0
M,33,13500.0,666,0
M,30,26000.0,702,2
M,39,25000.0,690,0
M,38,14800.0,704,0
F,42,28500.0,690,0
M,24,29000.0,621,6
M,34,29000.0,708,0
M,33,25000.0,685,0
M,34,24500.0,691,0
F,40,55000.0,660,2
M,55,82300.0,701,8
F,34,45000.0,688,0
M,35,16000.0,661,1
M,46,50000.0,679,0
F,49,10500.0,684,0
M,29,22000.0,683,0
M,33,27000.0,682,0
M,51,7846.0,699,0
M,23,35000.0,678,0
M,39,28500.0,716,25
M,28,35000.0,659,15
F,38,18000.0,718,0
M,29,18000.0,689,0
M,24,24000.0,673,0
M,31,20000.0,653,6
F,46,13500.0,713,0
M,46,18500.0,719,0
F,26,25000.0,678,5
M,24,17185.0,649,7
M,32,20000.0,660,0
M,27,16000.0,710,0
F,35,10500.0,657,1
M,22,18000.0,670,0
M,35,45000.0,697,0
M,25,13000.0,673,0
M,38,10.0,649,6
M,23,36000.0,687,1
M,40,15000.0,633,1
F,34,40000.0,691,0
F,40,37000.0,705,0
M,29,35000.0,650,0
M,39,25000.0,652,4
M,35,24600.0,684,0
M,32,25000.0,686,0
F,48,15000.0,811,0
M,42,24000.0,679,0
M,50,12000.0,699,0
M,27,50000.0,658,11
M,55,20000.0,675,0
M,26,12000.0,648,0
M,35,30996.0,679,0
M,26,20000.0,675,10
M,26,24000.0,666,0
F,37,30000.0,699,1
M,50,30000.0,693,0
M,40,10000.0,668,1
M,30,25000.0,714,0
M,37,15000.0,717,0
M,30,31000.0,655,1
M,49,20000.0,672,0
M,47,29000.0,715,2
M,28,22000.0,680,0
F,22,50000.0,653,0
M,27,25000.0,684,0
M,32,20000.0,670,4
M,24,28000.0,672,0
M,40,26000.0,693,0
M,36,20000.0,674,2
M,46,25000.0,681,0
M,31,65000.0,672,0
M,30,16000.0,677,0
F,29,15000.0,703,0
M,35,25000.0,710,0
M,25,18000.0,689,0
M,27,30000.0,632,0
M,33,17000.0,705,0
M,27,23000.0,706,0
M,36,18000.0,657,1
M,33,25000.0,649,0
M,31,25000.0,715,0
M,23,18500.0,671,2
M,36,21000.0,711,0
M,28,15000.0,689,0
M,37,20000.0,659,6
M,28,14000.0,682,0
F,30,15000.0,659,1
M,36,25000.0,677,1
M,27,30000.0,647,16
M,34,47000.0,699,0
M,40,32000.0,672,0
M,37,15000.0,678,0
M,33,28000.0,685,6
M,42,25000.0,672,0
M,21,25000.0,658,0
M,30,16000.0,672,0
M,25,23000.0,667,1
M,28,12000.0,666,0
M,29,15000.0,659,0
M,37,15000.0,674,4
M,22,23000.0,677,0
M,40,30000.0,682,6
M,44,21500.0,721,0
M,22,26000.0,665,0
M,27,25000.0,688,0
M,25,25000.0,664,0
M,32,17500.0,686,0
F,42,15000.0,694,1
M,23,16000.0,649,0
M,26,13000.0,703,0
M,25,36000.0,683,0
M,39,50000.0,687,0
M,51,28000.0,696,5
M,41,12000.0,675,0
M,49,25000.0,691,0
M,28,30000.0,668,0
M,21,15000.0,660,1
M,24,45000.0,664,1
M,27,25000.0,698,0
M,44,33000.0,701,0
M,26,25000.0,666,1
M,42,34000.0,685,5
M,30,20000.0,688,0
F,27,9500.0,675,0
M,33,23600.0,666,3
M,30,20000.0,683,1
M,31,25000.0,674,0
M,25,32000.0,689,0
M,24,10000.0,684,0
M,21,18000.0,691,0
M,22,11000.0,662,0
M,26,21000.0,675,0
M,22,40000.0,680,0
M,39,11000.0,675,4
M,25,25000.0,672,0
M,24,5000.0,680,0
M,32,16000.0,678,26
M,22,40000.0,692,0
F,27,14000.0,666,0
F,44,12000.0,688,6
F,57,15000.0,689,0
M,23,13500.0,725,0
F,36,25000.0,676,0
M,37,25000.0,691,12
M,25,23000.0,684,0
M,31,24500.0,647,0
F,39,36000.0,709,15
M,23,17000.0,669,0
M,34,20000.0,703,0
F,34,15000.0,690,0
M,30,23500.0,656,3
M,30,11200.0,719,0
F,31,25000.0,681,6
M,29,18000.0,687,0
M,26,15000.0,664,3
M,34,40000.0,680,8
M,26,14000.0,691,0
M,32,32000.0,671,0
M,45,34000.0,687,0
F,31,22000.0,692,0
M,34,14000.0,695,1
M,23,22000.0,654,1
M,32,23700.0,694,0
M,26,23100.0,683,0
M,39,43000.0,658,0
M,23,48000.0,666,0
M,26,20000.0,673,0
M,29,16000.0,690,0
M,37,32000.0,680,0
M,32,18000.0,688,3
F,22,22000.0,667,0
M,36,40000.0,688,1
F,31,23000.0,715,0
M,32,16000.0,698,0
F,28,11400.0,724,0
M,23,20000.0,656,1
M,34,25000.0,703,0
M,51,18000.0,707,0
M,39,18000.0,714,0
M,33,50000.0,683,0
M,61,25000.0,668,0
M,23,27000.0,681,2
M,25,20000.0,680,0
M,40,20000.0,666,0
M,34,25000.0,652,0
M,25,23000.0,707,0
M,40,15000.0,687,0
M,36,25000.0,674,0
M,34,32000.0,680,0
M,41,17000.0,677,0
F,53,25000.0,656,0
M,23,28000.0,665,0
M,31,8200.0,674,0
M,33,43000.0,682,0
M,39,30000.0,665,0
M,46,24000.0,732,0
M,34,25500.0,691,0
M,34,68000.0,674,6
M,36,40000.0,654,0
F,35,40000.0,700,0
M,29,10000.0,684,0
M,46,35000.0,691,0
M,23,19000.0,694,0
M,31,9000.0,679,1
F,43,35000.0,665,2
M,35,50000.0,677,0
F,32,12000.0,661,0
M,38,30000.0,670,0
M,23,15800.0,679,2
M,33,30000.0,684,14
M,36,25000.0,690,0
M,26,30000.0,680,0
M,22,21000.0,676,0
M,27,15000.0,675,8
M,44,48000.0,682,0
M,49,25000.0,686,0
M,28,22000.0,688,0
M,28,24500.0,672,1
M,36,21000.0,685,0
M,42,29700.0,718,0
M,29,12800.0,691,0
M,33,18000.0,696,0
M,29,18000.0,692,0
M,33,30000.0,688,19
M,24,30000.0,690,0
M,47,25000.0,705,1
M,48,19500.0,690,0
M,32,25000.0,654,0
M,35,14000.0,687,1
M,33,35000.0,734,0
M,30,22000.0,693,0
F,25,30000.0,633,1
M,29,32000.0,689,0
M,25,35000.0,668,0
M,31,16700.0,649,3
M,30,18000.0,694,2
M,61,35000.0,719,2
M,21,20000.0,683,0
M,32,28000.0,701,0
M,37,41587.0,722,0
M,48,29000.0,675,0
M,33,32000.0,720,0
M,29,25000.0,689,0
F,41,24000.0,665,1
M,41,16000.0,677,0
M,23,18500.0,657,0
M,41,15000.0,696,0
M,40,45000.0,690,4
F,24,35000.0,702,0
M,21,15000.0,684,0
M,26,20000.0,663,0
M,29,58000.0,676,0
F,28,45000.0,660,2
M,51,24000.0,691,16
M,23,14000.0,663,0
M,23,13000.0,663,0
F,24,17000.0,688,0
M,26,11300.0,655,0
M,29,22000.0,681,0
M,37,10000.0,718,0
M,45,38000.0,704,0
M,29,19000.0,673,4
M,22,29000.0,672,0
M,32,30000.0,684,0
M,52,15000.0,675,1
M,33,25000.0,672,1
M,35,25000.0,681,1
M,28,13000.0,690,2
M,38,25000.0,690,0
M,22,23000.0,665,0
M,24,9000.0,701,0
M,23,35000.0,677,0
M,42,30000.0,683,2
M,40,17889.0,677,0
M,34,28500.0,667,7
M,23,35000.0,678,0
M,36,15000.0,694,0
M,39,20000.0,707,9
M,24,10000.0,692,0
M,26,15000.0,673,1
M,27,28000.0,685,0
M,32,22000.0,656,0
M,35,30000.0,682,0
M,26,25000.0,674,3
M,31,8000.0,680,1
M,27,23000.0,701,0
M,25,33000.0,701,2
M,40,20000.0,707,2
F,30,25000.0,679,0
M,29,30000.0,712,0
M,36,31000.0,660,0
M,32,40000.0,671,9
M,22,23000.0,673,0
M,35,18000.0,671,1
M,32,25000.0,692,0
M,24,46000.0,657,0
M,23,9500.0,693,0
M,37,23500.0,690,0
M,44,60000.0,679,0
M,52,10000.0,692,1
M,29,15000.0,663,0
F,33,15000.0,664,0
M,36,10500.0,699,0
M,23,30000.0,676,0
F,44,30000.0,690,0
M,45,21800.0,693,0
M,35,20000.0,671,0
M,22,35000.0,658,0
M,39,40000.0,694,0
M,54,25000.0,713,0
M,38,35600.0,672,0
F,43,10000.0,684,0
M,28,15000.0,665,21
M,31,30000.0,686,0
M,40,35000.0,673,25
M,22,13000.0,667,0
M,27,90000.0,649,0
M,38,20000.0,665,0
M,41,20000.0,688,0
M,26,23000.0,663,1
F,33,14000.0,688,0
M,24,35000.0,686,0
M,28,20000.0,679,0
M,33,19000.0,677,0
M,27,17000.0,695,0
M,28,25000.0,667,1
M,21,35000.0,670,0
M,41,40000.0,686,0
M,33,35000.0,700,0
M,38,18000.0,718,0
M,23,22000.0,656,0
M,25,22000.0,678,0
M,28,18000.0,655,0
F,35,16000.0,687,0
M,23,18550.0,670,1
M,25,15000.0,668,0
M,53,12000.0,686,0
F,29,10000.0,657,2
F,44,23400.0,662,2
M,35,15000.0,666,1
M,43,35000.0,661,0
M,36,50000.0,710,14
M,30,33000.0,694,0
M,30,42000.0,660,0
M,35,45000.0,679,13
F,46,40000.0,697,0
M,34,26000.0,709,0
M,25,13000.0,668,0
M,30,47000.0,651,20
M,29,29000.0,593,0
M,25,25000.0,687,0
F,44,20000.0,691,0
M,26,12000.0,702,0
M,31,32000.0,676,5
M,25,33700.0,694,0
M,27,15000.0,698,0
M,30,25000.0,684,3
M,25,40000.0,704,0
M,29,15000.0,674,0
M,29,30000.0,677,0
F,45,10000.0,676,0
F,59,17500.0,696,11
M,37,30000.0,683,0
M,23,15000.0,667,1
M,25,18000.0,717,0
M,59,25000.0,697,0
M,40,35000.0,715,18
M,31,35000.0,676,9
M,40,30000.0,661,0
M,22,15000.0,679,0
M,32,20000.0,666,0
M,34,25000.0,674,0
M,23,15000.0,672,0
M,37,50000.0,656,5
M,31,18000.0,692,0
M,33,25000.0,692,0
M,30,41800.0,681,6
M,34,45000.0,682,0
M,32,75000.0,660,1
M,39,20000.0,694,0
M,38,75000.0,685,0
M,40,19800.0,671,0
M,41,15000.0,702,0
F,30,24000.0,679,0
M,40,23500.0,693,0
M,45,30000.0,709,0
M,29,45000.0,694,1
M,25,32000.0,680,0
M,35,15000.0,695,15
M,48,18000.0,693,0
M,27,30000.0,660,0
F,44,25000.0,663,0
M,23,180000.0,652,0
M,27,28000.0,680,0
M,23,25000.0,685,0
M,51,18000.0,703,0
F,48,16500.0,704,0
M,42,30000.0,568,6
M,23,23000.0,656,0
M,31,32000.0,634,0
M,26,15000.0,683,0
F,34,50000.0,690,0
M,23,19000.0,667,0
M,30,21000.0,717,0
M,23,17000.0,665,0
M,39,23000.0,677,28
M,28,30000.0,653,0
M,31,30000.0,680,0
M,27,28000.0,664,6
M,36,35000.0,675,0
M,31,26000.0,703,0
M,40,30000.0,681,0
M,25,50000.0,676,0
M,26,14000.0,665,0
M,35,30000.0,641,0
M,29,15000.0,668,16
M,41,31000.0,680,0
M,34,12000.0,671,1
M,41,43000.0,712,0
F,39,25000.0,679,0
M,27,29000.0,669,0
M,35,30000.0,679,5
M,28,12000.0,673,0
M,49,14500.0,700,0
M,51,20000.0,672,0
M,42,73000.0,688,0
M,27,50000.0,673,0
M,31,18000.0,681,0
M,24,40000.0,654,0
M,36,48000.0,685,5
M,21,30000.0,676,0
M,30,30000.0,683,0
M,23,8000.0,692,0
F,44,32000.0,701,1
M,35,20000.0,698,0
M,26,11000.0,685,0
M,35,30000.0,639,0
M,37,19500.0,714,0
M,35,25000.0,641,2
M,30,22000.0,678,0
M,50,17000.0,674,0
M,36,20000.0,737,0
M,50,24500.0,662,5
M,36,47000.0,718,2
M,41,50000.0,695,0
M,25,40000.0,691,0
M,31,30000.0,669,0
M,22,35000.0,664,0
F,31,20000.0,687,0
M,25,22500.0,674,0
M,28,17000.0,671,1
M,45,40000.0,645,0
M,23,20000.0,679,0
M,49,28000.0,708,1
M,38,16000.0,673,0
F,64,23000.0,666,1
M,26,12000.0,689,0
M,22,32000.0,683,0
M,33,25000.0,712,0
M,26,30000.0,653,7
M,36,25000.0,685,0
M,23,30000.0,679,8
M,34,23000.0,613,0
M,32,11800.0,670,0
M,38,38000.0,695,0
M,42,21500.0,688,0
M,27,40000.0,692,0
M,24,52487.0,696,0
M,26,30000.0,676,5
M,25,22000.0,708,0
M,35,40000.0,669,0
M,27,17000.0,694,2
M,29,31000.0,675,0
M,40,35000.0,653,6
M,28,17000.0,679,0
M,34,30000.0,665,10
M,47,16000.0,694,0
M,24,22000.0,667,0
F,53,45000.0,668,0
M,38,15000.0,680,11
M,24,13000.0,685,0
M,25,19500.0,673,9
M,28,15000.0,688,0
M,24,30000.0,678,0
M,23,24000.0,685,0
M,27,25300.0,671,0
M,33,45000.0,687,0
M,33,20000.0,691,0
M,25,25000.0,686,0
M,50,14000.0,677,0
M,37,20000.0,696,0
M,22,23000.0,680,0
M,39,30000.0,679,1
M,22,16000.0,685,0
M,43,35000.0,693,0
M,34,60000.0,683,0
M,24,45000.0,706,0
M,39,20000.0,683,0
F,28,25000.0,646,0
F,55,45000.0,721,3
M,33,35000.0,688,0
M,48,38000.0,680,0
M,31,15000.0,691,0
M,52,20000.0,686,0
M,23,20000.0,635,0
M,34,24000.0,673,0
M,35,50000.0,699,0
M,25,21000.0,672,0
M,37,22000.0,688,0
M,39,25000.0,670,0
F,21,25000.0,678,0
M,22,20000.0,683,0
M,50,28500.0,683,0
M,38,25000.0,705,0
F,49,35000.0,704,0
M,63,45000.0,656,2
M,31,23000.0,675,0
F,25,35000.0,694,0
M,30,20000.0,646,4
M,47,18000.0,710,0
F,33,11500.0,690,0
M,34,40000.0,668,0
M,43,17500.0,698,4
F,42,40000.0,687,0
M,33,44000.0,690,0
M,31,25000.0,674,0
M,22,14000.0,687,0
M,24,20000.0,685,0
M,37,15000.0,681,2
M,38,25600.0,708,0
M,25,27500.0,684,0
M,43,20174.0,687,2
M,23,18000.0,665,0
M,45,46000.0,690,0
M,29,28000.0,677,5
M,31,32000.0,704,0
M,27,20000.0,690,2
M,28,30000.0,658,0
M,30,29000.0,673,0
M,31,15000.0,691,1
M,24,10000.0,700,0
M,28,24500.0,675,0
M,30,17000.0,681,0
M,28,28000.0,667,0
M,23,30000.0,660,0
M,34,50000.0,689,6
M,24,18000.0,681,0
M,37,20000.0,696,12
M,55,25000.0,678,0
M,55,15000.0,666,0
F,35,14000.0,664,0
M,27,17200.0,676,0
M,25,25000.0,666,1
F,45,10000.0,671,0
M,41,50000.0,687,2
M,35,24000.0,708,0
M,24,18000.0,699,0
M,36,15000.0,648,4
M,21,25000.0,666,0
M,35,18500.0,701,0
M,59,42000.0,675,7
M,22,20000.0,672,0
M,22,16000.0,678,0
M,46,45000.0,730,0
M,37,16000.0,696,0
F,58,45000.0,695,1
M,29,18000.0,682,0
M,28,26000.0,667,0
F,38,17500.0,685,0
M,24,15000.0,682,0
F,25,16000.0,674,0
M,39,20000.0,703,0
M,23,20000.0,717,0
M,32,85000.0,652,0
F,34,14000.0,690,0
M,27,25000.0,685,0
M,48,35000.0,704,0
M,34,48000.0,680,3
M,24,25000.0,674,0
M,24,12000.0,688,4
M,42,35000.0,681,8
M,45,6000.0,687,0
M,22,26500.0,666,4
M,32,25000.0,699,0
M,41,28000.0,758,0
M,48,45000.0,686,0
M,24,20000.0,679,0
M,50,25000.0,655,0
M,30,30000.0,700,0
M,53,25000.0,699,11
M,34,21000.0,699,0
M,30,25000.0,677,1
F,39,40000.0,663,0
M,32,29000.0,676,0
M,37,18000.0,673,2
M,33,40000.0,672,0
M,47,40000.0,730,0
M,39,25000.0,676,0
M,28,33500.0,694,0
M,22,19200.0,673,0
M,36,45000.0,682,0
M,30,24000.0,663,0
M,25,35000.0,673,0
M,27,18000.0,685,0
M,39,38500.0,679,0
M,35,21500.0,684,0
M,41,45000.0,672,0
F,30,30000.0,643,0
M,31,22000.0,684,0
M,47,26000.0,701,1
M,30,17300.0,665,0
F,43,15000.0,681,0
M,57,60000.0,673,0
M,21,30000.0,675,0
F,33,20000.0,665,0
F,27,33000.0,668,6
M,25,63000.0,666,0
M,56,20000.0,715,10
M,23,10000.0,676,0
M,21,14000.0,687,0
M,31,25000.0,694,0
M,31,16000.0,660,2
M,34,50000.0,677,0
F,42,20000.0,648,4
M,27,15000.0,686,0
M,26,17500.0,692,0
M,25,24000.0,675,0
M,34,34000.0,676,0
M,39,16000.0,675,1
M,24,18000.0,672,0
M,33,20000.0,676,0
M,35,20000.0,673,1
M,30,23000.0,683,4
M,23,25000.0,675,0
F,38,25000.0,679,0
M,54,33500.0,716,0
M,30,45000.0,676,0
M,41,48000.0,691,0
M,26,21000.0,661,17
M,36,30000.0,723,0
M,31,80000.0,684,10
M,38,15000.0,681,2
M,38,40000.0,679,0
M,30,18000.0,678,35
M,31,35000.0,698,0
M,34,30000.0,712,0
M,24,16000.0,663,2
M,45,20000.0,680,4
M,38,35000.0,668,7
M,30,12000.0,660,10
M,26,14000.0,660,0
M,24,22000.0,684,0
M,26,20000.0,673,0
M,29,40000.0,690,1
M,30,30000.0,684,0
F,31,36000.0,732,0
M,55,18000.0,720,2
M,36,15000.0,617,1
M,25,32000.0,671,9
M,39,20000.0,667,0
M,28,18000.0,654,2
M,53,36000.0,669,0
M,25,30000.0,672,0
M,28,35000.0,674,0
M,26,18000.0,681,0
M,25,30000.0,690,0
M,30,25000.0,706,0
M,28,50000.0,661,1
M,47,16000.0,666,3
M,37,24500.0,689,0
M,48,25000.0,688,0
M,30,20000.0,665,0
M,41,25000.0,688,0
M,26,35000.0,687,0
M,42,30000.0,707,1
M,36,39243.0,701,0
F,26,25000.0,678,0
M,25,28000.0,702,7
M,42,25000.0,675,23
M,29,10000.0,701,1
M,35,58000.0,694,0
M,22,16557.0,678,0
M,38,23000.0,667,4
M,38,45000.0,651,2
M,34,11000.0,673,7
M,29,18500.0,704,0
M,21,14000.0,679,0
M,38,20000.0,674,0
M,34,50000.0,715,0
M,39,18000.0,678,18
M,25,35200.0,648,0
M,28,40000.0,669,0
M,26,20000.0,700,0
M,34,22000.0,661,1
M,34,19000.0,692,0
M,35,17000.0,725,0
M,24,16800.0,649,2
M,42,23000.0,686,1
M,26,25000.0,672,0
M,34,16000.0,700,0
M,32,25000.0,683,0
M,23,19000.0,679,0
M,33,20000.0,692,0
M,27,40000.0,662,12
M,27,25000.0,680,0
M,30,36000.0,692,0
M,24,45000.0,654,0
M,40,30000.0,674,4
M,42,25000.0,683,1
M,32,20000.0,723,0
M,38,28000.0,646,0
M,41,45000.0,674,0
M,22,23000.0,665,1
M,36,30000.0,699,0
M,48,25000.0,669,2
M,33,38000.0,676,0
M,29,50000.0,705,0
M,32,30000.0,690,0
M,31,30000.0,673,7
M,50,40000.0,694,0
M,22,30000.0,648,0
M,40,28000.0,680,0
M,21,28000.0,643,0
M,37,40000.0,710,0
M,54,95000.0,670,1
M,25,28000.0,659,0
M,25,40000.0,644,3
M,35,26000.0,680,0
M,33,42600.0,678,0
M,40,22000.0,655,8
M,36,50000.0,654,1
M,22,25000.0,653,0
M,25,19000.0,683,0
F,37,18000.0,661,0
M,28,17000.0,637,0
M,28,20700.0,681,0
F,33,25000.0,682,0
M,29,55000.0,744,5
M,36,26000.0,680,0
M,27,20300.0,675,0
M,32,23000.0,684,0
M,43,30000.0,631,0
M,27,24000.0,652,3
M,30,45000.0,679,2
M,46,40000.0,735,4
M,30,17000.0,680,0
M,45,40000.0,686,0
M,34,50000.0,680,0
M,26,35000.0,672,3
M,30,13000.0,670,5
M,39,41000.0,700,0
M,29,15000.0,683,4
M,24,17000.0,699,0
M,46,12000.0,675,0
M,24,18000.0,667,0
M,27,19000.0,695,0
M,26,13000.0,668,0
M,28,18000.0,674,0
M,43,25000.0,691,0
M,24,40000.0,676,0
M,29,25000.0,694,0
F,24,10000.0,670,0
M,28,20000.0,679,3
M,31,30000.0,631,42
M,58,19000.0,727,0
M,26,22000.0,652,1
M,22,24000.0,656,0
M,28,18500.0,665,0
M,22,15000.0,667,2
M,28,15000.0,670,0
M,32,22000.0,695,21
M,24,25000.0,686,0
M,38,45000.0,671,0
M,23,30000.0,649,0
M,43,24500.0,666,0
M,27,15000.0,735,0
M,29,25000.0,705,0
M,34,25000.0,648,1
M,24,15000.0,661,0
M,24,45000.0,672,0
M,27,20000.0,688,0
M,32,22000.0,658,1
M,47,10000.0,753,23
M,37,23500.0,664,2
M,26,14.0,670,9
M,56,58500.0,683,16
M,24,24000.0,688,0
M,27,15000.0,671,2
M,29,35000.0,697,7
M,23,30000.0,671,0
M,29,18000.0,614,3
M,38,13700.0,690,0
M,31,27500.0,670,12
F,56,25000.0,692,15
M,28,25000.0,693,29
M,23,11500.0,675,0
M,58,45000.0,729,0
M,45,75000.0,686,1
M,28,65000.0,674,0
M,49,38000.0,730,0
M,32,30000.0,662,0
M,25,18000.0,670,0
M,42,20000.0,683,0
M,31,11000.0,660,1
F,44,16000.0,676,0
M,27,18000.0,670,4
M,39,32000.0,650,1
M,31,18000.0,681,0
F,31,15000.0,701,0
M,22,18000.0,675,0
M,36,20000.0,695,0
M,27,50000.0,685,0
M,30,15000.0,693,0
F,38,18000.0,693,0
F,44,27000.0,672,0
M,31,24000.0,684,0
M,50,50000.0,676,0
M,27,10000.0,676,0
M,26,14500.0,662,1
M,23,30000.0,679,0
F,24,10200.0,699,0
M,35,36000.0,682,0
M,38,30000.0,681,0
M,33,45000.0,683,18
M,51,33000.0,667,0
M,33,18000.0,685,0
M,56,17300.0,689,0
M,37,70000.0,694,15
M,29,50000.0,662,0
M,34,30000.0,685,0
M,45,20000.0,684,0
M,28,14000.0,652,6
M,49,20000.0,672,3
M,41,14000.0,690,0
M,28,22000.0,677,10
M,43,16681.0,708,11
M,46,20000.0,699,0
M,36,30000.0,684,0
M,41,80000.0,682,17
M,48,10986.0,679,0
M,34,22500.0,673,0
M,27,17500.0,700,0
M,37,40000.0,711,2
M,28,22000.0,694,0
M,42,16500.0,669,0
F,33,15000.0,674,0
M,23,18500.0,690,0
M,32,45000.0,679,30
F,43,18000.0,692,0
M,26,28000.0,644,9
M,37,22500.0,675,0
M,28,18000.0,671,0
M,28,25000.0,669,2
M,23,7500.0,701,0
M,46,41900.0,707,1
M,52,62000.0,700,0
M,23,20000.0,692,0
M,28,6000.0,683,0
M,36,33900.0,667,0
M,22,15000.0,670,0
M,42,12000.0,662,0
M,43,10000.0,681,0
M,28,30000.0,702,0
M,31,35000.0,675,1
M,23,16000.0,679,0
M,38,25000.0,674,0
M,31,45000.0,681,2
M,26,26000.0,681,2
M,24,15000.0,682,0
M,27,27000.0,654,2
M,34,18000.0,690,1
M,42,35000.0,690,0
M,22,35000.0,679,0
F,32,24190.0,712,14
F,29,35000.0,670,2
F,37,20000.0,667,0
M,28,11000.0,663,0
M,26,20000.0,626,7
M,29,25000.0,676,0
M,47,10.0,668,0
M,55,35000.0,655,28
M,30,16000.0,686,0
M,24,18000.0,660,0
M,44,19000.0,674,12
M,32,24000.0,692,0
M,30,25000.0,689,0
M,31,200000.0,638,0
M,42,20000.0,709,0
M,25,15000.0,696,0
M,35,11000.0,681,0
M,23,28000.0,667,5
M,31,35000.0,675,0
M,23,30000.0,666,0
M,27,50000.0,681,0
F,43,15000.0,649,0
M,32,22000.0,685,0
M,27,17500.0,663,0
M,29,12000.0,653,0
M,40,12000.0,679,0
M,30,10000.0,667,0
M,35,15000.0,671,7
M,23,70000.0,678,7
M,35,18000.0,695,0
F,27,15000.0,672,16
M,50,28000.0,679,0
M,24,25000.0,616,4
M,35,22000.0,683,0
M,44,14000.0,676,3
M,30,20000.0,694,0
M,27,19000.0,653,8
M,26,25000.0,655,0
M,31,18000.0,653,0
M,36,23500.0,695,0
M,30,73000.0,684,8
M,32,15000.0,678,0
M,30,13000.0,662,0
M,40,8000.0,683,0
M,23,30000.0,667,0
M,24,25000.0,707,0
M,36,12000.0,650,4
M,35,25000.0,670,1
M,43,30000.0,669,0
M,38,25000.0,709,0
M,57,11000.0,698,4
M,36,22000.0,674,0
M,21,13000.0,658,0
M,26,25000.0,650,0
M,30,15000.0,676,0
F,34,17000.0,690,0
M,51,50000.0,696,0
M,33,13000.0,725,0
M,27,15000.0,661,0
F,26,78000.0,690,5
M,45,13000.0,680,0
M,21,15000.0,672,0
M,22,50000.0,692,0
M,48,21000.0,682,0
F,42,14800.0,654,22
F,29,36000.0,684,0
M,26,22500.0,694,0
M,30,55000.0,676,0
M,33,13500.0,676,0
M,48,25000.0,666,0
M,32,18000.0,666,0
F,39,8000.0,683,0
F,37,15000.0,704,0
M,22,15000.0,681,0
F,38,25000.0,680,13
M,30,35000.0,711,0
M,32,17500.0,695,0
M,59,23000.0,711,0
M,26,19800.0,670,0
M,26,35000.0,626,4
M,21,10000.0,675,0
M,40,28000.0,663,0
F,24,17000.0,682,0
M,31,18000.0,672,0
M,25,25000.0,693,0
M,34,32000.0,672,1
M,47,20000.0,690,0
M,21,12000.0,677,0
M,36,20000.0,679,0
M,27,25000.0,686,0
M,34,35000.0,717,4
M,32,40000.0,685,0
M,28,24000.0,686,0
M,35,24000.0,678,0
M,35,25000.0,685,30
M,29,25000.0,657,4
M,22,19000.0,664,5
M,41,13000.0,657,5
F,47,40000.0,668,0
M,29,13500.0,690,0
M,32,22000.0,668,1
M,56,30000.0,737,1
M,31,15000.0,681,0
M,22,30000.0,696,0
F,33,22000.0,687,2
M,43,21000.0,694,0
F,34,18000.0,719,0
M,33,16000.0,675,0
M,42,17869.0,684,0
M,34,20000.0,667,10
M,31,12000.0,660,0
M,27,18000.0,683,0
M,35,30000.0,713,5
M,31,22000.0,688,0
M,27,42000.0,669,0
M,40,25000.0,678,0
M,43,23000.0,678,0
M,28,28000.0,663,0
M,23,18000.0,654,1
M,40,22000.0,703,1
M,30,40000.0,662,0
M,23,30000.0,670,4
M,32,20000.0,691,0
F,37,30000.0,685,0
M,29,10000.0,694,0
M,23,35000.0,677,0
M,26,14000.0,658,1
M,33,18000.0,654,1
M,26,25000.0,674,0
M,24,18500.0,675,0
M,33,12509.0,674,0
M,37,45000.0,683,0
M,35,40000.0,690,21
M,36,20000.0,722,0
M,42,40000.0,672,0
M,32,30000.0,680,0
M,26,16000.0,714,0
M,27,40000.0,666,0
M,25,26000.0,688,0
M,26,13000.0,679,0
M,22,12000.0,670,0
M,23,18000.0,686,0
M,37,19000.0,673,0
F,44,40000.0,675,0
M,44,40000.0,703,15
M,41,22000.0,668,1
M,30,68000.0,672,0
M,34,24500.0,675,0
M,27,27600.0,707,0
M,40,50000.0,656,8
M,22,35000.0,675,0
M,21,12500.0,668,1
M,48,28000.0,702,0
M,25,15000.0,679,0
M,32,33500.0,694,0
M,28,31000.0,654,0
M,56,19000.0,699,0
M,42,22000.0,686,0
M,36,21816.0,664,0
M,25,34000.0,672,0
F,25,18000.0,693,0
M,29,12500.0,674,0
F,38,25000.0,666,1
M,29,50000.0,649,3
M,41,20000.0,691,0
M,30,35000.0,657,0
M,26,28000.0,661,8
M,31,17000.0,655,0
M,41,20000.0,694,0
M,35,41000.0,689,0
M,27,25000.0,663,0
M,26,30000.0,692,0
M,21,13000.0,671,1
M,39,65000.0,684,0
M,26,18500.0,643,0
M,36,20500.0,691,0
M,27,17500.0,698,0
M,24,30000.0,662,0
M,36,17000.0,666,2
M,49,30000.0,694,0
M,28,20000.0,682,0
M,52,25000.0,673,0
M,31,24000.0,653,5
M,38,20000.0,652,1
F,26,15200.0,706,0
M,31,35000.0,681,0
M,40,7000.0,690,7
M,32,25000.0,654,0
M,29,20000.0,672,0
M,25,14800.0,684,0
M,39,25000.0,698,6
M,25,70000.0,677,2
M,31,44000.0,659,0
M,55,18700.0,670,0
M,44,30000.0,674,0
F,52,45000.0,668,2
M,27,25000.0,648,1
M,29,25000.0,684,0
M,30,29000.0,733,0
M,29,15000.0,683,0
M,33,15000.0,692,0
F,47,30000.0,692,0
M,43,25000.0,669,2
M,24,38500.0,672,0
M,31,35000.0,685,0
M,23,46000.0,673,0
M,23,30000.0,674,5
M,28,35000.0,659,0
F,26,20000.0,702,0
F,43,15000.0,668,0
M,32,10000.0,682,0
M,28,25500.0,672,0
M,30,38000.0,674,0
M,41,20000.0,665,18
M,25,22000.0,683,3
M,37,16000.0,675,1
M,23,25000.0,679,0
M,23,13500.0,687,0
F,40,22000.0,691,4
M,42,30000.0,679,3
M,44,32000.0,701,0
M,31,50000.0,694,0
M,28,35000.0,668,0
F,39,8.0,679,0
M,26,28000.0,713,0
M,40,35000.0,687,1
M,27,30000.0,650,0
M,30,20000.0,676,0
M,43,17500.0,690,0
M,37,33000.0,663,1
M,35,30000.0,650,3
M,33,21000.0,689,0
M,43,20000.0,716,0
M,35,16000.0,652,4
M,27,35400.0,647,2
F,50,25000.0,649,2
M,30,40000.0,663,1
M,29,20000.0,680,2
F,40,15000.0,707,0
M,44,32000.0,686,0
M,31,20000.0,695,0
M,31,48000.0,665,0
M,44,38000.0,688,0
M,28,25000.0,676,0
F,33,41000.0,688,0
M,46,20000.0,671,3
M,48,20000.0,672,0
M,35,28500.0,623,0
M,24,20000.0,666,0
M,33,25000.0,675,13
F,42,10048.0,662,2
F,28,30000.0,658,5
M,33,14000.0,691,0
M,38,16000.0,650,30
M,48,40000.0,708,12
M,29,10000.0,684,3
F,35,12490.0,682,0
M,30,26500.0,689,0
F,61,25000.0,682,1
M,36,25000.0,681,0
M,33,14000.0,661,5
M,28,35000.0,666,1
M,33,17000.0,682,8
M,30,45000.0,697,0
F,27,10000.0,669,0
M,31,30000.0,658,5
M,29,20000.0,682,0
M,28,15000.0,686,0
M,34,20000.0,708,0
M,31,25000.0,706,0
M,37,28000.0,711,0
M,33,40000.0,665,5
M,37,18000.0,688,0
M,32,25000.0,694,0
M,36,15000.0,698,0
M,46,75000.0,677,7
M,33,16500.0,672,0
M,36,20000.0,632,11
M,23,58000.0,655,2
M,39,30000.0,658,1
M,35,20000.0,740,0
F,24,12800.0,674,0
M,35,19000.0,664,0
M,26,35000.0,675,0
M,25,22000.0,667,0
M,21,63000.0,673,0
M,26,28000.0,672,6
F,38,18000.0,691,0
M,32,14000.0,678,0
M,44,30000.0,705,0
F,27,18000.0,663,0
M,32,50000.0,688,0
F,36,15000.0,677,0
M,23,16000.0,651,12
M,38,22500.0,668,0
M,23,12000.0,689,0
M,28,15000.0,669,1
M,37,17500.0,670,0
M,23,22000.0,677,0
M,35,25000.0,723,0
M,30,22500.0,669,0
M,23,18000.0,666,1
M,28,35000.0,684,0
M,31,25000.0,669,2
F,37,24000.0,701,0
M,27,64000.0,689,0
F,24,35000.0,658,0
M,22,10000.0,677,1
F,37,40000.0,663,0
M,52,23000.0,672,0
F,28,19000.0,637,0
M,60,30000.0,683,0
M,41,20500.0,667,3
M,43,30000.0,688,0
M,34,8335.0,685,0
F,23,18.0,697,0
M,27,15000.0,631,0
M,26,20000.0,692,0
M,31,33000.0,678,19
M,45,17000.0,699,0
M,33,25000.0,702,0
F,30,30000.0,652,0
M,25,40000.0,648,0
M,30,17500.0,680,0
M,42,14000.0,689,0
M,34,35000.0,664,0
M,38,20000.0,682,0
M,28,21000.0,697,0
M,41,17000.0,658,0
M,29,40000.0,662,1
M,37,15000.0,684,3
M,37,16000.0,680,6
M,33,20000.0,720,2
M,24,15000.0,665,0
M,21,26000.0,691,0
M,32,16000.0,683,0
M,27,15000.0,690,0
M,26,22000.0,670,8
M,29,15800.0,642,0
M,33,20000.0,686,0
M,44,18000.0,666,0
M,41,22000.0,689,0
M,37,25000.0,719,10
M,31,25000.0,684,0
M,24,15000.0,663,2
M,43,70000.0,685,0
M,51,30000.0,667,5
M,35,30000.0,687,0
M,32,14500.0,688,0
M,46,13500.0,660,1
M,27,21000.0,685,0
F,43,22500.0,683,6
M,31,40000.0,666,0
M,27,12400.0,664,5
M,35,30000.0,719,0
M,59,25000.0,654,4
M,26,20000.0,666,0
M,24,25000.0,675,0
M,31,20000.0,680,0
M,31,30000.0,693,5
M,41,27000.0,696,0
M,41,30000.0,631,2
M,43,40000.0,694,0
M,34,22000.0,667,3
M,33,20000.0,660,0
M,24,15000.0,685,8
M,37,30000.0,655,1
M,46,40000.0,669,0
M,45,22000.0,713,0
M,28,10000.0,663,8
M,44,15000.0,667,0
M,36,19000.0,658,2
M,33,18000.0,671,0
M,42,35000.0,758,0
M,28,15000.0,688,0
M,34,50000.0,680,11
F,32,20000.0,673,0
M,26,38500.0,690,0
M,21,35000.0,683,2
M,30,25000.0,703,0
M,27,25000.0,678,7
M,24,13500.0,687,0
M,43,75000.0,689,1
F,32,15000.0,671,0
M,35,21500.0,709,0
M,28,12300.0,660,2
M,27,22000.0,642,0
M,23,22500.0,660,0
M,42,17500.0,669,0
M,24,30000.0,671,0
M,26,25000.0,683,19
M,44,35000.0,669,5
M,31,26000.0,679,0
F,27,150000.0,684,0
M,27,22000.0,693,0
M,61,25000.0,699,0
F,45,19000.0,682,0
M,44,29000.0,657,1
F,33,20000.0,676,0
M,23,57000.0,678,0
M,22,14000.0,662,0
M,24,22000.0,682,0
M,31,25000.0,692,0
M,21,40000.0,677,0
M,23,20000.0,678,7
M,24,20000.0,713,0
F,30,18000.0,685,0
M,31,15000.0,695,0
M,22,12000.0,675,0
M,25,12000.0,663,0
M,46,25000.0,670,0
M,22,15000.0,679,0
M,30,17000.0,667,25
M,36,74000.0,672,17
M,32,35000.0,655,0
F,42,30000.0,672,0
M,42,43000.0,728,0
M,45,20000.0,677,2
M,44,30000.0,672,3
M,26,15000.0,661,0
M,25,25000.0,699,0
F,30,12000.0,692,0
M,23,26000.0,665,0
M,36,28000.0,687,0
M,25,19000.0,689,1
M,31,15000.0,668,1
F,40,13000.0,708,6
M,50,43000.0,693,0
M,36,18000.0,681,0
M,49,25500.0,698,9
M,32,24000.0,693,4
M,38,18000.0,672,0
F,30,25000.0,660,0
M,43,20000.0,681,0
M,24,17000.0,670,0
M,29,25000.0,680,3
M,31,40000.0,661,5
F,36,65000.0,651,1
M,35,33000.0,673,0
M,52,20000.0,658,2
M,25,20500.0,648,1
M,24,20000.0,664,0
M,26,25000.0,690,0
M,26,21000.0,663,0
M,38,25000.0,713,0
M,33,25000.0,666,0
M,38,35000.0,690,0
M,36,14000.0,674,3
M,41,26000.0,687,0
M,24,52800.0,693,0
M,40,28000.0,680,3
M,37,42000.0,705,14
M,35,17500.0,689,0
M,34,15500.0,698,24
M,27,20000.0,672,0
M,46,30000.0,683,0
M,45,18000.0,703,0
M,28,16000.0,668,0
F,38,35000.0,721,0
M,34,23500.0,712,0
M,37,19000.0,656,2
M,49,22000.0,658,0
M,43,27000.0,737,0
M,25,25000.0,649,0
M,25,22000.0,683,0
M,38,20000.0,679,0
M,23,28000.0,656,0
M,31,20000.0,697,0
F,52,18000.0,724,0
F,40,24000.0,687,0
M,21,15000.0,673,0
M,23,18000.0,620,4
M,25,50000.0,677,0
M,33,25000.0,679,0
M,60,20000.0,661,0
M,50,21000.0,666,11
M,30,60000.0,691,0
M,32,35000.0,679,0
M,32,35000.0,662,0
M,23,18000.0,670,1
M,31,35000.0,688,0
M,39,13000.0,672,0
M,30,15000.0,702,0
M,44,30000.0,706,0
M,38,34000.0,680,1
M,29,35000.0,681,3
F,36,15000.0,612,0
M,22,28500.0,671,0
M,35,19000.0,695,0
M,41,10000.0,663,2
M,34,25000.0,695,0
F,27,25000.0,650,1
M,26,32000.0,683,0
M,42,12999.0,683,0
M,27,23500.0,691,0
M,28,13000.0,689,0
M,30,24000.0,661,1
M,32,22000.0,658,0
M,28,15000.0,669,5
M,28,30000.0,696,0
M,43,25000.0,680,0
M,46,200000.0,728,0
M,29,13000.0,691,0
M,37,21000.0,674,0
M,23,41000.0,660,0
M,23,18000.0,676,0
M,27,25000.0,669,0
F,44,13000.0,693,0
M,23,24000.0,672,0
M,22,29500.0,659,4
M,42,16500.0,664,0
M,29,43000.0,692,0
M,22,18000.0,675,4
M,22,20000.0,644,0
M,31,50000.0,669,0
M,50,32500.0,703,0
M,27,20000.0,673,0
M,34,45000.0,692,0
M,40,35000.0,689,1
F,26,15000.0,659,2
M,29,34000.0,672,0
M,27,25000.0,682,0
M,23,30000.0,688,0
M,21,11900.0,690,0
M,44,13000.0,678,0
M,25,17000.0,677,0
M,40,20000.0,679,0
M,54,15000.0,685,0
F,32,30000.0,691,0
M,33,15000.0,681,0
F,32,14000.0,687,6
M,22,16000.0,667,4
M,30,16000.0,680,0
M,45,40000.0,728,0
F,46,13000.0,720,0
F,32,30000.0,664,0
M,26,14000.0,648,6
M,23,14000.0,671,0
M,55,36000.0,656,13
M,24,30000.0,658,1
M,31,55000.0,689,5
M,24,25000.0,680,0
F,22,80000.0,676,0
M,53,47000.0,679,0
M,51,12000.0,671,0
M,27,20000.0,613,4
M,22,23000.0,655,4
F,38,50000.0,718,21
M,46,60000.0,696,15
M,28,13000.0,673,0
F,33,25000.0,678,0
M,42,25000.0,645,4
F,32,22000.0,688,0
F,32,20000.0,689,0
M,51,12500.0,697,0
M,29,40000.0,696,0
M,26,50000.0,686,0
M,26,15000.0,688,0
M,30,30000.0,671,0
M,42,25000.0,678,0
M,31,22000.0,693,0
M,30,14000.0,668,3
M,30,28000.0,679,11
M,26,43500.0,691,0
M,33,17000.0,691,0
F,45,16000.0,663,0
M,32,18000.0,668,2
M,22,12000.0,676,0
M,30,21000.0,688,0
M,27,20000.0,699,0
M,27,22500.0,672,0
F,53,20000.0,687,0
M,40,20000.0,685,0
F,38,28500.0,713,0
M,34,20000.0,677,0
M,47,70000.0,698,0
M,22,19000.0,688,0
M,31,23000.0,672,0
M,24,15000.0,686,0
M,29,15000.0,679,0
M,49,30000.0,675,0
M,28,19000.0,678,0
M,29,20000.0,660,6
M,26,25000.0,659,0
M,31,26000.0,678,0
M,25,17000.0,715,15
M,42,38000.0,681,0
M,36,18000.0,749,0
M,31,25000.0,677,0
M,54,20000.0,709,0
M,32,24000.0,664,0
M,25,26000.0,677,0
M,21,11000.0,675,0
F,45,14000.0,713,0
M,35,25000.0,715,1
M,42,22000.0,689,0
M,27,22000.0,682,0
F,49,40000.0,663,0
M,24,20000.0,668,0
M,54,30000.0,736,0
M,34,25000.0,679,0
M,40,21000.0,681,3
M,30,52000.0,688,0
M,40,13000.0,686,0
F,59,28000.0,712,4
M,37,15000.0,700,0
F,39,180000.0,679,0
M,50,25000.0,689,0
M,29,30000.0,705,0
M,41,1.0,690,0
M,21,40000.0,684,0
M,31,19000.0,674,0
M,28,22000.0,698,0
M,22,35000.0,636,0
M,22,13000.0,686,0
M,30,48000.0,654,0
M,42,25000.0,730,22
M,27,25000.0,666,0
M,28,50000.0,649,0
M,38,25000.0,671,1
F,29,20000.0,678,0
M,29,23000.0,668,1
M,27,40000.0,684,8
M,37,35000.0,689,0
M,29,19000.0,682,0
M,26,70000.0,693,0
M,43,25000.0,669,0
M,47,14000.0,692,0
F,30,40000.0,690,0
M,24,9197.0,658,0
M,44,20000.0,696,0
M,33,16000.0,692,0
M,24,50000.0,654,3
M,26,20000.0,676,0
M,44,12000.0,695,0
M,23,14000.0,684,0
M,37,27000.0,664,3
M,38,30000.0,688,0
M,29,26000.0,690,0
M,42,35000.0,654,1
M,27,65000.0,674,0
F,26,45000.0,689,0
M,40,24000.0,688,0
M,28,25000.0,640,0
M,30,20000.0,657,0
M,35,18500.0,718,0
M,23,22000.0,655,0
F,25,18000.0,617,0
M,39,30000.0,691,0
M,28,56000.0,679,0
M,32,30000.0,708,0
M,26,20800.0,657,1
M,27,30000.0,696,0
M,42,35000.0,658,0
M,29,18000.0,662,8
F,23,18000.0,680,0
M,23,13200.0,657,0
M,25,20000.0,690,0
F,26,33000.0,686,0
M,32,18000.0,686,0
M,46,38000.0,706,0
M,28,18000.0,666,0
M,27,12000.0,674,0
M,27,22500.0,672,2
M,29,24000.0,645,0
M,45,7800.0,685,0
M,27,23000.0,666,0
M,26,19000.0,648,1
M,30,23000.0,714,0
M,32,35000.0,646,0
M,38,18000.0,683,1
M,35,18000.0,684,8
M,42,24000.0,669,0
M,32,17000.0,705,0
M,44,28500.0,667,0
M,23,10000.0,655,1
M,37,29000.0,681,8
M,33,20000.0,652,0
F,43,35000.0,667,0
M,32,22000.0,675,1
M,36,35000.0,685,0
M,35,26000.0,705,0
M,30,17900.0,636,4
M,24,55000.0,675,0
M,34,125000.0,676,5
M,39,35000.0,666,2
M,25,20000.0,664,12
F,41,25000.0,688,0
M,27,50000.0,679,0
M,22,15000.0,678,0
M,21,22000.0,666,0
M,50,29000.0,668,0
M,28,19450.0,666,1
M,37,27000.0,721,0
M,23,20000.0,671,0
M,33,26500.0,694,0
M,43,50000.0,713,0
M,41,18500.0,692,0
F,23,24500.0,703,0
M,26,20000.0,666,1
M,26,30000.0,702,0
M,39,35000.0,722,0
M,33,21000.0,661,0
M,21,9100.0,682,0
M,36,25000.0,681,0
M,26,95000.0,682,0
M,26,30000.0,671,0
M,36,25000.0,676,19
M,23,55000.0,660,0
M,34,32000.0,681,0
M,30,40085.0,692,0
M,26,20000.0,705,0
M,24,11800.0,681,0
M,54,24000.0,682,0
M,43,20000.0,684,0
M,24,18000.0,690,0
M,42,14000.0,699,0
M,42,15000.0,705,0
M,34,32000.0,678,0
M,43,25000.0,669,0
M,25,20000.0,694,1
M,21,17500.0,690,0
M,27,35000.0,651,8
M,23,10800.0,662,2
M,40,23000.0,687,2
M,29,60000.0,696,3
F,32,20000.0,656,2
M,28,10000.0,670,11
M,21,28000.0,704,16
M,26,20000.0,695,0
M,33,20000.0,668,12
M,32,25000.0,683,0
F,40,25000.0,688,0
M,29,15000.0,667,0
M,45,55000.0,665,1
M,29,20000.0,695,0
M,28,19500.0,706,0
M,41,11500.0,687,0
M,32,35000.0,691,0
M,25,20000.0,685,0
M,25,18000.0,677,0
M,27,25000.0,674,7
M,37,18000.0,686,0
M,51,30000.0,720,0
M,35,20000.0,647,1
F,39,25000.0,710,0
M,21,17000.0,671,0
M,21,10000.0,671,0
M,40,15000.0,674,0
F,32,56000.0,659,0
M,26,14000.0,672,0
M,33,15000.0,708,0
F,51,16000.0,666,0
M,39,20000.0,721,0
F,51,15000.0,672,0
M,25,30000.0,679,0
M,29,40000.0,649,2
F,53,32000.0,700,3
M,47,30000.0,730,21
M,27,18000.0,663,1
F,32,35000.0,670,0
M,24,15000.0,674,1
M,57,18000.0,711,0
M,33,30000.0,699,0
M,47,16500.0,672,0
M,22,22000.0,657,0
M,21,18000.0,600,0
M,47,30000.0,712,0
F,48,8000.0,696,0
M,25,20000.0,687,0
F,52,10000.0,697,0
M,23,6000.0,651,2
M,23,34000.0,680,0
M,30,15000.0,710,0
F,27,20000.0,675,0
M,44,25000.0,678,0
M,45,20000.0,712,7
M,25,45000.0,680,0
M,34,15000.0,688,0
M,35,24000.0,677,3
M,42,21000.0,684,8
M,43,25000.0,697,5
M,29,15000.0,689,0
M,36,30000.0,689,0
M,39,50000.0,703,0
F,49,28000.0,707,0
M,26,20000.0,701,0
M,21,20000.0,658,0
M,36,25000.0,702,0
M,40,50000.0,688,0
M,53,38400.0,704,0
M,32,15000.0,684,0
M,23,16500.0,687,0
M,45,35000.0,685,0
M,22,25000.0,689,0
M,24,22000.0,649,3
F,32,3000.0,677,0
M,27,16000.0,672,1
M,23,28000.0,679,0
M,23,20000.0,655,4
M,30,12000.0,668,0
M,37,20000.0,708,0
M,39,28000.0,675,1
M,23,22000.0,670,0
F,51,45000.0,659,5
F,29,16700.0,681,0
M,53,15000.0,674,0
M,35,20500.0,711,0
M,42,18000.0,664,0
M,39,40000.0,699,0
M,58,35000.0,695,5
M,41,24000.0,676,0
M,41,26000.0,684,0
M,32,18000.0,678,0
M,41,50000.0,705,0
M,27,30000.0,679,0
M,29,30000.0,672,0
M,31,23000.0,708,0
F,36,35000.0,705,0
M,30,26000.0,683,0
M,45,14000.0,679,2
F,50,18000.0,641,2
M,44,17500.0,684,0
M,28,50000.0,669,1
M,39,33500.0,736,0
M,51,10000.0,686,0
M,27,20000.0,666,0
M,42,27000.0,640,3
M,43,80000.0,650,2
M,27,150000.0,640,0
M,50,43000.0,726,0
M,49,30000.0,676,26
M,45,25000.0,690,0
M,38,19500.0,682,0
M,29,22000.0,665,0
M,42,15000.0,695,0
M,43,21500.0,721,0
M,25,25000.0,665,0
M,46,35000.0,669,0
M,38,30000.0,703,0
M,34,20000.0,685,5
M,36,45000.0,682,1
M,28,45000.0,658,1
M,32,55000.0,669,11
M,25,32000.0,660,0
M,36,25000.0,699,0
M,35,35000.0,683,3
M,27,18000.0,670,0
M,22,15000.0,675,0
M,28,45000.0,688,0
M,40,13500.0,725,0
M,29,20000.0,664,3
M,24,29000.0,687,0
M,21,35000.0,676,0
M,30,20000.0,668,0
M,29,15000.0,677,0
M,25,16200.0,668,0
M,40,19500.0,682,0
F,34,35000.0,681,0
M,39,20000.0,668,9
M,42,25000.0,691,6
M,32,19000.0,718,0
M,31,45000.0,661,10
F,24,15000.0,650,0
M,27,15000.0,677,0
F,40,20000.0,690,0
M,35,13000.0,706,0
M,26,16000.0,670,0
M,32,12000.0,676,0
M,43,40000.0,668,4
M,41,25000.0,678,0
M,26,13000.0,666,8
M,30,25000.0,721,0
M,29,14500.0,689,6
M,36,30000.0,682,6
M,26,12000.0,662,1
M,24,25000.0,697,0
M,37,20000.0,688,1
M,41,20000.0,677,0
M,40,75000.0,697,65
M,21,20000.0,688,0
M,31,35000.0,658,0
M,30,16000.0,676,3
M,48,20000.0,714,0
M,33,22000.0,676,0
M,21,21000.0,682,0
F,46,35000.0,684,0
M,24,10000.0,662,10
M,43,23000.0,705,0
M,30,30000.0,692,7
M,30,47000.0,671,0
M,25,27000.0,665,0
M,23,16000.0,680,0
M,34,18000.0,681,0
M,33,15000.0,725,0
M,41,30000.0,724,10
M,59,30000.0,711,10
M,27,15000.0,682,0
M,29,25000.0,672,0
M,50,25000.0,691,0
M,27,20000.0,661,0
M,27,25000.0,731,1
M,23,20000.0,689,0
M,36,14000.0,708,3
M,30,18000.0,670,0
M,23,15000.0,657,0
M,25,30000.0,672,0
M,21,20000.0,674,0
M,31,24000.0,694,0
M,35,18000.0,694,18
M,26,45000.0,615,0
F,50,28000.0,657,4
M,32,45000.0,648,5
M,25,30000.0,702,0
M,24,25000.0,709,2
M,41,20000.0,670,2
M,22,15000.0,691,0
M,30,25000.0,716,0
M,32,14000.0,663,0
M,24,22700.0,679,0
F,30,35000.0,694,0
M,30,22000.0,706,0
M,45,18000.0,682,0
M,38,34000.0,682,0
F,33,22000.0,662,0
M,23,13000.0,674,0
M,28,35500.0,682,0
M,34,18000.0,681,0
M,30,43600.0,690,0
M,22,18000.0,680,0
M,25,22000.0,693,0
M,22,31000.0,662,0
F,24,25000.0,687,0
M,25,44000.0,671,0
M,37,15000.0,673,0
M,27,25000.0,678,2
M,22,40000.0,674,0
M,25,30000.0,664,0
M,34,15000.0,658,0
M,31,20000.0,670,0
M,33,23000.0,667,0
M,29,17000.0,668,1
M,29,24500.0,673,0
F,52,10.0,695,0
F,36,18500.0,679,0
F,29,23000.0,670,0
M,51,21000.0,680,0
M,25,39000.0,688,0
M,52,24000.0,719,0
M,25,24500.0,670,8
M,26,24000.0,687,24
M,21,25000.0,667,0
M,32,22000.0,677,0
M,31,20000.0,674,0
M,30,18500.0,676,0
M,23,37504.0,649,3
M,43,15000.0,712,0
M,40,18500.0,667,4
M,44,23000.0,713,29
M,46,32500.0,669,6
M,33,20500.0,679,0
M,36,18000.0,673,3
F,44,50000.0,677,0
M,43,38000.0,691,0
M,39,40000.0,731,8
M,54,40000.0,699,0
M,42,35000.0,658,0
F,38,9500.0,694,0
M,27,22000.0,665,0
M,23,45000.0,648,3
M,36,23000.0,669,0
M,50,29000.0,696,0
M,35,150000.0,691,0
M,42,20000.0,638,13
M,52,43000.0,696,2
M,42,40000.0,695,0
M,24,25000.0,655,1
M,29,20000.0,660,7
M,40,10000.0,672,0
F,49,17500.0,661,0
M,29,30000.0,683,13
M,35,20000.0,689,0
M,36,25000.0,687,0
M,24,15000.0,689,0
M,41,40000.0,734,8
M,28,12000.0,698,3
M,30,50000.0,690,0
M,39,22000.0,702,14
M,45,30000.0,708,0
M,36,20000.0,664,0
M,33,25000.0,658,0
M,45,35000.0,716,0
M,26,18000.0,672,12
M,34,26000.0,670,1
M,26,100000.0,667,0
M,24,20000.0,682,0
M,33,23000.0,728,0
M,44,25000.0,677,0
M,28,20000.0,642,0
M,27,17500.0,679,0
M,35,21000.0,716,19
F,33,18000.0,676,3
M,31,30000.0,650,2
M,31,45000.0,674,0
M,42,15000.0,682,0
M,46,30000.0,683,0
M,32,13000.0,689,0
M,46,40000.0,701,0
M,41,20000.0,716,0
M,33,30000.0,702,0
M,22,30000.0,655,1
M,28,22000.0,653,27
M,50,28720.0,704,0
M,34,30000.0,689,0
M,40,30000.0,726,2
F,33,13500.0,680,0
M,36,23000.0,718,1
M,24,15000.0,687,0
M,36,22000.0,668,0
M,38,25000.0,667,0
M,23,9500.0,661,0
M,26,27000.0,678,0
M,27,35000.0,667,3
M,27,20000.0,687,0
M,55,40000.0,757,0
F,22,20000.0,683,0
M,38,24000.0,683,0
M,23,15000.0,697,0
M,42,30000.0,699,8
M,35,40000.0,669,31
M,24,20000.0,658,0
M,29,25000.0,656,10
M,25,20000.0,684,0
M,37,35000.0,710,0
F,41,40000.0,655,0
M,32,35000.0,690,0
M,27,35000.0,658,0
M,36,28000.0,700,0
M,30,63000.0,619,0
M,41,25000.0,692,0
M,44,17000.0,683,29
M,27,14000.0,677,0
M,37,20000.0,667,0
F,32,14000.0,692,0
M,53,50000.0,693,2
M,28,13000.0,694,0
M,42,4.0,669,2
M,49,26500.0,704,0
M,41,20000.0,732,1
M,29,20000.0,687,0
M,36,25000.0,673,0
M,41,55000.0,668,2
M,42,17200.0,684,0
M,24,280000.0,667,0
M,62,40000.0,686,0
M,25,38000.0,673,9
M,26,30000.0,680,1
M,33,30000.0,691,0
M,23,12000.0,674,0
F,48,25000.0,682,0
M,33,15000.0,594,1
M,34,15000.0,677,0
M,28,15000.0,670,0
M,37,15000.0,683,1
M,46,32000.0,665,0
M,28,65000.0,695,0
M,49,30000.0,690,0
M,25,35000.0,685,0
M,28,18000.0,665,0
M,28,25000.0,682,0
M,24,25000.0,680,0
M,23,32000.0,688,0
M,47,20000.0,713,0
M,24,20000.0,680,0
M,31,20000.0,683,0
M,31,25000.0,681,0
M,28,25000.0,658,3
F,32,11909.0,674,1
M,35,25000.0,680,0
M,26,30000.0,681,0
M,23,15000.0,676,0
M,29,40000.0,672,0
M,49,22000.0,747,0
M,45,24500.0,696,0
M,54,25000.0,698,0
F,36,12500.0,646,0
M,59,18500.0,702,0
M,32,15000.0,669,0
M,40,50000.0,682,0
M,24,13000.0,654,3
M,40,45000.0,676,0
M,25,15000.0,673,0
M,30,15000.0,687,0
M,25,50000.0,646,0
F,28,15000.0,698,0
F,38,25000.0,681,3
M,41,20000.0,709,20
M,22,13000.0,689,0
M,31,40000.0,656,0
M,42,28000.0,710,0
M,28,45000.0,676,8
M,38,30000.0,694,0
M,40,15000.0,692,0
M,58,40000.0,705,1
M,26,22000.0,674,1
M,35,30000.0,653,0
M,41,29000.0,710,1
M,22,16500.0,668,0
M,42,18000.0,678,0
F,26,8000.0,682,0
M,44,40000.0,695,4
M,29,24000.0,693,0
M,31,35000.0,710,0
M,34,24000.0,670,0
M,46,28700.0,673,0
M,25,40000.0,676,0
M,40,20000.0,592,26
M,26,22000.0,693,0
M,21,10000.0,680,0
M,24,21000.0,681,0
M,41,3000.0,714,0
M,41,12471.0,668,21
M,22,12000.0,672,0
M,49,29800.0,700,0
M,45,40000.0,681,0
M,31,36500.0,688,0
F,23,12500.0,675,0
M,31,15000.0,702,0
M,44,26000.0,680,0
M,42,32000.0,619,0
M,34,35000.0,689,0
F,29,11000.0,693,0
M,25,33000.0,680,0
M,47,35000.0,669,1
F,44,20000.0,662,3
F,38,42500.0,675,0
M,47,18423.0,704,6
M,32,24000.0,697,0
M,29,25000.0,551,15
M,27,20000.0,662,0
M,30,60000.0,686,0
M,39,22000.0,680,0
M,30,30000.0,686,5
M,30,12000.0,685,0
M,28,16500.0,663,0
M,34,40000.0,659,6
M,24,14000.0,677,0
M,35,18000.0,645,0
M,31,35000.0,669,0
M,50,28000.0,709,1
M,30,16000.0,699,0
M,29,19800.0,700,0
M,31,15000.0,700,0
M,44,15000.0,713,0
F,47,31000.0,683,1
M,45,40000.0,673,1
M,29,24500.0,692,0
M,43,31500.0,655,15
M,28,24000.0,671,0
M,28,28000.0,673,3
F,30,22000.0,666,0
M,27,19000.0,679,2
M,32,40000.0,669,0
M,28,25000.0,682,1
M,27,41000.0,692,0
M,27,25000.0,672,6
M,38,18000.0,756,0
M,43,30000.0,688,0
M,28,38000.0,647,0
M,53,38000.0,716,1
M,32,56000.0,711,0
F,44,42000.0,680,0
M,29,30000.0,657,2
F,39,25000.0,695,0
M,42,30000.0,675,0
M,40,36000.0,710,0
M,34,45000.0,676,0
M,26,9700.0,671,0
M,37,30000.0,686,0
M,31,12000.0,680,8
M,32,16000.0,712,0
F,42,20000.0,675,0
M,32,30000.0,682,0
M,25,48000.0,697,0
M,27,18000.0,685,0
M,29,28000.0,665,0
M,52,42644.0,675,1
M,30,29000.0,682,3
M,44,72000.0,694,15
M,41,36560.0,672,0
F,44,50000.0,707,0
M,26,45000.0,685,0
M,29,16000.0,697,0
M,46,15000.0,678,0
M,34,95000.0,673,0
M,27,32000.0,678,0
M,26,20000.0,682,0
M,25,15000.0,679,0
M,42,40000.0,681,0
F,34,25000.0,680,0
F,55,40000.0,682,0
M,23,15000.0,690,0
M,24,25000.0,633,2
M,50,23000.0,693,12
F,28,20000.0,665,2
M,47,32000.0,700,0
M,25,20000.0,678,0
M,48,13000.0,694,0
M,24,35000.0,668,0
M,22,36000.0,676,1
M,26,15000.0,705,2
M,23,17500.0,697,0
M,50,14000.0,723,0
M,56,24000.0,689,10
M,28,20000.0,682,0
M,32,12000.0,702,0
M,25,18500.0,669,1
M,36,28000.0,684,7
F,44,9000.0,672,1
F,51,20000.0,691,0
M,26,15000.0,673,0
M,45,40000.0,683,0
M,25,19000.0,677,0
M,31,22000.0,685,1
M,22,10000.0,684,0
M,32,21000.0,689,0
M,35,25000.0,682,0
F,32,35000.0,686,0
M,26,17000.0,677,0
M,26,18000.0,677,0
M,21,19500.0,669,0
M,42,28000.0,696,1
M,36,30000.0,706,1
M,56,125000.0,711,0
M,30,25000.0,676,0
F,22,13000.0,674,0
M,40,32000.0,668,0
F,38,82000.0,688,0
M,34,30000.0,704,0
M,44,45500.0,692,9
M,30,20000.0,689,0
M,25,17000.0,656,2
M,42,14000.0,691,5
M,33,40000.0,702,0
M,27,45000.0,684,0
M,36,30000.0,688,0
M,22,25000.0,666,5
M,56,10000.0,677,1
M,29,40000.0,690,0
M,24,12000.0,733,0
M,39,19000.0,671,0
M,36,30000.0,693,0
M,38,14000.0,684,0
M,33,12000.0,695,0
M,26,18000.0,697,0
M,22,15000.0,678,0
M,41,18000.0,694,0
M,21,25000.0,683,0
M,33,16000.0,697,0
M,31,45000.0,684,12
F,33,12000.0,667,0
M,31,30000.0,698,0
F,48,35000.0,689,0
M,43,30000.0,686,0
M,48,30000.0,689,1
M,48,45000.0,691,0
M,45,18200.0,685,0
F,36,8000.0,696,0
M,48,20841.0,687,0
M,39,29000.0,656,0
M,21,22000.0,661,0
M,26,20000.0,662,0
M,39,20000.0,663,7
M,31,28000.0,684,0
M,32,20000.0,723,0
M,32,20000.0,677,0
F,45,23500.0,703,3
M,42,45000.0,672,0
M,34,34000.0,687,0
M,39,20000.0,717,0
M,24,38000.0,667,1
M,45,45000.0,706,0
M,44,10000.0,692,0
M,42,16500.0,661,1
M,26,15500.0,674,0
F,33,32000.0,683,0
M,26,12000.0,673,0
M,27,18000.0,675,0
M,22,18000.0,681,0
M,31,23000.0,676,7
M,36,14000.0,690,0
M,37,15000.0,649,0
M,31,30000.0,670,0
M,47,50000.0,716,0
M,29,25000.0,702,0
M,32,18000.0,691,0
M,34,35000.0,684,5
M,26,16000.0,669,2
M,47,18000.0,681,0
M,32,25000.0,683,0
M,38,39000.0,691,0
F,39,15000.0,685,0
M,43,30000.0,703,1
M,47,25000.0,675,0
M,23,17000.0,677,0
M,22,50000.0,643,0
M,22,28000.0,675,0
F,34,50000.0,694,0
M,22,24000.0,670,0
M,30,47000.0,674,0
M,40,12500.0,702,0
M,40,24000.0,708,3
M,33,32000.0,729,3
M,42,70000.0,714,0
M,35,20000.0,679,0
M,22,13500.0,684,0
M,21,16000.0,673,0
M,27,25000.0,662,0
M,31,34000.0,710,0
M,41,20000.0,633,1
M,43,35000.0,684,0
M,38,45000.0,672,0
M,34,15500.0,673,0
M,40,30000.0,711,2
M,23,36000.0,692,0
M,40,42000.0,652,2
M,36,41000.0,665,8
M,24,11000.0,662,0
M,26,22000.0,700,0
M,29,17500.0,671,0
M,30,35000.0,679,0
F,35,32500.0,671,0
F,60,50000.0,708,2
M,43,20000.0,664,1
M,25,28000.0,678,3
M,26,35000.0,664,6
M,25,50000.0,685,0
M,52,18000.0,705,1
F,45,15300.0,702,2
M,44,40000.0,681,0
M,31,18000.0,708,11
M,38,15000.0,678,0
F,27,17000.0,666,0
F,34,44000.0,679,0
F,37,46900.0,692,0
F,31,30000.0,664,0
M,31,60000.0,663,0
M,21,18000.0,681,0
M,40,29500.0,690,0
M,39,30000.0,681,0
M,29,30000.0,712,2
M,41,50000.0,686,0
M,30,40000.0,646,0
M,24,40000.0,664,1
M,50,27300.0,674,0
M,22,18000.0,680,0
M,23,25000.0,671,0
M,38,35000.0,691,0
M,25,16500.0,654,0
M,54,25000.0,728,11
M,54,30000.0,677,0
M,22,13500.0,677,0
M,31,15000.0,654,4
M,32,19000.0,673,0
M,26,11325.0,667,2
M,30,20000.0,725,0
M,51,75000.0,719,7
M,37,20000.0,670,3
M,49,42000.0,664,0
M,24,13000.0,664,0
M,34,35000.0,664,0
M,33,45000.0,700,0
F,43,16000.0,682,0
M,37,40000.0,683,0
M,29,11000.0,717,0
M,38,30000.0,629,3
M,51,43000.0,692,0
M,31,36000.0,686,0
M,25,20000.0,684,0
M,38,40000.0,673,3
M,26,30000.0,673,0
M,25,13500.0,683,0
M,35,24000.0,700,0
F,33,32000.0,686,0
M,33,30000.0,673,0
M,48,16000.0,693,0
M,32,23000.0,688,3
M,30,28000.0,688,0
F,30,12000.0,690,0
M,52,50000.0,697,0
M,32,28000.0,673,0
M,30,48000.0,638,3
M,28,28000.0,698,0
M,30,74000.0,674,0
M,27,19000.0,663,2
M,53,74500.0,696,0
M,46,25000.0,681,0
M,31,45000.0,670,0
M,51,20500.0,685,1
M,29,17000.0,688,0
M,35,14000.0,674,5
M,40,40000.0,685,0
M,51,22000.0,689,1
M,29,40000.0,693,0
M,22,15000.0,690,0
M,53,14000.0,688,0
M,32,22000.0,665,1
M,28,18000.0,665,5
M,30,14000.0,704,0
M,34,18000.0,679,0
M,28,15000.0,653,1
M,49,30000.0,684,0
M,34,18000.0,697,0
F,30,19000.0,658,0
M,39,20000.0,679,0
F,35,20000.0,705,0
M,23,45000.0,649,0
M,44,40000.0,661,0
F,43,18000.0,702,0
M,33,16000.0,663,3
M,24,20000.0,624,0
M,34,30000.0,722,0
M,35,25000.0,691,0
F,39,50000.0,690,0
M,33,40000.0,597,14
M,30,18100.0,668,0
M,28,12500.0,680,0
M,42,25000.0,662,0
M,22,25000.0,669,0
M,25,34000.0,703,0
M,34,50000.0,735,0
M,43,38500.0,641,3
M,28,18000.0,682,0
M,21,18500.0,656,0
M,26,14000.0,664,0
F,37,23000.0,662,0
M,28,30000.0,676,0
M,45,18000.0,684,0
M,34,30000.0,666,0
M,23,16400.0,666,0
M,29,15000.0,670,0
M,39,40000.0,702,0
M,26,24000.0,682,0
M,25,44000.0,666,0
M,43,70000.0,629,0
M,44,30000.0,672,0
M,53,20000.0,701,0
F,51,15000.0,681,0
F,44,12000.0,687,0
F,31,20000.0,671,0
M,34,15000.0,674,0
M,47,28500.0,661,0
M,30,25000.0,679,1
M,22,18000.0,658,0
M,33,45000.0,666,1
M,23,10000.0,685,0
M,49,15000.0,691,0
M,35,14500.0,683,0
M,52,30000.0,669,0
M,29,20000.0,659,0
M,30,20000.0,682,0
M,32,30000.0,693,0
M,33,15000.0,726,0
F,33,40000.0,679,0
M,31,42500.0,694,0
M,34,19000.0,715,0
M,38,25000.0,693,4
F,26,15000.0,693,0
M,45,18500.0,685,0
M,28,20000.0,657,3
M,41,16000.0,716,0
M,41,13000.0,682,0
M,28,22000.0,670,0
M,24,32000.0,650,3
M,32,11000.0,688,0
M,35,35000.0,733,0
F,52,48000.0,674,0
M,48,11000.0,714,0
M,40,35000.0,668,0
M,45,15000.0,701,0
M,47,35000.0,644,0
M,21,32000.0,651,1
M,53,60000.0,641,0
M,39,17000.0,652,1
M,49,25000.0,659,0
M,23,22000.0,696,0
M,30,19000.0,704,0
M,34,21000.0,686,14
M,43,15680.0,679,0
M,29,15000.0,673,0
M,37,10000.0,683,0
M,28,60000.0,682,0
M,54,10000.0,677,0
M,30,35000.0,714,2
M,27,42000.0,663,0
M,26,18500.0,654,1
M,48,35816.0,735,0
M,40,20000.0,705,0
M,23,30000.0,683,0
M,42,10500.0,702,0
M,34,20000.0,711,0
M,34,39000.0,653,1
M,26,24000.0,668,0
F,34,28000.0,656,20
F,36,18000.0,664,0
M,25,19500.0,675,0
M,25,25000.0,718,0
M,32,25000.0,678,0
M,29,14000.0,692,0
F,38,45000.0,709,0
M,27,25000.0,694,0
M,23,16500.0,669,0
M,24,20000.0,678,13
M,39,5000.0,687,0
M,24,40000.0,682,0
M,42,25000.0,700,0
F,28,38000.0,699,0
M,41,20000.0,741,0
M,39,15900.0,682,0
M,26,46000.0,675,0
M,27,50000.0,647,1
M,29,30000.0,611,0
M,49,35000.0,678,0
M,26,35000.0,664,0
M,50,35000.0,687,0
M,27,30000.0,609,0
M,31,90000.0,654,3
M,21,18000.0,680,0
M,28,18000.0,673,0
M,40,15000.0,682,0
M,29,29000.0,704,0
M,34,33000.0,721,0
M,44,30000.0,663,2
M,26,13000.0,664,0
M,36,40000.0,668,12
M,58,20000.0,653,0
M,22,36000.0,672,11
M,25,65000.0,653,7
M,43,58000.0,697,35
M,26,24000.0,673,2
F,46,15000.0,693,0
M,28,40000.0,686,0
M,23,25000.0,663,0
M,25,28000.0,682,0
M,50,35000.0,692,0
M,52,17000.0,683,0
M,60,24000.0,680,0
F,34,20000.0,667,0
M,24,20000.0,686,0
M,36,28500.0,678,5
M,25,15000.0,678,4
F,45,35000.0,703,4
M,33,18000.0,680,4
M,52,40000.0,668,0
M,37,20000.0,691,0
M,24,13000.0,687,0
F,27,15525.0,663,0
M,31,66200.0,659,0
M,22,19000.0,669,1
M,30,25000.0,659,2
F,33,15000.0,659,0
M,21,16500.0,686,0
M,38,20000.0,693,0
M,23,20000.0,675,10
M,56,15000.0,683,16
M,43,35000.0,699,0
M,36,32000.0,693,0
M,33,40000.0,680,1
M,32,12000.0,660,0
F,37,8000.0,694,0
M,30,25000.0,706,4
M,50,45000.0,686,1
M,31,25000.0,681,4
M,36,47800.0,675,0
M,38,30000.0,682,1
F,23,22000.0,669,0
M,45,40000.0,688,0
M,43,20000.0,684,0
M,42,25000.0,674,0
M,25,40000.0,660,0
F,44,30000.0,690,0
F,26,27000.0,669,0
M,35,18500.0,689,5
M,26,28000.0,663,2
F,24,45000.0,664,0
F,26,35000.0,677,0
F,27,20000.0,678,0
M,26,14300.0,657,4
M,50,35000.0,689,0
M,24,25000.0,677,0
M,35,12000.0,661,1
M,56,20000.0,692,0
M,22,40000.0,673,0
M,36,8000.0,666,0
M,54,25000.0,712,0
M,35,9000.0,707,0
M,31,20000.0,706,3
M,24,50000.0,675,0
M,25,15000.0,680,3
M,43,50000.0,703,0
M,41,50000.0,680,1
M,36,50000.0,680,2
M,29,20000.0,699,0
M,38,15000.0,684,0
M,41,75000.0,659,0
M,24,23000.0,670,0
M,31,20000.0,659,2
M,50,18480.0,690,0
M,43,40000.0,666,1
M,22,25000.0,657,0
M,36,8000.0,658,1
M,23,12000.0,680,0
M,39,65000.0,682,0
M,46,18000.0,688,0
M,31,30000.0,696,0
M,30,18000.0,680,14
M,26,22000.0,675,0
M,28,15000.0,705,0
M,23,27000.0,673,0
M,23,15000.0,661,0
M,49,22000.0,719,0
M,48,25000.0,689,0
M,28,15300.0,680,0
M,31,18000.0,689,0
M,36,90000.0,666,0
M,48,30000.0,687,0
M,30,26000.0,636,0
M,37,185000.0,698,0
F,22,13000.0,666,2
M,49,63000.0,669,11
M,45,12500.0,693,0
M,27,14000.0,689,0
M,23,8000.0,678,0
F,30,16000.0,666,1
M,32,23000.0,709,0
F,23,12000.0,680,2
M,60,22000.0,738,21
M,23,13500.0,665,0
M,28,20000.0,672,0
M,22,35000.0,671,2
F,22,12000.0,681,1
M,21,17000.0,668,0
M,21,20000.0,678,8
M,27,18000.0,682,0
M,32,43000.0,685,16
M,37,18000.0,677,0
M,46,25000.0,708,0
F,38,20000.0,670,0
M,33,18000.0,681,0
M,37,20000.0,674,0
M,28,40000.0,664,0
M,29,19850.0,690,0
M,44,45000.0,703,0
M,30,18000.0,678,0
F,34,13000.0,688,11
M,45,20000.0,660,0
M,26,35000.0,677,0
M,23,18000.0,672,5
M,28,30000.0,677,0
M,36,30000.0,698,0
F,39,13000.0,689,9
M,30,20000.0,681,0
M,34,18000.0,663,1
M,26,34000.0,651,0
M,28,30000.0,700,0
M,29,14000.0,705,0
M,24,30000.0,661,0
M,31,20000.0,663,0
F,26,30000.0,675,0
M,31,18000.0,704,0
M,25,35000.0,687,0
M,22,18000.0,657,1
M,39,20000.0,699,1
M,29,14500.0,665,1
M,22,49000.0,675,0
F,32,30000.0,646,3
M,45,25000.0,709,12
M,34,30000.0,679,0
F,28,18000.0,684,0
M,22,35000.0,665,0
M,42,20000.0,689,0
M,37,16000.0,691,0
M,29,18000.0,690,0
M,22,25000.0,658,6
M,30,12000.0,678,0
F,44,14.0,657,1
M,30,25000.0,665,2
M,29,25000.0,681,0
M,56,50000.0,657,0
M,34,19000.0,655,1
M,22,20000.0,664,5
M,21,10000.0,676,0
M,32,40000.0,691,0
F,46,8000.0,689,0
M,27,15000.0,656,0
M,35,60000.0,662,14
M,28,20800.0,701,0
M,33,15000.0,697,0
M,50,22000.0,645,0
M,31,45000.0,665,0
M,27,52000.0,633,0
M,25,12000.0,672,4
M,34,18000.0,731,0
F,41,12000.0,716,0
M,48,55000.0,686,0
M,26,33500.0,678,0
M,30,15000.0,669,0
M,32,18000.0,728,0
M,29,28000.0,663,0
M,24,24000.0,659,1
F,31,40000.0,647,0
M,49,27000.0,711,2
M,55,35000.0,695,1
F,42,15000.0,668,1
M,36,40000.0,639,0
M,29,25000.0,694,0
M,28,35000.0,679,0
M,38,28000.0,662,0
M,32,18000.0,672,6
M,31,30000.0,670,0
M,49,40000.0,742,4
M,31,25000.0,655,8
M,23,35000.0,673,0
M,36,30000.0,710,0
M,27,16000.0,697,2
F,35,20000.0,681,1
M,40,30000.0,656,15
M,28,40000.0,699,1
M,32,12500.0,645,8
M,29,20000.0,682,0
M,29,19000.0,670,0
M,36,24500.0,669,0
F,32,37000.0,676,0
M,34,28000.0,655,5
M,34,10600.0,680,0
M,32,17000.0,706,0
F,48,75000.0,750,0
M,26,85000.0,659,8
M,39,20000.0,664,0
M,45,25000.0,687,9
M,33,33790.0,686,0
F,48,13000.0,720,0
F,30,24680.0,690,0
M,24,14500.0,664,0
M,48,25000.0,688,0
M,26,22000.0,669,0
M,37,30000.0,675,0
M,41,28000.0,660,14
M,28,16000.0,707,0
M,36,40000.0,672,8
M,41,12500.0,701,0
F,32,15500.0,697,0
M,29,40000.0,673,0
M,22,17000.0,665,0
M,28,30000.0,673,0
M,35,15000.0,660,0
F,39,10000.0,681,0
F,39,20000.0,686,0
M,35,28000.0,683,6
M,37,38000.0,696,0
F,30,20000.0,639,2
M,39,16000.0,675,0
M,28,20000.0,658,0
M,31,25000.0,678,0
M,25,21000.0,689,0
M,23,15.0,662,5
F,41,24000.0,684,0
F,43,29000.0,637,0
M,25,16000.0,710,0
M,21,15000.0,665,0
M,46,22000.0,698,0
M,32,13000.0,658,0
F,45,42000.0,677,0
M,42,22000.0,689,0
M,28,19000.0,685,2
M,31,30000.0,639,1
F,49,20000.0,678,0
M,27,74000.0,705,0
M,61,22000.0,670,0
M,34,35000.0,681,0
M,30,35000.0,676,18
M,27,18000.0,687,0
M,30,25000.0,677,0
M,35,45000.0,665,0
M,28,15000.0,674,6
M,23,10000.0,687,0
M,42,19500.0,675,0
M,26,35000.0,662,3
M,45,33000.0,720,0
M,22,10000.0,669,0
M,35,25500.0,650,1
M,24,80000.0,651,0
F,40,20000.0,721,0
M,36,40000.0,663,1
M,38,55000.0,698,10
M,28,25000.0,686,0
M,42,28000.0,717,0
M,39,13000.0,689,0
M,29,20000.0,712,0
M,24,50000.0,674,0
M,39,25000.0,690,0
M,30,25000.0,650,3
M,28,30000.0,626,0
M,27,18000.0,683,0
M,28,15200.0,709,0
F,46,18000.0,697,0
M,53,25500.0,681,0
M,24,18000.0,673,0
M,49,32000.0,690,0
M,35,38000.0,679,0
F,23,24846.0,682,0
M,24,16000.0,698,0
F,31,30000.0,675,0
M,55,25000.0,690,3
M,47,43000.0,767,8
M,34,18000.0,686,0
F,28,35000.0,676,0
M,37,30000.0,711,0
M,24,12000.0,676,0
M,31,60000.0,678,2
M,27,16000.0,688,0
M,31,28000.0,687,0
M,50,30000.0,666,0
M,39,55000.0,687,0
M,22,30000.0,684,0
F,27,15000.0,709,0
F,44,15000.0,683,0
M,25,20000.0,658,2
M,27,38000.0,577,10
M,37,25000.0,705,6
M,47,37000.0,671,0
M,29,20000.0,708,0
M,23,10500.0,689,3
M,29,25000.0,679,0
M,40,35000.0,695,4
F,54,35000.0,666,0
M,28,25000.0,688,0
M,30,20000.0,703,0
M,30,35000.0,690,0
M,29,20000.0,675,0
M,25,15000.0,669,4
M,40,15000.0,678,0
M,23,20000.0,664,2
M,46,30000.0,761,0
M,36,25000.0,685,11
M,28,29000.0,663,1
M,47,30000.0,715,0
M,41,26000.0,691,0
M,21,20000.0,656,0
M,22,12000.0,593,0
M,25,40000.0,644,0
M,46,38000.0,681,2
M,23,30000.0,671,0
M,30,30000.0,664,3
F,54,27000.0,680,0
M,47,21000.0,698,0
M,33,15000.0,662,0
M,25,17000.0,686,0
F,46,20000.0,681,0
M,28,20000.0,684,0
M,31,25000.0,690,0
M,43,19000.0,679,0
M,34,30000.0,687,0
F,43,10000.0,664,0
M,25,35000.0,682,0
M,35,45000.0,666,0
M,44,27500.0,665,0
M,35,40000.0,667,14
M,31,25000.0,661,2
M,42,30000.0,681,0
M,29,25000.0,690,0
M,46,29500.0,766,17
F,30,18500.0,664,0
M,37,14200.0,676,0
M,30,20000.0,686,0
F,28,25000.0,680,0
M,53,23000.0,671,4
M,31,32000.0,664,0
M,32,22000.0,674,1
M,23,13281.0,683,0
M,36,28000.0,726,0
M,31,25000.0,652,1
M,23,30000.0,706,0
F,47,30000.0,680,4
M,25,30000.0,670,3
M,36,25000.0,687,0
M,24,100000.0,679,0
M,23,20500.0,684,0
M,28,28000.0,678,10
M,34,17500.0,675,0
M,23,22500.0,662,0
M,31,13000.0,682,0
M,49,25000.0,708,2
M,36,12000.0,713,0
M,23,16000.0,679,0
M,30,22000.0,708,6
M,44,25000.0,682,2
M,34,40000.0,715,0
M,37,7000.0,677,0
M,25,30000.0,655,0
M,26,30000.0,673,0
F,23,12000.0,667,0
M,31,45000.0,666,0
M,34,25000.0,698,0
M,31,15500.0,660,0
M,39,25000.0,683,14
M,24,25000.0,702,0
F,29,9000.0,672,0
M,24,19000.0,639,1
M,32,10000.0,634,7
M,27,17000.0,691,0
M,24,16000.0,660,0
M,24,23800.0,668,3
M,43,32500.0,662,0
M,28,18000.0,683,0
M,28,35000.0,705,0
M,30,20000.0,668,20
M,23,32000.0,668,0
M,41,40000.0,675,3
F,53,13500.0,683,0
M,28,15000.0,689,0
F,47,65000.0,684,0
M,29,14800.0,676,0
F,41,35000.0,725,0
M,58,15500.0,668,1
M,23,18000.0,672,0
M,26,38500.0,699,0
M,25,16000.0,650,0
F,45,12500.0,667,0
M,24,20000.0,679,0
M,45,38000.0,674,3
F,24,25000.0,678,0
M,26,12000.0,667,0
F,29,42000.0,664,0
M,60,17000.0,726,0
F,35,76000.0,660,1
M,55,37500.0,684,0
M,30,14000.0,674,0
M,38,24000.0,725,0
M,30,18000.0,689,0
M,33,20000.0,684,0
M,26,25000.0,668,0
F,38,8000.0,669,8
M,37,25000.0,667,2
M,36,23500.0,679,0
M,38,19000.0,698,3
M,26,13000.0,621,0
M,32,16800.0,695,4
M,57,25000.0,700,0
M,33,27000.0,675,0
M,27,15000.0,688,0
M,31,25000.0,712,0
M,29,25000.0,676,0
M,24,70000.0,685,0
F,41,19000.0,678,0
M,29,15000.0,688,0
M,41,38000.0,683,0
M,45,14500.0,689,0
M,25,15000.0,680,0
M,44,42000.0,641,2
M,36,35000.0,678,0
F,38,12000.0,651,0
M,41,17500.0,686,0
M,23,45000.0,672,0
M,23,25000.0,688,0
M,25,16400.0,681,4
M,41,15000.0,702,0
M,31,15000.0,726,0
M,33,18500.0,688,0
M,26,30000.0,657,0
M,33,15000.0,677,0
M,43,15000.0,683,1
M,29,18600.0,668,0
M,47,17000.0,684,0
M,25,10000.0,667,3
M,38,27000.0,685,0
F,42,31500.0,679,0
M,43,35000.0,711,0
M,47,45000.0,688,13
M,42,30200.0,669,0
M,22,10000.0,682,0
M,48,34000.0,687,1
F,47,18000.0,671,0
M,33,29000.0,677,0
M,32,35000.0,680,5
M,27,40000.0,662,0
M,29,15000.0,698,0
M,41,25000.0,683,18
M,51,14000.0,677,3
F,57,21000.0,682,0
M,28,38000.0,678,0
M,36,15000.0,681,5
M,27,16500.0,666,1
M,39,17500.0,677,0
M,51,30000.0,718,0
M,42,28900.0,632,1
M,38,30000.0,705,0
M,28,30000.0,623,0
M,32,18000.0,702,5
M,31,50000.0,681,0
M,30,35000.0,679,0
M,41,100000.0,717,0
M,29,24000.0,666,2
M,38,40000.0,689,13
M,45,23000.0,674,0
M,37,30000.0,688,10
M,25,30000.0,670,0
F,33,12000.0,673,0
M,23,23000.0,697,0
M,23,25000.0,687,0
M,27,25000.0,667,1
M,39,25000.0,668,0
M,27,20000.0,671,0
M,34,31000.0,685,0
F,33,15000.0,673,0
M,24,13000.0,668,1
M,56,24000.0,677,0
M,22,17000.0,676,0
F,24,18500.0,675,0
M,47,20000.0,675,0
M,27,12000.0,678,11
F,34,40000.0,685,0
M,37,17000.0,706,0
F,38,25000.0,682,0
M,34,18000.0,689,0
M,33,85000.0,653,3
M,24,29000.0,689,0
M,32,20000.0,686,2
M,37,22000.0,671,0
F,31,45000.0,690,0
F,23,18500.0,683,0
M,40,25000.0,627,0
M,41,18000.0,689,0
M,27,15500.0,685,14
F,32,10000.0,665,15
M,29,20000.0,669,6
M,26,10000.0,674,0
M,37,20000.0,684,0
M,22,12000.0,656,0
M,44,18000.0,688,0
M,52,35000.0,712,0
M,41,23500.0,684,0
F,31,22000.0,684,0
M,29,23000.0,662,5
M,30,17100.0,626,0
F,36,14000.0,678,0
M,29,15000.0,681,1
F,36,39000.0,701,0
M,25,20000.0,666,1
M,34,38500.0,693,0
M,32,21000.0,678,0
M,27,18065.0,644,14
M,32,35000.0,706,1
M,28,35000.0,680,0
F,24,12000.0,673,0
M,31,59000.0,693,2
M,30,16500.0,659,3
M,21,22000.0,654,0
M,28,22000.0,686,2
M,34,20000.0,671,0
M,33,30000.0,674,0
M,25,18000.0,679,0
M,37,15000.0,675,1
M,38,50000.0,664,0
M,34,35000.0,685,0
F,45,20000.0,680,0
M,21,16250.0,672,1
M,34,58000.0,670,0
M,59,26000.0,692,0
M,35,40000.0,689,0
M,41,40000.0,716,0
M,33,30000.0,691,10
M,29,10000.0,672,1
M,55,30000.0,665,0
M,26,30000.0,655,9
M,27,20000.0,655,3
M,28,33000.0,656,0
M,46,30000.0,660,1
M,34,18000.0,694,0
M,22,19000.0,683,0
M,22,25000.0,654,0
M,24,15000.0,678,0
M,58,30000.0,677,3
M,24,18700.0,656,0
M,37,14500.0,682,22
F,29,20000.0,682,0
F,39,23000.0,660,0
M,23,20000.0,687,0
M,26,25000.0,676,0
M,35,19000.0,676,0
M,35,30000.0,670,2
M,31,15000.0,710,0
M,29,25000.0,657,0
M,32,40000.0,680,0
M,25,18000.0,670,0
M,24,22000.0,675,0
M,29,29000.0,670,0
M,39,15000.0,677,0
M,38,30000.0,676,0
M,40,26000.0,674,1
M,25,25000.0,674,1
M,26,13000.0,663,0
M,52,20500.0,731,8
M,50,25000.0,730,3
M,25,15000.0,672,0
M,51,44000.0,664,3
M,22,35000.0,670,0
M,38,21000.0,659,8
M,35,22141.0,667,0
M,32,20000.0,631,4
M,38,28000.0,697,5
M,39,30000.0,683,0
M,25,50000.0,684,0
M,29,30000.0,591,1
M,24,37000.0,666,0
M,38,33000.0,712,0
M,34,50000.0,673,1
M,37,25000.0,721,0
M,31,13600.0,668,2
M,43,5000.0,641,4
M,30,18000.0,651,4
M,26,20000.0,672,1
F,42,23000.0,668,0
M,33,9000.0,692,5
M,37,30000.0,692,0
M,31,12000.0,683,0
M,55,20000.0,680,0
M,21,20000.0,687,0
M,31,26000.0,663,3
M,44,25000.0,667,3
M,33,15000.0,683,0
M,30,28000.0,674,1
M,25,16000.0,683,0
M,31,40000.0,713,0
F,45,48000.0,633,0
M,34,35000.0,648,7
M,29,13000.0,702,0
M,29,35000.0,681,22
M,35,25000.0,661,0
F,40,20000.0,673,2
M,50,15000.0,670,0
M,43,35000.0,690,0
M,40,14000.0,659,1
M,29,20000.0,664,2
M,32,15000.0,646,1
M,26,20000.0,671,2
M,23,13000.0,672,0
M,52,20000.0,697,0
M,28,20000.0,685,0
M,31,35000.0,678,1
M,22,10500.0,675,0
M,27,55000.0,627,0
M,30,33000.0,664,0
M,34,25000.0,696,0
M,29,70000.0,669,0
M,30,20000.0,676,0
M,27,32000.0,658,0
M,45,20000.0,678,0
M,36,17000.0,672,0
M,32,18200.0,668,2
M,26,20000.0,672,0
M,46,28700.0,681,0
F,38,16000.0,689,0
M,49,30000.0,636,7
M,23,14000.0,664,0
M,32,11000.0,686,0
M,49,30000.0,690,1
M,31,18000.0,682,0
M,31,40000.0,664,7
M,43,40000.0,692,0
M,41,45000.0,670,0
M,28,48000.0,660,1
M,24,22000.0,648,1
M,49,15000.0,663,0
M,31,25000.0,693,0
M,25,25000.0,673,0
M,28,16000.0,660,0
M,28,55000.0,667,4
M,42,15000.0,664,3
M,37,35000.0,704,4
M,31,18000.0,685,2
M,26,35000.0,655,0
M,32,13500.0,704,0
M,21,10000.0,687,0
M,38,29000.0,705,0
M,29,22000.0,660,1
M,23,28000.0,674,0
M,43,30000.0,662,1
M,30,12.0,640,1
M,24,16000.0,665,11
M,42,30000.0,690,0
M,35,22000.0,666,1
M,35,30000.0,690,0
M,24,18000.0,712,0
M,34,18000.0,670,2
M,33,20000.0,691,0
M,31,40000.0,684,0
F,54,15000.0,663,0
M,33,40000.0,649,3
M,25,44000.0,686,0
M,27,20000.0,672,0
M,28,25000.0,670,0
M,22,45000.0,666,0
M,27,20000.0,675,1
M,30,60000.0,670,0
M,26,22000.0,680,0
F,33,15000.0,679,0
M,23,30000.0,664,0
M,49,9352.0,670,2
M,23,40000.0,664,0
M,29,28000.0,694,0
M,46,38000.0,732,0
F,42,15000.0,654,2
M,38,32000.0,695,0
M,26,24000.0,685,0
M,33,12000.0,674,0
M,29,20000.0,682,1
F,26,25000.0,649,0
M,23,14000.0,658,0
M,28,23000.0,688,0
M,36,24500.0,700,0
F,32,21000.0,662,0
M,27,22000.0,657,9
M,44,15000.0,694,0
M,22,25000.0,683,0
M,30,25000.0,668,3
M,26,34000.0,681,0
M,45,34000.0,680,1
M,28,16000.0,680,0
M,27,39000.0,658,0
M,29,60000.0,661,0
F,50,18000.0,732,1
M,33,25000.0,620,0
M,33,14000.0,663,0
M,41,13000.0,656,3
M,34,14500.0,692,0
M,35,20000.0,677,0
M,32,18000.0,667,0
M,44,13000.0,672,0
M,28,25000.0,692,0
M,27,20000.0,699,0
M,37,46000.0,721,1
F,24,36400.0,687,0
F,39,30000.0,702,11
M,41,40000.0,661,0
M,34,15000.0,669,1
M,44,12000.0,672,0
F,38,19000.0,672,0
M,41,13000.0,668,0
M,29,12800.0,681,0
M,26,28000.0,688,0
M,49,16000.0,656,1
M,46,32000.0,706,0
M,25,22000.0,697,0
M,46,25000.0,688,0
M,26,18000.0,685,0
M,38,40000.0,673,0
M,45,15000.0,683,0
F,31,30000.0,684,0
F,26,12000.0,691,0
M,29,15000.0,674,0
M,36,50000.0,701,0
M,23,13000.0,678,0
M,53,25000.0,648,13
M,45,10000.0,657,3
M,25,45000.0,681,0
M,31,44500.0,682,4
M,47,20000.0,654,13
M,30,30000.0,598,0
M,33,13000.0,671,0
F,33,10000.0,685,0
M,39,60000.0,679,0
M,35,19000.0,667,0
F,36,20000.0,681,0
M,49,28000.0,684,0
M,43,22500.0,704,0
F,28,9300.0,689,0
M,23,12000.0,697,0
M,35,15000.0,691,16
M,49,14000.0,672,0
M,58,25000.0,703,0
M,30,25000.0,679,0
F,28,12000.0,672,0
M,40,50000.0,709,0
M,42,30000.0,678,0
M,33,24000.0,707,0
M,31,13000.0,694,2
M,53,45000.0,737,4
M,39,48000.0,677,2
F,37,31000.0,677,0
M,48,22000.0,686,0
M,41,35000.0,682,10
M,23,30000.0,683,0
M,32,22000.0,666,5
M,33,50000.0,666,3
M,43,70000.0,661,0
M,40,25000.0,674,0
M,32,30000.0,681,0
M,40,24000.0,662,1
M,29,50000.0,712,0
F,30,45000.0,674,0
M,37,30000.0,696,0
M,30,18000.0,700,0
M,31,10500.0,704,1
M,34,23500.0,678,0
M,36,25000.0,677,0
F,30,13986.0,671,0
M,30,30000.0,692,0
M,55,14000.0,712,0
M,30,27000.0,603,5
M,60,19000.0,736,0
M,29,14500.0,664,3
F,25,43000.0,661,0
M,52,20000.0,687,0
F,47,82000.0,636,2
F,29,7000.0,673,0
M,30,20000.0,663,0
F,26,19000.0,617,0
M,35,35000.0,687,0
M,37,26000.0,661,0
M,30,30000.0,699,0
M,42,34000.0,672,0
M,23,15000.0,711,0
F,51,20000.0,649,1
M,34,25000.0,686,0
M,24,23000.0,636,0
M,38,12000.0,668,0
M,31,40000.0,720,0
M,34,25000.0,695,19
M,25,15000.0,639,0
M,32,27000.0,665,5
M,37,38500.0,713,0
M,21,10000.0,623,0
M,32,25000.0,691,0
M,57,90000.0,786,18
M,24,23000.0,666,4
F,25,18500.0,677,0
F,55,22000.0,667,0
M,44,20000.0,699,0
M,31,27000.0,679,0
M,34,20369.0,662,6
M,40,20000.0,651,1
M,42,40000.0,711,0
M,29,12000.0,688,0
M,47,28000.0,715,0
M,24,10500.0,678,0
M,26,30000.0,667,1
M,32,29000.0,698,6
M,28,18000.0,664,2
M,28,15000.0,668,0
M,35,18000.0,658,0
M,28,22890.0,683,0
M,43,22000.0,689,0
M,48,25000.0,668,0
M,47,30000.0,688,3
M,33,25000.0,685,1
M,32,30000.0,695,14
M,27,14000.0,668,0
F,28,25000.0,668,7
M,25,12000.0,645,0
M,29,22000.0,681,1
M,21,29000.0,645,0
M,24,32000.0,682,0
M,30,25000.0,681,7
M,33,27000.0,640,10
M,24,30000.0,641,0
M,30,45000.0,726,0
M,23,11000.0,689,0
M,42,28000.0,704,0
F,34,15000.0,681,0
M,42,60000.0,688,0
M,31,18000.0,689,0
M,22,30000.0,660,0
M,30,20000.0,680,0
M,50,40000.0,718,0
M,30,17000.0,675,1
M,29,17500.0,688,0
M,29,20000.0,677,0
F,48,35000.0,643,0
M,30,15000.0,717,1
F,33,23500.0,665,1
M,25,10000.0,674,2
M,50,20000.0,676,0
M,24,16000.0,682,0
M,23,45000.0,591,1
M,31,45000.0,682,0
M,28,16500.0,673,0
M,30,24500.0,677,0
M,35,39000.0,707,0
M,22,59000.0,679,0
M,28,25000.0,682,0
M,28,27000.0,658,0
F,57,26000.0,703,1
M,34,75000.0,670,2
M,38,22000.0,677,0
F,33,40000.0,676,0
M,37,15000.0,692,2
M,28,28000.0,699,0
M,33,32500.0,672,1
M,25,31000.0,655,0
M,35,38000.0,696,0
M,33,20000.0,663,0
M,26,50000.0,637,8
M,25,30000.0,690,0
M,41,16000.0,708,0
M,22,20000.0,692,0
F,39,18000.0,689,0
M,31,20000.0,679,6
M,36,22500.0,679,0
M,25,40000.0,671,1
M,28,13000.0,709,0
M,25,18000.0,658,0
M,29,18000.0,686,0
M,22,40000.0,685,0
M,49,18000.0,711,0
M,38,18000.0,692,2
M,40,40000.0,692,0
M,24,28500.0,684,0
M,42,24000.0,700,0
M,26,30000.0,682,1
M,26,30000.0,678,0
M,35,20000.0,680,0
M,52,75000.0,663,0
F,28,25000.0,682,1
M,39,50000.0,662,1
M,30,12000.0,678,0
M,23,13000.0,688,0
M,29,22000.0,687,13
M,27,14000.0,678,0
M,39,25000.0,679,0
F,44,10000.0,695,0
M,27,12000.0,686,0
M,29,15000.0,683,0
M,54,33000.0,670,0
M,43,18000.0,735,4
M,47,45000.0,732,0
M,35,18644.0,691,0
M,31,36000.0,694,0
M,25,25000.0,691,0
M,48,25000.0,692,5
M,33,22000.0,675,0
M,38,18000.0,679,0
M,27,13000.0,695,0
M,39,30000.0,749,0
M,27,24500.0,687,0
M,31,25000.0,690,0
M,27,17500.0,690,0
M,53,34000.0,684,0
M,47,22000.0,702,0
M,25,20000.0,698,0
M,32,22000.0,657,0
F,27,18500.0,677,0
M,33,10.0,680,3
M,27,20000.0,690,0
M,23,30000.0,676,0
M,47,25000.0,690,1
M,21,15000.0,684,0
M,29,16000.0,699,0
M,35,19000.0,683,0
M,29,15000.0,666,0
M,35,15000.0,681,0
M,33,15000.0,698,0
M,31,11000.0,679,1
M,27,28000.0,673,0
M,54,32500.0,703,0
F,43,22000.0,691,0
F,24,18000.0,675,0
M,24,25000.0,658,8
M,38,30000.0,666,0
M,51,18000.0,694,0
M,27,28000.0,694,0
M,40,19000.0,682,0
F,40,30000.0,725,0
M,45,25000.0,702,4
M,38,12000.0,695,0
M,45,20000.0,702,0
M,25,25000.0,675,0
M,33,27500.0,682,0
M,50,32000.0,663,0
M,46,27000.0,673,0
M,29,25000.0,697,0
M,28,12000.0,656,0
M,45,40000.0,691,6
M,28,30000.0,679,1
M,33,40000.0,673,0
M,37,28000.0,681,2
M,42,12500.0,679,2
M,27,35000.0,686,2
M,28,55000.0,671,0
M,36,35000.0,685,0
M,28,15200.0,690,0
M,28,20000.0,681,0
F,31,23500.0,636,0
M,27,50000.0,689,0
M,32,15000.0,653,0
M,31,25000.0,679,0
F,26,25000.0,676,0
M,26,40000.0,655,1
M,25,10750.0,723,0
M,32,40000.0,644,0
M,24,15000.0,673,0
M,38,40000.0,672,2
M,27,11000.0,666,0
F,41,19500.0,679,0
M,37,32000.0,674,0
M,46,75000.0,731,0
M,28,33000.0,614,0
M,40,20000.0,690,0
M,33,22000.0,698,0
M,25,16000.0,683,0
M,37,13000.0,676,0
M,30,19000.0,690,0
M,25,20000.0,684,0
M,25,20000.0,687,0
M,42,40000.0,709,0
M,42,65000.0,716,0
M,28,30000.0,683,4
M,41,20000.0,686,0
M,51,29000.0,655,9
M,36,22000.0,681,0
M,29,60000.0,684,0
M,26,12000.0,673,0
M,43,25000.0,649,2
M,31,30000.0,682,0
M,24,22000.0,678,0
M,27,20000.0,681,0
M,38,36000.0,679,0
M,31,40000.0,678,0
M,26,23600.0,664,6
M,52,48500.0,677,2
M,44,45500.0,647,0
M,55,20000.0,678,0
F,24,40000.0,671,3
M,24,23500.0,659,2
F,25,30000.0,691,0
M,38,28000.0,677,2
M,45,18000.0,691,6
M,36,30000.0,683,0
M,25,17000.0,690,0
M,44,68000.0,693,25
M,46,25000.0,687,0
M,30,22000.0,704,0
M,35,50000.0,694,0
M,44,45000.0,697,28
M,34,50000.0,672,12
M,35,15000.0,685,0
M,29,27000.0,679,0
F,31,45000.0,645,2
M,27,55000.0,666,2
M,34,30000.0,707,9
F,27,15000.0,686,0
M,33,15000.0,628,10
M,29,13500.0,658,0
M,33,18000.0,702,0
M,27,25000.0,685,0
M,36,32000.0,715,0
M,23,14000.0,671,0
M,49,17000.0,661,7
M,50,25000.0,692,0
M,50,16000.0,672,0
M,23,25000.0,682,0
M,24,20000.0,702,6
F,46,25000.0,651,0
M,37,38200.0,672,0
M,22,25000.0,662,14
M,46,22000.0,669,0
M,32,22000.0,664,1
M,21,17500.0,674,0
M,22,20000.0,673,0
M,39,18000.0,672,0
M,29,35000.0,675,3
M,26,35000.0,695,0
F,33,12000.0,669,0
M,31,30000.0,693,0
M,29,25000.0,679,0
M,26,23500.0,659,3
M,34,32000.0,681,4
M,33,25000.0,686,0
M,34,20000.0,681,0
M,50,29000.0,691,0
M,37,54000.0,704,0
M,25,15000.0,674,9
M,27,35000.0,656,1
F,44,60000.0,679,0
M,35,35000.0,677,0
M,28,18000.0,686,0
M,26,18000.0,611,24
M,28,70000.0,662,6
M,37,45000.0,672,0
M,47,35000.0,707,4
M,27,22000.0,655,10
M,43,20000.0,685,3
M,29,25000.0,671,7
M,37,13000.0,668,0
M,29,14500.0,676,0
F,37,22000.0,696,0
M,42,22000.0,719,6
F,31,20000.0,658,1
F,40,23000.0,702,3
M,30,26700.0,683,0
M,32,20000.0,663,1
M,55,25000.0,680,0
M,49,35000.0,687,0
M,38,15000.0,683,0
F,40,21000.0,667,0
M,28,43000.0,695,0
M,22,15000.0,678,0
M,31,15000.0,698,0
M,38,19000.0,686,0
M,24,23500.0,655,0
M,26,30000.0,673,0
M,42,25000.0,723,0
F,41,21000.0,683,0
M,46,22000.0,681,0
M,29,16500.0,656,20
M,27,40000.0,676,0
M,31,26000.0,679,6
M,22,13000.0,660,0
F,41,13000.0,646,2
M,22,28000.0,682,0
M,21,30000.0,670,4
M,49,32000.0,708,0
F,39,12000.0,651,1
M,31,50000.0,687,11
M,40,13000.0,681,9
M,35,22000.0,685,0
M,24,13000.0,670,0
M,21,9000.0,678,0
M,36,25000.0,708,0
F,28,20000.0,687,0
M,27,18000.0,669,0
M,39,50000.0,681,2
M,32,20000.0,679,0
M,26,18000.0,670,1
M,29,15000.0,690,0
M,41,25000.0,643,4
M,31,23000.0,646,1
M,36,14000.0,707,0
F,43,10000.0,697,0
M,39,32000.0,671,6
M,42,23000.0,712,0
M,27,15000.0,673,0
M,29,29000.0,671,4
M,38,20000.0,680,0
M,28,38000.0,659,0
M,34,100000.0,670,1
M,27,45000.0,678,0
M,30,19000.0,691,0
M,37,36000.0,680,0
F,40,40000.0,687,0
M,37,55000.0,663,3
M,43,21000.0,689,16
M,46,17000.0,705,0
M,29,18500.0,672,0
M,30,38000.0,657,0
F,30,12000.0,681,0
M,53,51000.0,708,0
M,30,30000.0,682,0
M,42,60000.0,693,5
M,24,45000.0,699,0
M,31,20000.0,672,2
M,41,30000.0,674,0
M,32,18500.0,675,0
M,44,30000.0,693,0
M,42,20000.0,713,0
M,37,40000.0,676,0
M,30,35000.0,692,0
M,54,25000.0,668,0
M,29,100000.0,669,2
M,24,40000.0,685,0
M,27,24000.0,683,1
M,34,25000.0,661,0
F,50,30000.0,682,0
M,34,23000.0,661,0
M,39,20000.0,688,0
F,35,11000.0,657,0
M,21,28000.0,676,0
M,42,30000.0,700,1
M,38,20000.0,667,0
M,36,26000.0,696,0
M,31,26000.0,676,0
M,34,25000.0,689,0
M,44,33845.0,714,0
M,28,22000.0,711,0
F,45,25000.0,674,0
M,49,15243.0,692,14
M,28,30000.0,672,0
M,30,35000.0,678,0
M,30,20000.0,683,0
M,24,18000.0,679,0
M,22,17000.0,664,0
M,48,30000.0,673,2
M,24,13000.0,678,0
M,26,25000.0,649,0
M,31,18000.0,681,0
M,31,10000.0,679,0
M,31,23000.0,653,1
M,30,40000.0,680,1
M,29,11000.0,707,0
M,29,25000.0,665,3
M,36,23000.0,686,0
M,31,40000.0,648,1
M,31,25000.0,718,0
M,43,15000.0,692,0
M,37,22500.0,680,5
M,35,18000.0,651,0
M,26,19500.0,678,0
M,31,45000.0,653,2
M,22,22000.0,678,0
M,44,38000.0,676,3
M,41,25000.0,696,0
M,37,40000.0,659,0
M,53,20000.0,726,0
M,45,15000.0,721,0
M,34,16000.0,682,0
M,34,40000.0,665,2
M,26,18000.0,692,0
M,30,48000.0,679,0
M,46,21000.0,701,0
M,37,25000.0,667,1
M,31,15500.0,676,0
F,38,23000.0,696,0
M,25,20000.0,699,0
M,30,28000.0,693,0
M,22,18000.0,691,0
M,32,20000.0,670,13
M,42,60000.0,699,1
F,32,15000.0,662,0
M,44,13000.0,696,11
M,24,32000.0,673,0
F,38,10000.0,660,2
M,30,6000.0,686,0
M,29,10000.0,684,12
M,38,28000.0,677,0
M,33,23000.0,716,0
M,27,20000.0,672,0
M,28,35649.0,674,0
M,23,22000.0,686,0
M,21,30000.0,685,1
M,27,25000.0,659,0
M,33,22000.0,676,10
M,32,44000.0,691,2
M,37,17000.0,691,0
M,21,12500.0,685,0
M,28,55000.0,691,0
M,29,30000.0,672,2
M,27,25000.0,673,0
M,31,12000.0,669,0
M,48,20000.0,681,0
M,47,35000.0,716,0
M,43,44000.0,669,0
M,25,8000.0,678,0
M,26,13800.0,668,14
M,59,35000.0,685,0
M,28,25000.0,666,3
M,26,14000.0,620,3
M,25,22000.0,731,0
M,21,19000.0,664,0
M,22,20000.0,683,2
F,24,25000.0,693,0
M,47,13500.0,694,0
F,41,15000.0,695,0
M,23,20000.0,667,0
M,35,7000.0,667,0
M,23,32000.0,647,5
M,35,35000.0,683,0
M,41,13000.0,684,0
M,43,25000.0,675,0
M,23,20000.0,676,0
F,36,25000.0,682,0
M,37,22000.0,690,0
F,23,15000.0,679,0
M,33,25000.0,672,0
M,27,18000.0,647,5
F,43,35000.0,687,0
M,33,45000.0,672,0
M,41,20000.0,684,0
M,48,38000.0,677,0
M,52,22000.0,716,0
F,22,22000.0,672,0
M,38,40000.0,677,0
M,39,35000.0,699,0
M,27,15000.0,703,0
M,39,20090.0,685,3
M,32,32000.0,703,0
M,49,35000.0,689,0
M,29,28000.0,692,15
M,27,15000.0,702,3
M,26,17500.0,692,0
M,41,25000.0,683,0
M,24,15000.0,676,0
M,31,45000.0,700,0
M,31,28000.0,682,4
M,32,60000.0,673,1
M,23,15000.0,710,0
M,25,18000.0,662,5
M,32,32000.0,655,28
M,40,18000.0,682,0
M,24,12000.0,693,0
M,21,19000.0,667,0
F,40,45000.0,672,0
M,29,15000.0,649,2
F,32,25000.0,680,0
M,28,25000.0,681,0
M,23,18000.0,675,0
M,28,20000.0,676,0
M,48,22500.0,727,20
M,44,18000.0,660,6
M,41,39000.0,731,0
M,25,11000.0,670,9
M,23,15000.0,684,12
M,23,22000.0,678,1
M,31,19000.0,676,0
M,23,15000.0,669,0
F,29,13500.0,659,0
M,33,16500.0,706,0
M,43,18600.0,670,0
M,37,22500.0,679,0
M,33,25000.0,650,0
M,23,45000.0,675,2
M,30,22600.0,703,5
M,33,35000.0,682,1
M,44,25000.0,688,0
M,31,15000.0,684,0
M,35,32000.0,672,0
M,46,35000.0,722,17
M,29,42000.0,673,0
M,34,38000.0,699,0
M,24,15000.0,667,0
M,32,11000.0,689,0
M,38,25000.0,682,8
M,39,23000.0,670,0
M,47,50000.0,668,4
M,50,68000.0,696,2
F,33,10000.0,670,0
M,30,18000.0,650,1
M,30,25000.0,665,0
M,38,40041.0,724,0
M,21,31000.0,682,0
M,33,35000.0,677,0
M,27,55000.0,676,0
M,49,45000.0,722,0
M,30,12000.0,625,6
F,24,18000.0,657,0
M,33,45000.0,678,0
M,22,20000.0,674,0
M,35,50000.0,679,0
F,30,16000.0,676,0
M,49,38000.0,706,2
M,34,59000.0,704,0
M,33,20000.0,685,13
M,55,45000.0,677,0
M,24,13000.0,650,6
M,31,14000.0,662,18
M,38,25000.0,688,0
M,23,20000.0,660,0
M,49,18000.0,695,0
M,45,12000.0,682,0
M,33,35000.0,716,0
M,28,20000.0,659,0
M,29,28570.0,677,0
M,41,43700.0,674,0
M,28,25000.0,683,2
M,34,1500.0,690,5
M,21,12000.0,682,0
M,32,10000.0,677,0
M,30,24000.0,674,1
M,34,15000.0,686,0
M,40,22000.0,704,0
M,26,32000.0,661,0
M,53,25000.0,700,10
M,38,48000.0,707,5
M,21,15000.0,659,0
M,42,10000.0,699,0
M,24,41750.0,660,0
M,52,40000.0,718,1
F,39,18000.0,728,4
M,27,16667.0,657,0
M,37,15000.0,676,0
M,31,20000.0,691,0
M,26,25000.0,667,1
M,43,17000.0,681,0
F,42,32000.0,680,0
M,35,9000.0,676,1
M,33,18000.0,685,0
M,54,29000.0,697,0
M,25,30000.0,686,0
M,29,18000.0,690,0
M,34,25000.0,691,0
M,34,24000.0,636,0
M,50,18000.0,711,2
M,40,50000.0,714,0
M,23,18000.0,688,0
M,28,14000.0,690,0
F,45,40000.0,690,0
M,27,28000.0,682,3
M,38,25000.0,677,0
M,32,30000.0,684,8
M,32,24500.0,687,0
M,46,50000.0,670,0
M,32,20000.0,693,0
F,39,13000.0,700,0
M,31,28500.0,680,0
M,33,17000.0,666,6
M,23,25000.0,643,0
M,38,37000.0,677,7
M,23,28000.0,674,0
M,43,20000.0,663,3
F,36,15000.0,678,0
M,49,17500.0,703,9
M,43,21000.0,683,9
M,29,6500.0,694,0
M,26,16500.0,678,0
M,35,50000.0,679,0
M,56,25000.0,694,0
M,35,26000.0,651,1
M,48,39000.0,668,0
M,30,16000.0,621,14
M,24,19000.0,667,1
M,30,28000.0,662,0
F,36,20000.0,676,0
M,45,35000.0,670,0
M,32,38900.0,690,0
M,27,26000.0,683,0
M,39,15000.0,676,0
M,24,38000.0,682,2
M,28,18000.0,685,0
M,25,45000.0,676,2
M,35,13000.0,696,0
M,29,10000.0,691,0
M,44,11000.0,672,0
M,46,20000.0,677,0
M,31,20000.0,701,0
M,31,20000.0,702,0
M,25,22000.0,664,3
M,35,17500.0,659,0
M,26,15000.0,686,0
M,39,15000.0,674,1
M,39,60000.0,681,0
M,30,13000.0,695,0
M,27,29500.0,649,0
F,30,43000.0,681,0
F,37,13500.0,667,1
M,26,19000.0,661,0
M,26,23500.0,652,1
M,33,30000.0,665,4
M,32,15000.0,685,0
M,25,12000.0,674,0
M,27,15000.0,655,1
M,31,15500.0,705,0
F,26,46000.0,647,0
M,33,35000.0,696,0
M,25,18000.0,674,0
M,32,28000.0,648,1
F,26,25000.0,677,0
M,27,18500.0,677,0
M,24,20000.0,693,0
M,26,12000.0,661,0
M,33,22000.0,678,9
M,36,20000.0,700,0
M,25,18000.0,698,0
F,43,15000.0,702,0
M,58,25000.0,682,0
M,36,56000.0,687,6
F,30,22000.0,678,0
M,26,35000.0,660,1
M,26,32500.0,671,0
M,24,16500.0,660,0
M,35,16000.0,702,2
M,42,38000.0,684,1
M,33,30000.0,676,0
M,31,22000.0,703,0
M,40,25000.0,671,1
M,30,16000.0,685,0
M,57,17500.0,664,0
F,41,38000.0,682,0
M,25,35000.0,686,0
M,26,19000.0,668,0
M,22,50000.0,671,0
M,32,30000.0,697,0
M,37,25000.0,682,0
M,29,12000.0,681,0
M,42,28000.0,720,0
M,29,24000.0,684,0
M,44,17000.0,667,13
M,41,25000.0,681,0
M,30,21000.0,679,0
M,26,35000.0,657,0
M,44,40000.0,597,0
M,36,48000.0,674,0
M,29,25000.0,683,3
M,43,11000.0,688,0
M,52,28000.0,678,7
M,39,42000.0,695,0
F,31,18000.0,737,0
M,49,20000.0,670,0
F,33,30000.0,684,0
F,56,22000.0,726,20
F,37,40000.0,671,4
M,25,40000.0,664,0
M,32,15000.0,666,0
M,31,18500.0,670,0
F,27,25000.0,678,0
M,36,25000.0,723,1
M,44,40000.0,706,0
M,33,15000.0,666,0
M,39,13000.0,708,0
M,25,25000.0,675,0
F,41,22700.0,670,0
M,24,17000.0,692,0
M,24,22300.0,641,0
M,21,22500.0,656,2
M,26,22000.0,671,0
M,37,50000.0,698,0
M,43,15000.0,669,0
F,25,16300.0,697,1
M,26,18000.0,681,0
M,49,22500.0,680,0
M,22,9000.0,668,0
M,39,15000.0,689,2
M,43,40000.0,649,0
M,43,22000.0,704,0
M,38,15000.0,686,2
M,31,25000.0,679,10
M,33,27500.0,666,0
M,27,32000.0,675,0
M,33,30000.0,681,0
M,25,40000.0,666,1
M,31,25000.0,672,0
M,44,40000.0,685,9
M,24,30000.0,678,0
M,30,23000.0,700,2
M,34,20000.0,680,0
M,28,20000.0,672,15
M,25,38000.0,706,0
M,51,27000.0,668,0
M,30,25000.0,679,0
M,38,15000.0,672,33
M,38,16000.0,687,1
M,37,20500.0,697,0
F,37,25000.0,669,15
M,31,30000.0,697,1
M,26,20000.0,673,0
M,22,13000.0,682,0
M,27,50000.0,685,0
M,24,15000.0,675,2
M,23,17000.0,667,17
M,22,22000.0,691,0
M,36,25000.0,676,0
M,25,17000.0,655,0
M,43,27000.0,667,0
M,34,12000.0,711,0
M,31,18000.0,647,2
M,30,40000.0,686,10
M,26,29000.0,676,0
M,27,35000.0,700,0
M,23,34000.0,684,2
M,21,25000.0,688,0
M,59,25000.0,703,0
M,29,20000.0,717,3
M,28,12937.0,671,0
M,29,20000.0,726,2
M,26,15000.0,670,1
F,52,65000.0,669,0
M,21,20000.0,671,0
M,22,23000.0,674,0
M,49,12000.0,686,0
F,30,3500.0,667,3
M,48,15500.0,680,0
M,39,22000.0,708,19
M,25,17000.0,647,2
M,41,15000.0,698,4
M,23,8300.0,656,2
M,51,22000.0,704,0
M,30,25000.0,673,10
M,27,25000.0,680,0
M,27,20000.0,689,0
M,46,25000.0,661,0
M,31,40000.0,679,0
M,40,13500.0,684,0
M,34,34000.0,705,4
M,29,12000.0,683,14
M,40,30000.0,683,0
M,30,10000.0,684,5
M,53,200000.0,641,0
M,49,15000.0,662,0
M,24,14000.0,677,0
M,60,20000.0,690,0
M,56,30000.0,687,0
F,52,20000.0,686,9
F,31,31000.0,680,3
F,35,23000.0,690,2
M,35,16500.0,678,3
M,24,39999.0,677,5
F,29,14000.0,683,0
M,22,15000.0,683,0
M,35,30000.0,673,0
M,23,17000.0,687,0
M,31,28000.0,667,0
M,28,33000.0,695,0
M,27,15000.0,686,0
M,23,11000.0,681,0
M,33,16000.0,692,0
M,48,30000.0,687,0
M,37,38000.0,684,0
M,28,35000.0,637,5
M,40,30000.0,686,0
M,30,10000.0,698,0
M,29,7000.0,671,0
M,52,21000.0,716,0
M,34,15000.0,690,0
M,33,40000.0,674,0
F,32,16500.0,683,0
M,29,17000.0,667,0
M,32,17000.0,695,0
M,39,40000.0,688,0
M,46,20000.0,716,0
M,24,30000.0,694,0
M,32,48000.0,659,0
M,32,15000.0,687,0
M,32,35000.0,695,0
M,26,35000.0,654,0
M,24,32000.0,662,0
M,21,38000.0,677,0
M,24,17000.0,647,2
F,46,25000.0,685,0
M,30,18800.0,663,3
F,30,24000.0,677,0
M,38,18000.0,698,0
M,24,35000.0,684,0
M,27,23500.0,668,0
M,46,25000.0,659,1
M,38,21000.0,705,0
M,31,17000.0,690,0
M,36,15000.0,686,0
M,40,20000.0,691,0
M,36,23000.0,674,0
M,34,23500.0,687,6
F,38,20000.0,709,0
M,32,60000.0,689,0
F,50,9000.0,661,6
M,31,20000.0,692,10
M,39,20000.0,718,0
M,24,15000.0,671,0
M,26,17000.0,679,0
M,30,25000.0,685,0
M,43,27000.0,735,0
M,33,35000.0,695,0
F,33,50000.0,641,1
M,43,33000.0,676,7
M,26,22500.0,665,2
M,23,30000.0,649,2
M,36,25670.0,685,0
M,27,25000.0,636,0
M,29,16000.0,702,0
F,38,30000.0,697,0
M,27,30000.0,665,0
M,37,15000.0,703,0
M,35,20000.0,620,0
M,37,15000.0,688,0
M,35,25000.0,679,0
M,31,40000.0,706,0
M,45,50000.0,700,0
M,36,20000.0,689,0
M,28,17000.0,699,0
M,34,30000.0,680,0
M,34,18000.0,682,0
M,32,20000.0,686,2
M,22,13500.0,682,0
M,52,30000.0,688,0
M,30,43000.0,674,0
M,28,23000.0,608,0
M,30,25000.0,668,0
M,21,19000.0,689,0
M,26,25000.0,670,0
M,41,25000.0,689,0
M,33,39000.0,662,2
M,25,18000.0,684,0
M,28,21000.0,651,0
M,24,13000.0,696,0
M,30,11000.0,677,0
M,27,25000.0,653,0
M,22,15000.0,660,0
M,26,18000.0,672,3
M,50,20000.0,706,9
M,27,18000.0,705,0
M,44,75000.0,702,1
F,25,24000.0,677,0
M,31,40000.0,664,0
M,40,20000.0,680,0
M,49,18000.0,685,0
M,27,15000.0,649,9
F,24,25000.0,675,0
M,33,25000.0,642,5
M,34,16500.0,679,4
M,34,20000.0,684,0
M,32,26000.0,671,0
M,27,20000.0,667,0
M,30,23000.0,691,0
M,30,60000.0,662,0
M,31,23000.0,655,1
M,51,40000.0,690,0
M,33,15000.0,681,1
M,27,21000.0,673,0
F,42,11000.0,690,0
M,35,20000.0,683,13
M,31,20000.0,710,8
M,50,24000.0,719,9
M,24,45000.0,682,0
F,44,18000.0,727,0
M,23,25000.0,680,0
M,30,20000.0,678,0
M,46,15000.0,681,0
F,58,30000.0,669,0
M,21,15000.0,676,0
M,29,27000.0,655,2
M,27,18000.0,661,0
M,24,43000.0,676,0
M,43,18500.0,674,1
M,22,16300.0,675,0
M,33,12000.0,666,0
M,36,20000.0,670,0
F,59,30000.0,684,0
M,33,50000.0,690,0
M,43,17500.0,685,0
M,35,31000.0,676,0
M,25,43000.0,660,0
M,32,29000.0,692,1
M,24,15000.0,648,1
M,36,10.0,681,0
F,22,23500.0,706,0
M,37,35000.0,675,0
M,22,19000.0,657,5
M,44,32000.0,715,2
M,26,20000.0,677,0
M,60,15000.0,685,0
M,31,15000.0,689,0
M,22,22000.0,673,0
M,35,50000.0,674,0
M,21,16000.0,664,5
M,31,40000.0,648,0
M,47,42000.0,726,8
M,26,15000.0,687,1
M,27,25000.0,681,3
M,40,22000.0,710,0
M,49,28650.0,715,0
M,31,30000.0,710,0
F,39,21000.0,692,26
M,28,10000.0,694,0
M,28,32000.0,648,0
M,40,27000.0,662,22
F,32,15000.0,661,2
M,23,23000.0,685,0
M,35,24000.0,682,0
M,35,30000.0,687,0
M,30,27000.0,674,0
M,22,32500.0,686,0
M,23,12000.0,670,5
M,30,25000.0,660,5
M,24,28000.0,641,0
F,36,17000.0,684,0
M,35,30000.0,678,1
M,41,10000.0,727,0
M,53,28000.0,688,0
M,24,18000.0,685,0
F,39,10000.0,673,0
M,35,32500.0,690,0
M,30,17500.0,660,0
M,45,11000.0,678,0
M,30,26000.0,656,6
M,40,35000.0,637,7
M,42,23000.0,691,12
M,27,34000.0,660,0
M,23,30000.0,673,2
M,24,30000.0,657,0
F,28,21000.0,652,0
M,32,32000.0,670,0
F,38,30000.0,666,0
M,38,20000.0,682,0
M,27,20000.0,639,0
M,51,15000.0,683,0
M,22,18000.0,685,0
M,26,22000.0,657,0
M,32,24000.0,685,16
M,36,18000.0,682,0
M,33,24000.0,697,3
M,22,14000.0,651,0
M,39,20000.0,687,0
M,27,20000.0,669,0
M,54,80000.0,649,0
M,35,25000.0,685,0
M,31,140000.0,658,1
M,25,33000.0,626,0
M,29,35000.0,671,0
M,39,30000.0,670,0
M,25,28000.0,658,0
M,23,28000.0,641,0
M,41,30000.0,663,9
M,37,30000.0,700,0
M,27,19500.0,692,0
M,43,35000.0,684,0
M,29,25000.0,652,0
M,34,34500.0,686,0
M,37,29000.0,690,0
M,29,25000.0,695,0
F,49,15000.0,665,0
M,41,45000.0,670,0
M,56,20000.0,703,0
M,43,9600.0,693,2
M,22,21000.0,684,0
M,30,22000.0,689,0
M,25,13000.0,692,0
M,27,25000.0,686,0
M,24,20000.0,676,0
M,41,28000.0,680,1
M,44,40000.0,703,0
M,34,25000.0,679,0
M,21,17000.0,680,0
F,21,24000.0,691,1
F,30,20000.0,674,0
M,34,20000.0,685,1
F,27,8000.0,672,0
M,27,16000.0,691,0
M,31,20000.0,652,7
M,28,23000.0,688,0
M,41,23000.0,724,0
M,29,10600.0,680,0
M,29,21000.0,672,2
F,46,20000.0,684,0
M,28,28000.0,668,8
M,37,17000.0,668,4
M,23,15000.0,676,0
M,44,50000.0,697,0
M,44,50000.0,656,1
M,24,15000.0,677,0
M,48,25000.0,704,0
M,32,35000.0,680,0
M,47,15000.0,685,0
F,40,25000.0,665,0
M,34,18000.0,660,1
M,29,15000.0,671,0
M,25,20000.0,652,2
M,55,70000.0,697,0
M,22,100000.0,672,1
M,55,40000.0,682,0
M,32,18000.0,710,0
M,31,14000.0,683,1
M,44,45000.0,723,0
M,21,28430.0,669,0
M,36,25000.0,670,1
M,39,20000.0,662,0
M,38,35000.0,680,0
M,46,40000.0,681,2
M,34,30000.0,705,0
M,49,15423.0,676,0
M,22,29000.0,674,0
M,30,22000.0,634,2
M,38,23000.0,680,0
M,30,17000.0,712,0
M,26,19000.0,678,0
M,35,24000.0,678,0
M,50,26000.0,697,1
M,29,23000.0,719,0
M,26,20000.0,677,0
F,50,19000.0,702,0
M,21,30000.0,684,0
M,38,25000.0,655,1
M,27,28000.0,652,0
M,34,34000.0,682,0
M,37,11500.0,694,1
M,32,25000.0,676,0
M,28,15000.0,685,2
M,24,16500.0,685,4
M,23,18000.0,677,0
M,21,31000.0,688,0
M,39,50000.0,664,0
M,23,25000.0,657,0
M,29,28000.0,673,0
M,25,33000.0,666,0
M,44,25000.0,672,1
F,29,16028.0,670,10
M,38,22130.0,655,1
M,25,12000.0,669,0
M,30,50000.0,668,0
F,25,15500.0,670,1
F,29,19000.0,681,0
F,29,10000.0,675,0
M,23,50000.0,665,0
F,29,20000.0,678,0
M,26,49000.0,683,0
M,52,20000.0,708,0
M,28,40000.0,685,0
M,38,22000.0,675,0
M,31,19000.0,696,3
F,44,20000.0,651,14
M,29,30000.0,659,0
F,28,14000.0,690,0
M,46,12500.0,669,0
M,29,18000.0,695,0
M,23,45000.0,616,0
F,29,16000.0,678,0
M,30,25000.0,677,0
F,44,50000.0,708,6
M,30,15000.0,685,0
M,32,15000.0,688,0
M,22,7700.0,684,0
M,39,29000.0,665,0
M,48,51000.0,676,0
M,43,25000.0,653,1
F,36,26000.0,675,0
M,40,50000.0,704,15
M,31,40000.0,678,0
M,36,23000.0,704,1
M,56,35000.0,693,0
M,43,80000.0,688,0
M,31,16000.0,667,2
M,30,14000.0,694,0
M,22,16000.0,669,3
M,47,14500.0,670,0
M,28,35000.0,641,1
M,29,18000.0,668,0
M,26,15000.0,645,10
M,21,17500.0,664,0
M,38,16000.0,731,0
M,26,22000.0,673,4
M,48,29000.0,691,1
M,24,18000.0,635,0
M,39,18500.0,666,1
M,37,30000.0,700,27
M,31,16000.0,662,1
M,35,20000.0,682,0
M,35,31000.0,687,0
M,28,35000.0,664,0
M,36,35000.0,682,0
M,27,18000.0,659,3
M,27,35000.0,703,0
F,32,24000.0,672,1
M,24,23500.0,674,0
M,32,12000.0,707,0
M,35,20000.0,682,1
M,25,22000.0,661,12
M,37,15000.0,689,0
M,59,50000.0,674,1
M,24,18000.0,663,1
M,34,30000.0,690,0
M,34,15500.0,674,0
M,44,20000.0,716,0
M,24,19800.0,683,0
M,31,25000.0,658,0
M,37,23000.0,629,0
F,44,25000.0,663,0
F,35,11500.0,682,0
M,29,25000.0,685,0
M,24,35000.0,668,0
M,36,20000.0,688,0
M,37,30000.0,673,1
F,27,16500.0,657,0
M,26,20000.0,657,0
M,33,25000.0,668,5
M,38,18600.0,679,0
M,28,25000.0,633,14
M,26,23000.0,677,0
M,29,22000.0,665,2
F,40,20000.0,686,0
M,30,230000.0,680,0
M,36,25000.0,665,1
M,29,18000.0,630,1
M,31,10000.0,683,0
M,36,20000.0,679,1
M,52,23000.0,679,16
M,40,54000.0,698,0
F,34,15000.0,679,0
M,28,33000.0,649,0
M,30,12000.0,699,0
M,23,15000.0,664,0
M,24,12500.0,703,0
M,22,18000.0,661,2
M,38,20000.0,662,0
M,40,40000.0,694,0
M,29,40000.0,671,0
M,40,12000.0,658,15
M,29,20000.0,709,0
M,32,19000.0,629,2
M,29,15000.0,656,0
M,24,20000.0,681,0
M,33,10000.0,681,2
M,45,19100.0,691,0
M,24,35000.0,677,3
M,35,34000.0,645,0
M,23,38000.0,671,0
M,29,10000.0,668,0
M,35,25000.0,674,1
M,40,35000.0,690,6
M,23,25000.0,680,3
M,35,18000.0,681,0
M,42,11000.0,689,0
M,35,25000.0,684,0
M,28,43900.0,686,6
M,53,23000.0,675,0
M,35,40000.0,713,65
M,30,30000.0,671,0
M,43,18000.0,671,0
M,29,27000.0,683,0
M,46,13000.0,636,3
M,31,18000.0,682,0
M,31,23000.0,699,0
M,28,25000.0,680,1
M,51,40000.0,726,0
M,31,35000.0,672,2
M,22,17000.0,663,0
M,29,20000.0,671,1
F,38,23000.0,678,0
M,48,30000.0,690,0
M,27,14000.0,704,0
M,39,40000.0,650,1
M,40,13000.0,693,0
M,32,30000.0,675,0
M,22,9000.0,687,0
M,27,10000.0,675,0
M,33,25000.0,695,0
M,48,28000.0,667,17
M,47,16000.0,680,0
F,34,30000.0,653,1
M,29,17000.0,673,0
M,28,25000.0,628,2
M,24,18000.0,657,0
M,39,20000.0,712,0
M,29,70000.0,670,0
M,24,24000.0,674,0
M,33,18000.0,662,0
M,23,20000.0,699,0
M,25,15000.0,640,1
M,31,25000.0,681,0
M,28,15000.0,675,0
M,41,25500.0,691,0
M,32,35000.0,709,0
M,41,20000.0,686,0
M,22,30000.0,683,0
M,28,20000.0,673,0
M,25,35000.0,682,0
F,24,30000.0,681,0
M,31,12000.0,662,12
M,48,30000.0,724,0
M,25,30000.0,645,1
M,53,30000.0,689,0
M,30,44000.0,677,0
M,30,18000.0,714,0
M,28,30000.0,688,1
M,28,30000.0,648,5
F,31,40000.0,658,1
M,30,24000.0,673,0
F,30,15000.0,670,0
M,30,15000.0,686,0
M,39,18000.0,671,0
M,33,28000.0,690,0
M,41,25000.0,695,0
M,37,16000.0,691,0
M,25,12000.0,683,0
M,53,40000.0,705,1
M,23,10000.0,660,1
M,62,100000.0,676,0
M,33,26000.0,722,0
M,32,27500.0,666,0
M,30,35000.0,668,5
M,29,30000.0,680,0
M,29,25000.0,672,0
M,41,34500.0,673,0
M,23,15000.0,664,1
M,42,42000.0,717,0
F,31,25000.0,676,0
M,37,18687.0,695,0
M,25,16000.0,651,0
M,42,60000.0,718,0
M,28,23000.0,648,0
M,45,28000.0,682,9
M,25,20000.0,618,1
M,34,35000.0,651,8
M,36,25000.0,675,0
M,23,12000.0,678,0
M,30,30000.0,668,4
M,25,35000.0,672,0
M,30,13000.0,660,1
F,41,15000.0,680,0
M,34,45000.0,677,0
M,26,13500.0,707,0
M,23,40000.0,691,0
M,49,11800.0,701,0
F,28,10000.0,663,1
M,32,28000.0,696,3
M,32,50000.0,671,0
M,45,30000.0,669,0
M,31,23000.0,706,0
F,34,19000.0,695,0
M,23,18300.0,674,0
M,31,25000.0,644,0
F,21,15000.0,685,0
M,26,90000.0,658,0
M,31,25000.0,716,1
M,44,15000.0,683,3
M,31,44000.0,687,17
F,24,19000.0,676,0
M,21,22000.0,675,0
M,60,45000.0,678,0
M,26,18000.0,682,0
M,28,15000.0,651,0
F,40,15000.0,684,0
M,43,31000.0,702,0
M,36,14000.0,685,0
M,53,40000.0,694,0
M,38,19000.0,678,0
F,50,10000.0,705,0
M,58,25000.0,685,0
M,28,14000.0,669,0
M,36,50000.0,691,0
M,37,22000.0,708,6
M,25,20000.0,672,0
F,35,11000.0,680,0
M,50,26000.0,703,0
F,45,30000.0,674,0
M,24,28000.0,681,0
M,26,45000.0,676,0
M,25,30000.0,687,0
M,50,35000.0,690,0
M,26,25000.0,675,0
M,29,15000.0,665,0
M,48,22000.0,701,0
M,49,18000.0,674,5
M,26,10000.0,675,0
M,53,10000.0,672,0
M,25,11000.0,671,0
F,33,15000.0,670,0
M,43,21000.0,683,0
M,22,11000.0,657,4
F,47,20000.0,687,0
M,27,25000.0,670,0
M,31,30000.0,699,0
M,29,19000.0,717,0
M,41,25000.0,711,0
M,32,18000.0,694,0
F,28,30000.0,664,0
M,43,20000.0,650,1
M,38,23000.0,714,7
M,22,40000.0,683,0
F,24,15000.0,669,3
F,54,12000.0,659,5
M,21,35000.0,661,0
F,32,37000.0,676,5
M,29,27000.0,686,0
M,27,15500.0,682,0
M,29,45000.0,615,0
M,38,50000.0,684,1
M,29,26750.0,651,9
M,39,30000.0,691,0
F,29,15000.0,683,0
M,46,25000.0,727,0
M,22,27000.0,682,1
M,25,18000.0,681,0
M,32,52000.0,669,0
M,44,42000.0,707,0
M,35,18000.0,665,2
M,56,10.0,636,2
M,41,20000.0,716,0
M,27,12000.0,674,0
M,36,80000.0,673,0
M,28,15000.0,704,0
M,27,45000.0,654,0
M,30,23000.0,669,8
M,48,25000.0,677,0
M,47,24500.0,686,1
M,55,18000.0,712,7
F,42,25000.0,684,0
M,36,23000.0,702,0
M,46,29900.0,682,0
M,40,22000.0,694,11
M,32,30000.0,678,0
M,26,25000.0,680,0
M,39,25000.0,684,0
M,24,14000.0,681,0
F,42,30000.0,658,7
M,43,40000.0,680,0
M,33,45000.0,693,0
F,34,24000.0,659,1
M,40,25000.0,668,1
M,31,18000.0,677,5
M,28,28000.0,672,1
M,49,32000.0,638,2
M,31,18000.0,678,0
M,27,27900.0,704,0
M,43,35000.0,675,3
M,34,21000.0,686,1
M,25,23000.0,648,0
M,25,13000.0,672,0
M,40,50000.0,680,0
M,51,20000.0,725,0
M,29,20350.0,674,0
M,45,20000.0,673,6
M,43,30000.0,692,1
M,34,28500.0,655,1
M,21,22500.0,683,0
M,24,20000.0,672,3
M,34,90000.0,655,0
F,31,12000.0,698,0
M,22,15000.0,678,0
M,27,15000.0,695,0
F,47,40000.0,663,4
M,33,35000.0,684,0
M,31,15000.0,685,0
F,37,25000.0,698,0
M,28,23000.0,667,0
F,48,20000.0,653,0
M,23,18500.0,662,0
M,42,19000.0,673,2
F,42,10800.0,672,0
M,34,13500.0,686,0
M,25,30000.0,676,1
M,35,59000.0,690,7
M,33,25000.0,682,0
M,30,35000.0,685,2
M,34,23500.0,707,0
M,29,15000.0,674,4
M,22,95000.0,668,3
F,48,20000.0,675,0
M,38,32000.0,692,0
M,50,32000.0,687,0
F,35,25000.0,691,2
M,28,18000.0,660,0
M,31,12000.0,695,0
M,48,45000.0,681,6
M,35,25000.0,705,0
M,27,12000.0,678,0
F,24,12500.0,671,0
M,38,35000.0,693,0
M,34,21500.0,701,0
F,42,12000.0,671,0
M,38,30000.0,583,5
M,30,18000.0,674,0
M,47,34500.0,684,0
M,24,14000.0,655,0
M,34,30000.0,670,8
M,27,30000.0,665,14
M,52,85000.0,733,4
M,35,26000.0,709,22
F,48,30000.0,680,0
M,39,40000.0,695,1
M,39,30000.0,692,3
F,24,42500.0,662,0
M,21,22000.0,641,0
M,28,12500.0,666,0
M,34,37500.0,685,5
M,32,30000.0,671,0
M,43,44258.0,733,0
M,33,25000.0,655,4
M,24,25000.0,690,0
M,39,30000.0,628,2
M,31,20000.0,673,0
M,22,13000.0,672,0
M,38,19200.0,666,0
M,40,25000.0,701,0
M,28,30000.0,669,2
M,23,10000.0,664,2
M,50,15000.0,688,0
M,34,32000.0,669,0
M,49,40000.0,689,8
M,37,20000.0,667,0
M,41,12000.0,707,0
M,28,23000.0,673,0
M,27,15000.0,694,0
M,29,81000.0,688,0
M,26,35000.0,684,0
F,33,23000.0,659,0
M,35,15000.0,646,1
M,52,30000.0,679,1
M,25,32000.0,672,0
M,24,15000.0,675,3
M,47,23000.0,683,0
M,34,20000.0,683,2
M,22,14200.0,674,6
M,35,24000.0,651,4
M,26,18000.0,697,0
M,32,26000.0,682,0
M,60,15000.0,685,0
M,25,23000.0,679,0
M,30,20000.0,669,0
F,22,12500.0,669,0
M,35,18000.0,675,5
F,26,8000.0,684,0
M,29,24500.0,688,0
M,44,45000.0,724,0
M,56,40000.0,690,0
F,39,20000.0,681,0
M,42,15480.0,675,2
M,35,18000.0,702,5
M,22,15000.0,683,0
M,25,30000.0,687,0
M,36,2000.0,654,6
M,24,27000.0,646,0
M,32,35000.0,704,1
M,31,13000.0,677,0
M,44,12500.0,678,0
M,32,16000.0,676,0
M,47,22000.0,689,0
M,31,15000.0,687,1
M,36,16000.0,655,3
F,43,14000.0,676,1
M,47,22000.0,671,0
M,25,15000.0,631,0
M,22,10000.0,678,0
F,30,28000.0,678,1
M,24,15000.0,671,0
M,50,65000.0,685,13
M,26,28000.0,685,0
M,29,35000.0,668,0
F,22,11500.0,670,1
M,21,8500.0,684,0
M,36,15000.0,698,3
M,28,20800.0,700,0
M,44,30000.0,684,0
M,27,55000.0,693,0
M,30,30000.0,687,0
M,23,16000.0,698,0
M,22,40000.0,684,0
M,27,30000.0,694,1
M,36,35000.0,694,0
M,52,44000.0,692,0
M,34,16000.0,700,0
M,24,17000.0,676,0
M,29,35000.0,666,7
M,38,24000.0,666,1
M,23,22000.0,659,3
M,31,20000.0,702,0
M,29,20000.0,657,3
M,33,35000.0,696,0
M,25,40000.0,691,0
M,29,45000.0,672,0
M,59,40000.0,659,3
M,44,30000.0,743,1
M,39,30000.0,686,3
M,23,13500.0,692,0
M,27,28000.0,678,0
F,34,20000.0,716,0
F,42,22500.0,677,0
M,43,25000.0,704,0
M,39,35000.0,709,0
M,29,18000.0,686,2
M,29,18000.0,690,0
M,32,44000.0,676,17
M,30,70000.0,652,21
M,25,28000.0,693,0
M,28,15000.0,671,0
M,25,62000.0,656,0
M,27,11000.0,683,0
F,30,22000.0,688,0
M,32,30000.0,670,0
M,62,40000.0,681,1
M,54,20000.0,696,0
M,51,28500.0,661,0
M,34,23600.0,622,16
M,47,55000.0,694,1
M,25,20000.0,679,0
M,23,29000.0,657,0
F,41,35000.0,713,0
M,32,25000.0,659,3
M,41,45000.0,690,0
M,24,50000.0,672,1
M,43,30000.0,677,0
M,36,48000.0,669,0
M,38,50000.0,671,2
M,43,15000.0,676,13
M,33,25000.0,689,0
M,30,22000.0,676,2
M,35,16000.0,681,5
M,27,18000.0,686,0
F,32,28000.0,687,0
M,23,16000.0,667,0
M,48,25000.0,726,0
M,30,35000.0,722,0
M,35,23500.0,679,0
M,36,29000.0,711,0
M,24,12500.0,628,0
M,47,30000.0,688,12
F,23,15000.0,683,0
M,27,22000.0,674,0
M,28,35000.0,657,7
M,28,25000.0,685,0
M,49,25000.0,687,0
M,33,25000.0,674,0
M,24,10000.0,681,0
M,38,20000.0,674,4
F,46,35000.0,714,0
M,25,28000.0,686,0
M,51,40000.0,723,22
M,28,18000.0,674,4
M,44,17000.0,708,0
M,41,20000.0,689,0
M,26,22000.0,680,0
M,35,30000.0,682,1
M,26,30000.0,676,4
M,34,12000.0,688,0
M,27,8000.0,674,0
M,34,13000.0,632,1
M,45,15000.0,686,0
M,27,25000.0,667,4
M,31,28000.0,680,4
M,29,45000.0,705,23
M,39,22000.0,673,0
F,29,13000.0,644,0
M,36,35000.0,694,2
M,23,13000.0,674,0
M,27,25000.0,663,1
M,44,25000.0,694,0
M,32,27000.0,680,1
M,26,15000.0,669,0
F,36,80000.0,622,0
F,44,20000.0,705,0
M,25,11000.0,673,2
M,29,32000.0,648,0
M,23,22000.0,657,4
M,25,70000.0,652,0
M,35,20000.0,638,5
M,26,40000.0,674,12
M,27,25000.0,677,7
M,22,20500.0,647,2
M,23,44000.0,629,0
M,25,15000.0,682,0
M,25,13500.0,675,0
M,27,45000.0,658,0
F,26,25000.0,666,0
M,47,30000.0,717,0
M,34,22000.0,675,0
M,36,35000.0,679,4
F,29,25000.0,677,0
M,22,32000.0,681,1
M,21,40000.0,656,0
M,39,28000.0,719,0
M,31,18000.0,690,0
M,24,18500.0,668,2
M,27,14500.0,702,10
M,22,15990.0,670,0
F,25,13000.0,672,0
M,40,20000.0,734,0
M,30,16000.0,665,8
M,28,15000.0,674,0
M,47,18000.0,688,0
F,34,35000.0,628,2
M,23,20000.0,660,4
M,50,20000.0,602,2
M,25,30000.0,667,11
M,23,25000.0,653,0
M,34,22000.0,680,0
M,37,35000.0,670,8
M,54,18000.0,695,0
M,31,22000.0,665,0
M,33,18000.0,702,0
M,43,23000.0,676,0
M,23,22000.0,674,2
M,42,40000.0,690,0
M,45,40000.0,751,0
M,29,18500.0,670,1
M,26,18000.0,672,0
M,45,45000.0,707,4
M,44,20000.0,691,0
M,32,20000.0,650,0
M,23,25000.0,678,0
M,39,20000.0,701,0
F,30,25000.0,671,2
M,32,27000.0,686,7
M,24,9000.0,646,2
M,21,24000.0,673,0
M,32,20000.0,680,4
M,30,47600.0,690,0
M,24,30000.0,668,0
M,23,30000.0,692,0
M,26,24000.0,606,11
M,32,25000.0,683,0
M,36,23000.0,666,0
M,36,30000.0,697,0
M,30,10000.0,657,8
M,25,40000.0,670,0
M,46,20000.0,697,0
M,24,15000.0,703,0
M,24,20000.0,682,0
M,33,18000.0,680,0
M,49,30000.0,698,6
M,23,10000.0,688,0
F,29,17000.0,683,0
M,22,22500.0,649,0
M,37,40000.0,686,2
M,42,30000.0,704,2
M,29,24000.0,686,0
M,43,50000.0,701,10
M,22,18000.0,671,0
F,38,19500.0,694,0
M,36,40000.0,701,0
M,26,20000.0,679,0
M,22,20000.0,674,0
M,53,23000.0,704,0
M,32,23000.0,681,0
M,38,14000.0,664,2
M,44,22000.0,683,0
F,35,24500.0,681,0
M,34,35000.0,690,0
M,28,50000.0,656,6
F,40,18000.0,692,0
M,30,13500.0,692,0
M,40,25000.0,679,0
M,37,38000.0,690,0
M,31,26000.0,682,0
M,26,11000.0,678,0
M,36,13000.0,686,0
M,58,48000.0,721,0
M,28,41500.0,688,0
M,33,18000.0,682,0
M,23,35000.0,677,0
M,46,350000.0,736,0
F,41,24000.0,686,1
M,23,20000.0,703,0
M,21,15350.0,671,0
M,40,33000.0,692,6
M,26,18000.0,682,0
M,35,30000.0,692,0
M,60,27600.0,689,0
M,25,55000.0,694,0
M,28,18000.0,659,0
M,30,18000.0,654,2
M,24,21000.0,665,0
M,35,50000.0,659,8
M,37,20000.0,673,0
M,34,25000.0,674,5
M,39,30000.0,688,7
F,38,25000.0,690,1
F,37,18000.0,678,0
F,36,25000.0,686,2
M,25,14000.0,696,0
M,22,18000.0,694,0
M,26,22500.0,615,0
M,39,7000.0,672,0
M,35,34000.0,688,0
M,25,15000.0,682,22
M,43,20000.0,677,0
M,43,16000.0,689,0
M,38,25000.0,673,1
M,27,28900.0,676,0
M,27,38000.0,674,1
M,62,25000.0,652,3
M,38,50000.0,714,0
M,31,20000.0,689,0
F,51,23000.0,662,3
M,30,35000.0,682,0
M,47,20000.0,680,2
M,34,20000.0,706,0
M,34,22000.0,652,2
M,35,25000.0,665,0
M,22,25000.0,687,0
F,37,20000.0,670,0
M,31,25000.0,696,0
M,31,33000.0,662,4
M,48,18000.0,709,1
M,45,25000.0,684,1
M,27,25000.0,686,0
M,28,30000.0,697,0
M,25,12000.0,690,0
M,32,18000.0,651,0
F,28,25000.0,713,0
M,48,42000.0,701,3
M,42,15000.0,694,3
M,33,35000.0,665,23
M,32,25000.0,648,1
M,25,15000.0,662,0
M,52,48000.0,695,0
M,32,24500.0,678,0
M,33,15.0,679,0
M,24,9000.0,660,0
M,24,32000.0,694,0
M,30,55000.0,677,0
M,41,15000.0,668,0
M,34,19000.0,675,0
F,38,15000.0,654,0
M,48,29353.0,744,0
F,44,30000.0,682,1
M,42,18000.0,678,0
M,32,17000.0,654,4
M,23,20000.0,709,0
M,26,15500.0,680,0
M,50,23000.0,651,1
F,21,16000.0,672,0
M,28,18000.0,710,0
M,29,13500.0,664,2
M,30,24000.0,676,0
M,27,20000.0,680,0
M,36,30000.0,687,0
F,37,15000.0,688,0
F,61,40000.0,622,0
M,27,21000.0,649,3
F,39,20000.0,664,8
M,64,51000.0,710,0
M,25,40000.0,655,0
M,23,14000.0,687,0
M,34,20000.0,672,3
M,32,10000.0,663,1
M,27,18000.0,692,0
M,25,40000.0,678,14
F,48,23500.0,682,0
M,35,18000.0,696,1
M,39,30000.0,677,1
M,32,19000.0,689,0
M,37,10000.0,681,0
M,23,15000.0,682,0
F,47,25000.0,695,0
M,58,20000.0,688,0
M,30,32000.0,684,0
M,32,80000.0,712,1
M,28,55000.0,617,1
M,22,23000.0,666,0
M,39,18000.0,675,0
F,43,20000.0,685,0
F,36,19000.0,685,0
M,27,35000.0,693,34
M,41,30000.0,677,0
M,52,30000.0,683,0
M,51,45000.0,687,7
M,29,35000.0,674,17
M,34,25000.0,687,1
F,35,18500.0,671,0
M,52,22000.0,702,0
M,36,30000.0,684,0
F,37,12000.0,667,3
M,26,17000.0,697,0
M,26,20000.0,688,3
M,34,30000.0,672,1
F,34,15000.0,673,0
M,29,30000.0,692,0
M,37,21000.0,700,0
M,30,15000.0,671,0
M,27,20000.0,662,0
F,37,9900.0,668,0
M,34,40000.0,678,27
M,29,25000.0,671,1
M,30,32000.0,699,0
M,53,31000.0,635,0
M,32,19000.0,686,0
M,23,40000.0,674,0
M,41,30000.0,701,1
M,38,35000.0,757,22
M,32,50000.0,703,0
M,32,14000.0,679,6
M,30,35000.0,673,1
M,43,30000.0,695,3
M,24,16000.0,672,0
M,22,30000.0,669,1
M,36,15500.0,698,5
M,37,84000.0,659,1
M,37,85200.0,666,0
F,30,30000.0,705,0
M,33,46000.0,684,0
M,30,24000.0,677,0
M,41,4500.0,682,0
M,29,20000.0,673,0
F,40,20000.0,712,0
F,29,25000.0,676,2
M,49,45000.0,666,1
M,54,50000.0,705,0
F,39,9000.0,693,0
F,22,12000.0,677,0
M,26,20000.0,641,0
M,22,12000.0,683,0
M,34,22000.0,660,2
M,36,30000.0,738,0
M,30,28000.0,707,0
M,60,26000.0,669,1
M,28,35000.0,662,0
M,31,24000.0,685,0
M,27,18000.0,708,0
M,35,48000.0,690,0
M,43,25000.0,680,7
M,27,10000.0,706,1
M,37,15000.0,674,20
M,25,38500.0,688,0
M,25,17000.0,676,0
M,26,25000.0,655,0
M,48,22000.0,685,0
M,28,12000.0,681,8
M,32,15000.0,687,10
M,38,30000.0,724,0
M,42,30000.0,688,0
M,27,20000.0,659,2
M,24,25000.0,672,0
M,26,45000.0,687,1
M,49,11000.0,690,12
F,31,18000.0,674,0
F,37,14000.0,685,0
F,35,15000.0,685,1
M,37,20000.0,726,12
M,25,18000.0,644,2
M,36,19000.0,692,0
M,33,13500.0,657,2
F,31,28200.0,682,0
M,25,16000.0,677,0
M,26,31500.0,652,0
F,43,18000.0,668,1
M,23,30000.0,674,0
M,28,15000.0,709,0
M,24,19000.0,681,0
F,44,12000.0,689,0
M,34,19000.0,672,0
M,44,16000.0,690,0
M,53,110000.0,695,0
F,32,16000.0,694,0
F,34,38000.0,687,0
M,27,35000.0,698,0
M,36,15000.0,658,0
M,27,31480.0,667,4
M,61,20000.0,695,0
F,43,43000.0,684,0
M,25,45000.0,660,0
F,32,16000.0,692,0
M,42,18000.0,694,0
M,36,26000.0,685,0
M,38,15000.0,694,0
M,28,50000.0,679,0
M,29,23000.0,658,2
M,42,30000.0,706,0
M,31,20000.0,686,0
M,37,13500.0,674,0
M,43,40000.0,727,0
M,29,25000.0,648,0
M,30,44500.0,676,3
F,26,13000.0,662,0
M,45,18500.0,704,0
M,24,14000.0,689,0
M,24,18000.0,673,0
M,23,23000.0,660,0
M,38,14000.0,668,16
M,26,12000.0,694,0
M,38,26800.0,712,0
M,24,16000.0,665,0
M,45,40000.0,676,17
M,28,11000.0,673,0
F,29,34000.0,685,0
M,29,12000.0,688,0
M,23,17000.0,681,0
M,22,42000.0,677,0
M,27,34500.0,672,0
M,35,25000.0,696,0
F,49,30200.0,682,0
M,34,22400.0,691,0
M,23,25000.0,689,0
M,24,40000.0,661,3
M,35,14600.0,702,0
M,22,20000.0,682,0
M,27,32000.0,683,1
M,38,55000.0,739,14
M,32,20000.0,670,0
M,56,22000.0,680,7
M,36,30000.0,656,7
M,40,29000.0,704,0
F,33,33000.0,679,1
M,36,65000.0,697,0
M,30,11500.0,647,2
M,23,40000.0,664,1
M,26,40000.0,695,0
F,39,45000.0,677,0
M,31,38000.0,668,2
M,33,13000.0,696,0
M,33,25000.0,711,0
M,30,62000.0,675,0
M,38,60000.0,626,18
M,24,14500.0,667,1
F,32,25000.0,699,0
M,42,15000.0,673,2
M,46,20000.0,694,0
F,32,13000.0,669,5
M,28,23000.0,663,0
M,46,40000.0,715,0
M,36,26000.0,650,0
M,22,21500.0,674,0
M,26,25000.0,700,0
M,25,24000.0,655,0
M,34,20000.0,689,2
M,23,28000.0,680,0
M,31,25000.0,680,0
M,26,14000.0,690,0
M,34,15000.0,667,20
M,44,25000.0,703,4
M,50,40000.0,653,0
M,24,20000.0,684,0
M,40,35000.0,683,0
F,25,15000.0,689,0
M,23,22000.0,690,0
M,45,15000.0,688,0
M,31,20000.0,697,0
M,25,14000.0,664,1
M,38,22000.0,677,0
F,42,31000.0,669,0
M,34,25000.0,709,1
F,40,30000.0,699,7
M,28,15000.0,679,0
M,28,20000.0,671,0
M,31,33500.0,675,1
M,24,20000.0,680,0
M,31,17500.0,673,0
M,22,30000.0,669,0
M,36,20000.0,698,0
M,45,50000.0,692,0
M,49,54250.0,719,0
M,39,25000.0,698,7
M,26,35000.0,664,0
M,44,25000.0,691,0
M,27,25000.0,603,0
M,32,19600.0,710,0
M,23,18300.0,678,0
M,34,35000.0,644,0
M,49,30000.0,689,0
M,42,28000.0,663,0
M,37,25000.0,677,0
M,27,10500.0,667,0
M,26,17500.0,681,0
F,34,18000.0,689,0
M,25,15000.0,653,0
M,37,24500.0,661,3
F,42,16900.0,675,0
M,32,15000.0,673,0
M,22,45000.0,674,8
M,57,27500.0,672,5
M,30,25000.0,658,0
M,33,28000.0,660,0
M,31,17000.0,682,0
M,43,12000.0,664,17
M,28,18000.0,695,0
M,38,30000.0,678,8
F,43,35000.0,670,4
F,64,20000.0,705,0
M,35,47000.0,682,0
F,29,21000.0,697,0
M,51,20000.0,658,16
F,24,50000.0,643,0
M,36,80000.0,658,0
F,42,30000.0,671,0
M,24,50000.0,686,0
M,39,27500.0,682,5
F,36,20000.0,664,0
F,30,13000.0,679,0
F,43,28000.0,623,0
M,38,18000.0,702,0
M,48,40000.0,673,0
M,42,30000.0,718,1
M,34,23000.0,668,3
M,29,50000.0,701,0
M,24,10300.0,673,0
M,28,30000.0,680,2
M,28,30000.0,685,0
M,33,35000.0,672,0
M,22,20000.0,676,0
M,32,50000.0,660,0
M,37,30000.0,691,0
M,41,19500.0,680,0
M,42,35000.0,698,0
M,52,31800.0,677,0
M,49,34000.0,650,5
M,21,18500.0,657,4
M,36,35000.0,706,0
M,34,51809.0,687,0
M,24,25000.0,677,0
M,38,17000.0,707,13
M,58,15000.0,698,0
M,25,17000.0,664,9
M,32,23500.0,679,4
F,52,14300.0,714,0
M,22,30000.0,673,0
F,46,16000.0,683,0
M,34,25000.0,658,1
M,44,38000.0,697,0
M,35,60000.0,678,1
M,44,30000.0,687,0
M,51,44000.0,689,3
M,32,40000.0,651,2
M,27,21500.0,684,0
M,36,40000.0,657,2
M,31,20000.0,673,16
M,31,14000.0,698,0
F,48,13000.0,666,0
M,31,50000.0,674,1
M,30,20000.0,700,0
M,35,30000.0,703,0
M,34,29500.0,694,0
F,42,50000.0,695,0
M,38,40000.0,738,0
F,32,28000.0,723,0
F,38,18000.0,654,7
M,36,27000.0,709,0
M,58,35000.0,669,6
M,39,25000.0,700,0
M,25,50000.0,693,0
M,34,30000.0,689,10
M,29,40000.0,682,4
M,33,16000.0,734,0
M,32,35000.0,681,0
M,39,20000.0,690,0
M,37,40000.0,705,0
M,25,30000.0,680,0
F,30,45200.0,672,1
M,22,30000.0,651,0
F,34,17000.0,663,0
M,26,27500.0,688,0
M,32,8500.0,713,0
M,36,30000.0,690,0
M,24,18000.0,679,3
M,29,17869.0,673,1
M,36,24000.0,680,0
M,43,22000.0,657,0
F,41,23000.0,686,0
M,34,25000.0,684,10
M,29,21000.0,683,0
M,50,30000.0,676,0
M,25,20000.0,690,0
M,28,30000.0,677,0
M,43,35000.0,646,3
M,30,20000.0,694,0
M,27,40000.0,681,0
M,25,28000.0,686,0
M,45,23000.0,696,0
M,57,25000.0,701,1
M,38,27000.0,663,13
M,50,50000.0,666,0
M,21,15000.0,669,1
M,33,25000.0,691,0
M,28,29000.0,692,0
M,30,30000.0,665,0
M,29,37500.0,687,0
M,28,18000.0,665,0
M,22,13000.0,688,0
M,35,35000.0,727,0
M,38,10.0,693,0
M,28,32000.0,674,0
M,38,50000.0,692,9
M,25,30000.0,675,0
F,39,20000.0,679,0
M,34,29000.0,665,5
M,30,43500.0,653,0
M,23,50000.0,655,3
M,25,40000.0,682,1
M,37,21000.0,712,0
M,46,32000.0,698,1
M,37,35000.0,671,11
M,26,14000.0,674,0
M,29,40000.0,678,0
M,34,30000.0,707,0
M,36,25000.0,671,0
M,30,15000.0,689,0
F,43,40000.0,709,0
M,29,25000.0,668,0
M,25,16000.0,656,0
M,59,23000.0,680,0
M,39,25000.0,692,3
M,35,28000.0,700,3
M,26,25000.0,693,0
M,27,18000.0,655,1
M,28,14000.0,657,1
M,37,60000.0,683,0
F,36,15000.0,683,0
M,21,60000.0,678,0
M,31,45000.0,683,0
M,29,23000.0,712,0
M,29,50000.0,667,0
F,22,18000.0,667,10
F,31,65000.0,715,0
M,42,45000.0,680,0
M,27,25000.0,676,0
M,34,33000.0,710,3
M,55,8500.0,711,4
M,28,40000.0,672,0
M,32,35000.0,690,0
M,25,18000.0,687,0
M,34,20000.0,702,0
M,47,35000.0,682,0
F,44,25000.0,661,4
M,47,12000.0,689,0
M,24,8500.0,732,0
M,37,21000.0,743,0
M,42,32000.0,713,1
M,48,50000.0,684,0
M,42,40000.0,711,0
M,21,12000.0,680,0
M,34,25000.0,665,0
F,42,30000.0,683,1
M,33,28500.0,659,0
F,26,20000.0,684,0
F,43,12000.0,659,8
M,28,18000.0,691,0
M,43,12000.0,679,3
M,27,14000.0,695,0
F,36,10000.0,649,0
M,28,30000.0,710,0
M,28,18000.0,658,0
M,32,23500.0,693,2
M,26,13500.0,667,0
M,40,22000.0,687,6
M,30,18000.0,683,0
F,38,150000.0,672,0
M,37,23000.0,698,0
M,38,25000.0,682,0
M,30,25900.0,694,0
M,30,20000.0,673,3
F,30,15000.0,689,0
F,46,65000.0,672,0
M,30,21600.0,683,0
M,40,18000.0,656,2
M,31,38000.0,672,3
M,29,18000.0,680,0
M,26,20000.0,645,1
M,25,22000.0,685,0
M,21,25000.0,666,0
M,30,38000.0,686,0
M,31,60000.0,669,0
M,27,15000.0,667,1
M,27,10000.0,664,0
M,26,17278.0,687,0
M,39,20000.0,687,0
M,48,20000.0,692,0
M,27,50000.0,650,0
M,30,30000.0,687,0
F,26,24500.0,656,1
M,36,18000.0,713,0
F,41,35000.0,665,0
M,43,3500.0,662,0
M,28,14000.0,689,0
M,22,10000.0,679,0
M,25,35000.0,654,0
F,40,20000.0,677,4
M,39,34500.0,711,7
M,35,20000.0,691,0
M,32,32000.0,703,0
F,21,20000.0,692,0
M,26,18000.0,678,16
M,58,25000.0,669,1
M,29,20000.0,703,0
M,39,12000.0,699,0
M,31,30000.0,668,0
M,42,60000.0,687,0
M,22,21000.0,664,0
M,23,30000.0,657,0
M,35,15000.0,704,0
M,23,35000.0,677,0
M,25,15000.0,685,0
F,41,28500.0,667,0
M,33,12000.0,707,0
M,30,31000.0,676,6
M,36,37500.0,698,0
F,27,36500.0,686,0
M,27,15000.0,673,0
F,36,20000.0,680,3
M,29,28000.0,678,0
M,36,20000.0,677,1
M,31,24000.0,673,0
F,48,35000.0,688,0
M,36,33000.0,678,0
M,37,22000.0,714,0
F,35,15000.0,693,0
M,27,10000.0,685,0
M,29,45000.0,683,0
M,39,19500.0,694,0
M,41,20000.0,675,0
M,26,18000.0,679,0
M,26,35000.0,658,0
M,33,18000.0,673,0
M,23,10000.0,656,1
M,29,20000.0,671,1
M,24,30000.0,689,0
M,25,30000.0,680,0
F,35,30500.0,680,0
M,40,31000.0,710,0
M,41,20000.0,675,0
F,54,16490.0,644,1
M,34,25000.0,671,0
M,32,17000.0,676,0
M,32,14900.0,671,0
M,23,10000.0,673,0
M,53,40000.0,674,0
M,31,23500.0,685,0
F,25,20000.0,689,0
F,46,25000.0,679,1
M,45,26000.0,676,0
M,30,14000.0,683,1
M,38,18000.0,653,1
M,29,25000.0,669,0
M,33,10000.0,650,1
M,25,13000.0,656,0
M,35,17000.0,681,0
F,28,20000.0,685,0
M,30,24200.0,687,3
M,26,28000.0,680,0
M,30,28000.0,687,0
F,34,20000.0,718,0
M,40,40000.0,720,0
M,30,15000.0,670,4
M,36,44600.0,702,12
M,24,30000.0,672,11
M,31,18000.0,705,0
M,50,50000.0,656,2
M,45,12000.0,694,0
M,38,12000.0,680,4
M,34,23500.0,718,22
F,47,26000.0,694,0
M,62,25000.0,715,1
M,28,55000.0,664,15
M,22,36500.0,659,0
M,31,20000.0,668,0
M,34,32000.0,675,4
M,36,20000.0,677,0
M,24,19000.0,713,0
M,31,12800.0,689,3
M,61,25000.0,682,4
F,30,45000.0,702,0
M,43,50000.0,671,21
M,23,25000.0,682,0
F,39,26000.0,706,0
M,31,30000.0,693,0
M,39,18000.0,680,0
M,40,20000.0,685,0
M,33,25000.0,736,0
M,34,30000.0,685,1
M,44,20000.0,703,0
M,24,28000.0,655,0
M,33,17500.0,643,2
M,25,35000.0,653,3
M,34,21000.0,697,0
F,43,24000.0,702,0
F,34,22000.0,686,0
M,30,35000.0,678,0
M,44,18500.0,711,0
M,27,32500.0,681,0
M,35,18000.0,683,0
M,24,70000.0,660,2
M,56,35000.0,688,0
M,36,23000.0,667,2
M,27,10000.0,697,8
M,45,28000.0,681,0
M,29,29000.0,706,0
M,43,25000.0,681,0
M,63,48000.0,731,0
M,27,6000.0,639,0
M,26,20000.0,664,1
M,41,55000.0,665,0
M,35,28000.0,692,0
M,25,21000.0,666,0
M,36,20000.0,702,16
M,25,28500.0,709,0
M,22,22000.0,667,0
M,34,15000.0,685,0
F,28,47000.0,684,0
F,53,12000.0,697,0
M,23,13265.0,687,0
M,29,25000.0,638,4
M,30,25000.0,701,0
M,26,20000.0,657,1
M,27,25000.0,699,0
M,31,45000.0,677,0
M,47,30000.0,694,0
M,24,28000.0,687,0
M,36,25000.0,705,0
M,27,25000.0,661,2
M,24,20000.0,672,4
M,25,20000.0,665,0
M,29,35000.0,663,4
M,30,45000.0,663,8
M,36,15500.0,686,0
M,26,25000.0,674,0
M,41,25000.0,669,0
M,38,43000.0,679,4
M,32,20000.0,667,2
M,40,15000.0,721,5
M,23,14000.0,678,0
M,39,4000.0,685,0
M,42,10500.0,689,0
F,46,50000.0,679,0
M,31,25000.0,683,0
M,38,45000.0,725,0
M,57,23000.0,745,2
M,29,28000.0,673,0
M,37,23002.0,656,0
M,27,19000.0,681,0
M,35,35000.0,678,0
M,32,40000.0,678,0
M,42,15000.0,699,0
M,32,40000.0,699,0
M,31,30000.0,674,4
M,26,25000.0,657,0
M,50,19000.0,684,0
M,29,25000.0,610,0
M,33,25000.0,671,0
M,21,16000.0,653,1
M,29,20000.0,676,2
M,61,45000.0,679,0
M,35,16000.0,700,0
M,26,25000.0,656,0
M,42,15000.0,685,11
M,31,13000.0,691,0
M,26,20000.0,692,0
M,23,19000.0,668,0
M,27,32000.0,690,0
M,32,50000.0,662,2
M,37,35000.0,636,7
M,22,25000.0,696,0
M,30,17000.0,664,1
M,29,25000.0,669,15
M,60,28000.0,697,0
M,24,30000.0,710,0
M,43,15000.0,680,0
M,45,23000.0,678,0
M,43,30000.0,695,0
M,31,30000.0,674,7
M,37,14116.0,678,0
M,40,24500.0,681,0
M,27,19000.0,685,1
M,34,30000.0,718,0
M,28,30000.0,680,0
M,27,24000.0,657,2
M,24,20000.0,677,8
M,46,8000.0,673,1
M,42,20000.0,710,0
M,53,50000.0,687,0
M,31,35000.0,684,0
M,25,25000.0,652,3
M,40,4000.0,656,3
M,30,21000.0,677,0
M,38,25000.0,714,0
M,43,30000.0,663,0
M,46,18000.0,655,2
F,30,35000.0,653,3
M,43,25000.0,677,2
M,45,10.0,691,0
M,21,27500.0,631,0
M,33,17000.0,696,0
M,39,14500.0,690,0
M,25,26000.0,690,0
M,28,35000.0,650,0
M,31,15000.0,707,0
M,32,25000.0,665,6
M,26,15000.0,684,5
M,38,45000.0,687,0
M,23,29000.0,650,0
M,31,30000.0,657,0
M,29,16000.0,701,0
M,43,25000.0,667,1
M,28,22000.0,702,0
M,60,40000.0,693,0
M,23,18000.0,688,0
M,32,28500.0,649,4
M,25,25000.0,668,1
M,56,30000.0,685,0
M,28,12000.0,674,6
M,59,75000.0,668,0
M,26,45000.0,672,0
M,24,18000.0,687,2
M,32,22000.0,690,0
M,24,15000.0,680,0
M,33,17000.0,660,0
M,61,30000.0,692,1
M,26,20000.0,676,2
M,29,26000.0,679,0
F,37,42000.0,682,0
M,35,35000.0,687,2
M,30,20000.0,689,0
M,24,18000.0,640,0
M,44,13000.0,724,0
F,33,50000.0,682,0
M,42,38500.0,703,0
M,41,12300.0,695,0
M,32,30000.0,681,3
M,46,18000.0,700,2
M,28,34000.0,695,2
M,44,22000.0,676,0
M,32,15000.0,674,0
M,35,18000.0,654,11
M,32,23000.0,693,0
M,34,26000.0,716,0
M,31,45000.0,668,0
M,36,19000.0,701,16
M,34,38000.0,673,0
M,25,25000.0,699,0
M,22,25000.0,688,0
M,42,25000.0,715,0
M,35,23000.0,680,0
M,43,36000.0,681,0
M,36,35000.0,676,0
M,28,15000.0,666,4
M,26,12000.0,706,0
M,38,25000.0,693,15
M,42,25000.0,643,0
M,36,28000.0,674,0
M,38,20000.0,689,0
M,26,22000.0,679,0
M,36,22000.0,698,0
M,30,70000.0,653,3
M,37,15000.0,675,0
M,35,15000.0,668,0
F,22,50000.0,661,0
F,52,25000.0,700,0
M,27,24000.0,685,0
M,42,30000.0,690,0
M,36,45000.0,684,0
M,31,12500.0,655,0
M,25,10.0,684,0
M,21,150000.0,666,3
M,32,30000.0,664,1
F,25,35000.0,644,0
F,35,14000.0,674,0
M,42,24000.0,688,1
M,36,9500.0,682,1
M,42,23000.0,646,4
M,22,50000.0,675,1
M,42,48000.0,678,11
M,22,15000.0,675,0
M,27,20000.0,689,0
M,30,12500.0,687,0
M,29,42000.0,693,0
M,26,12000.0,663,0
M,22,22000.0,691,0
M,26,12000.0,679,1
M,38,26000.0,684,0
M,24,40000.0,657,0
M,26,18300.0,677,2
M,40,56500.0,700,1
M,33,35000.0,686,0
M,49,57000.0,740,0
M,32,35000.0,684,0
M,29,25000.0,667,3
M,28,16000.0,702,0
M,27,32000.0,677,0
M,36,15000.0,713,0
M,28,17000.0,708,0
M,38,18000.0,694,2
M,46,26500.0,690,0
F,41,14500.0,677,0
M,21,50000.0,635,0
M,38,22000.0,682,0
M,24,26000.0,658,2
M,24,20000.0,659,4
M,30,35000.0,688,0
M,31,20000.0,685,7
M,38,21900.0,694,0
M,39,16000.0,692,0
M,23,72000.0,688,0
M,22,20000.0,668,3
M,46,20000.0,677,1
M,26,50000.0,681,5
M,26,20000.0,640,10
M,27,15000.0,646,0
M,27,19000.0,656,1
M,33,60000.0,706,2
M,33,26000.0,666,0
M,24,16300.0,687,0
M,27,80000.0,697,0
M,29,35000.0,673,0
M,38,25000.0,699,3
M,41,18500.0,681,0
M,28,45000.0,672,0
M,39,20000.0,682,0
F,49,15000.0,669,0
M,31,50000.0,682,0
M,54,60000.0,689,0
M,24,35000.0,688,0
M,22,15000.0,665,3
M,24,25000.0,682,0
M,22,25000.0,682,0
M,28,35000.0,683,0
M,36,18000.0,698,0
M,51,70000.0,718,6
M,38,25000.0,655,0
M,33,10000.0,689,0
M,28,30000.0,655,2
M,24,20000.0,667,0
M,48,30000.0,715,0
M,26,80000.0,612,11
M,28,20000.0,651,5
M,21,16000.0,658,0
F,36,25000.0,690,0
M,37,20000.0,725,0
M,30,32000.0,675,0
F,33,16000.0,682,2
M,24,18000.0,696,0
F,29,12500.0,679,0
M,22,15000.0,681,0
M,31,25000.0,687,0
M,33,12000.0,713,0
M,42,25000.0,690,3
M,39,60000.0,702,4
M,35,35000.0,700,0
M,57,25000.0,702,10
M,40,17000.0,697,0
M,50,17500.0,667,2
M,33,42000.0,666,5
M,23,15500.0,651,0
M,33,19000.0,690,0
M,28,25000.0,688,1
M,33,30000.0,668,0
F,34,42000.0,697,3
M,40,85000.0,695,0
M,24,12350.0,697,0
M,21,15000.0,682,0
M,35,35000.0,638,1
M,34,30000.0,661,1
M,23,28000.0,676,2
M,29,17000.0,691,0
M,31,24500.0,663,0
M,31,23000.0,716,0
M,27,22000.0,686,0
M,22,19800.0,693,0
M,31,18000.0,672,0
M,30,30000.0,691,0
M,33,26500.0,681,4
M,27,20000.0,680,0
M,25,14000.0,665,2
M,37,17500.0,690,6
M,49,23000.0,697,0
M,30,26500.0,667,2
M,27,27000.0,668,7
M,33,30000.0,663,0
M,28,13000.0,665,3
M,30,55000.0,670,0
M,25,20000.0,681,0
M,33,14000.0,675,0
M,32,35000.0,690,0
M,32,25000.0,713,0
M,27,55000.0,693,2
M,29,15000.0,673,0
M,38,31000.0,716,12
M,32,30000.0,707,0
M,41,40000.0,701,8
M,24,26500.0,667,3
F,26,16000.0,668,0
M,30,18000.0,706,0
F,34,13000.0,687,0
M,30,38000.0,686,0
M,53,85000.0,663,0
F,49,28000.0,691,14
M,29,45000.0,679,0
M,27,25000.0,685,2
M,23,22000.0,685,0
M,30,15000.0,691,0
M,27,18000.0,669,0
M,26,60000.0,687,0
M,21,25000.0,676,0
M,27,20000.0,678,0
M,30,30000.0,686,23
M,50,30000.0,697,0
M,32,37000.0,681,0
M,21,12500.0,666,0
M,22,12500.0,685,0
M,30,45000.0,656,0
M,39,23000.0,707,0
M,33,30000.0,686,0
M,34,28000.0,678,0
M,31,15000.0,676,12
F,45,18000.0,667,2
F,21,22500.0,670,0
M,25,16500.0,651,0
M,28,25000.0,691,0
M,30,10500.0,684,0
M,31,65000.0,675,0
M,27,30000.0,652,9
M,25,30000.0,684,0
M,33,40000.0,649,1
F,33,33000.0,688,0
M,45,22000.0,672,10
F,47,25000.0,676,0
M,45,28000.0,712,0
M,38,25000.0,682,0
F,40,12000.0,690,0
M,29,20000.0,656,4
M,29,30000.0,651,1
M,28,30000.0,665,0
M,33,21000.0,671,0
F,36,20000.0,682,0
M,24,28000.0,676,0
M,32,25000.0,673,0
M,24,25000.0,691,0
M,41,22000.0,687,0
M,49,20000.0,669,1
M,30,22000.0,668,0
F,28,14200.0,684,0
M,24,14500.0,669,2
M,28,34000.0,669,0
M,44,30000.0,671,0
M,22,32000.0,632,1
M,40,27000.0,716,0
M,21,34000.0,689,0
M,32,30000.0,675,4
M,29,23000.0,661,28
F,34,17500.0,697,0
M,32,45000.0,700,0
F,24,25000.0,656,0
M,44,18000.0,678,0
M,28,23000.0,693,0
F,43,37000.0,671,0
F,39,40000.0,644,0
M,40,17300.0,688,0
M,31,20000.0,656,3
M,48,20000.0,690,3
M,31,33000.0,683,2
M,34,18000.0,693,0
M,34,22000.0,709,0
M,27,40000.0,690,0
M,39,35000.0,658,1
M,21,14000.0,669,0
M,29,25000.0,673,1
M,23,16000.0,676,0
M,25,25000.0,667,0
M,36,20000.0,678,4
M,31,20000.0,679,0
M,21,12500.0,685,0
F,46,11000.0,691,0
M,47,20000.0,672,6
M,28,37000.0,657,0
M,39,44500.0,738,7
M,29,20000.0,702,14
M,42,28000.0,677,0
M,51,35000.0,657,3
M,24,22850.0,674,0
M,30,18000.0,684,0
M,27,24000.0,673,0
M,38,39000.0,682,0
M,40,10000.0,676,0
M,46,14455.0,684,0
M,26,14500.0,667,2
M,29,28000.0,669,0
F,25,15000.0,633,4
M,47,15000.0,687,0
M,23,38000.0,655,1
M,33,18000.0,688,7
F,37,30000.0,678,0
M,33,14000.0,682,2
M,29,30000.0,664,1
M,34,25000.0,672,0
M,32,55000.0,688,1
M,28,15000.0,671,0
M,36,28000.0,658,3
M,22,20000.0,692,0
M,26,18000.0,670,0
F,43,20000.0,670,0
M,23,40000.0,681,0
M,21,24000.0,639,0
M,28,25000.0,698,0
M,41,20000.0,663,2
M,25,12000.0,663,0
M,23,25000.0,705,0
F,33,25000.0,670,0
M,52,24000.0,710,0
M,25,23000.0,661,0
M,30,28000.0,680,0
M,27,18000.0,651,0
M,27,30000.0,667,0
F,21,24000.0,676,0
M,42,25000.0,699,14
M,28,14000.0,658,0
M,21,25000.0,675,0
M,26,25000.0,685,2
F,29,28000.0,679,0
M,41,50000.0,722,14
F,43,15000.0,692,0
F,30,21000.0,629,1
F,52,18000.0,688,10
F,23,45000.0,656,0
M,45,65000.0,698,0
M,24,24000.0,680,1
M,46,40000.0,699,0
M,24,16000.0,690,0
M,30,23000.0,678,0
F,42,15000.0,706,0
M,29,10200.0,699,0
M,22,19000.0,669,7
M,48,25000.0,732,0
M,38,10000.0,670,11
M,33,22000.0,687,0
M,26,16000.0,659,5
M,33,22000.0,672,0
M,23,14000.0,694,0
F,42,30000.0,685,1
M,39,15000.0,678,0
M,31,30000.0,668,4
F,25,20000.0,681,0
M,44,25000.0,741,0
M,25,42800.0,653,0
M,27,18000.0,680,0
F,43,16000.0,680,0
M,42,40000.0,684,0
M,21,20000.0,688,0
M,52,30000.0,680,1
M,23,20000.0,674,6
M,25,19500.0,667,0
M,23,15000.0,728,1
M,42,30000.0,674,1
M,53,18000.0,641,3
M,44,18000.0,678,0
M,35,20000.0,673,0
M,55,25000.0,721,0
M,35,20000.0,706,0
M,43,30000.0,725,0
M,48,19000.0,691,0
M,29,70000.0,694,3
M,44,18326.0,647,3
M,29,10000.0,665,2
M,23,30000.0,672,0
M,48,32000.0,742,0
M,29,16000.0,694,3
F,38,14000.0,690,0
M,32,16450.0,692,0
M,27,28000.0,635,0
F,41,10000.0,671,0
M,52,40000.0,674,0
M,36,18500.0,691,1
M,46,30000.0,656,1
M,33,25000.0,669,14
M,26,13000.0,647,0
M,25,15000.0,673,0
M,28,35000.0,617,4
F,43,35000.0,666,2
M,35,25000.0,669,11
M,35,25000.0,693,0
M,34,18000.0,699,0
M,37,70000.0,683,2
M,26,10000.0,682,0
M,40,20000.0,683,0
M,26,10000.0,684,0
M,37,17500.0,694,6
F,31,22000.0,674,14
M,37,21500.0,697,0
F,33,28000.0,683,0
M,26,15000.0,681,6
M,24,35000.0,668,0
M,35,13000.0,688,2
M,31,15000.0,638,0
M,31,14000.0,689,0
M,47,25500.0,676,1
M,23,23000.0,655,0
M,28,22000.0,694,0
M,35,12000.0,699,0
M,26,13000.0,660,1
M,36,16200.0,672,0
M,35,30000.0,710,2
M,27,11000.0,693,0
M,28,18000.0,654,10
M,25,30000.0,669,0
M,23,23500.0,679,0
M,40,23000.0,648,2
M,31,21000.0,673,0
M,24,19000.0,669,0
M,36,15000.0,690,0
M,41,16000.0,683,31
M,36,24000.0,673,0
M,49,40000.0,686,0
M,27,34000.0,690,0
F,30,13000.0,671,0
M,26,16000.0,686,0
M,42,65000.0,688,0
M,40,25000.0,650,0
F,32,11000.0,695,0
M,32,17000.0,644,7
M,37,30000.0,682,0
M,49,23568.0,689,0
F,49,28500.0,670,1
M,31,12000.0,703,0
M,30,18000.0,683,0
M,28,30000.0,694,0
M,28,10000.0,655,0
M,22,27000.0,649,7
M,36,40000.0,644,9
M,33,24000.0,690,6
M,48,22000.0,707,0
M,32,16000.0,665,16
M,38,15000.0,679,3
M,34,22000.0,668,1
M,44,16085.0,658,8
F,32,20000.0,673,0
M,25,35000.0,647,0
M,24,30000.0,690,0
M,22,23000.0,677,0
F,38,15000.0,671,12
M,41,20000.0,695,0
F,40,60000.0,702,0
M,31,10000.0,677,0
F,29,32000.0,643,0
M,47,50000.0,632,1
M,22,18000.0,692,0
M,25,20000.0,676,0
M,42,43000.0,680,0
M,48,17000.0,676,0
M,23,30000.0,663,0
M,22,13500.0,675,0
M,50,35000.0,744,0
M,25,33000.0,656,1
M,43,36500.0,692,0
M,47,32000.0,747,0
M,31,60000.0,688,0
M,54,45000.0,688,0
M,34,15000.0,684,0
M,40,25000.0,692,18
M,28,23000.0,693,0
M,23,18000.0,645,0
M,39,31000.0,704,0
M,28,18000.0,697,0
M,24,20000.0,658,0
M,22,18000.0,683,0
M,36,43000.0,626,34
M,30,20000.0,674,5
M,45,6.0,740,0
M,31,20000.0,689,0
M,24,34000.0,640,1
M,32,20000.0,667,0
F,38,5000.0,712,0
M,23,11000.0,677,0
M,47,12000.0,723,0
M,30,25000.0,677,0
M,24,10.0,689,0
M,55,35000.0,696,0
M,43,25000.0,696,0
M,29,17000.0,658,6
M,40,28000.0,668,0
M,35,20000.0,674,5
M,22,14000.0,667,0
M,30,36000.0,671,0
M,33,20000.0,685,2
F,35,13000.0,732,0
F,38,65000.0,688,2
M,23,22000.0,675,0
M,45,100000.0,661,1
M,31,15000.0,663,8
M,32,35000.0,675,0
M,27,22000.0,676,0
M,38,15000.0,682,0
M,29,15500.0,677,0
M,23,22000.0,685,0
M,38,12000.0,698,0
M,33,18000.0,692,7
M,47,35000.0,673,3
M,39,28000.0,662,0
M,30,40000.0,686,0
M,22,35000.0,671,2
M,33,20000.0,685,0
M,49,20500.0,656,0
M,25,18000.0,662,0
M,30,20000.0,678,0
M,40,15000.0,670,1
M,21,18600.0,684,0
M,22,23000.0,659,4
M,22,15000.0,660,0
M,25,23000.0,679,0
F,29,20000.0,682,0
F,24,15000.0,701,0
M,23,26000.0,690,0
M,39,38000.0,672,2
M,32,34000.0,673,0
M,34,20000.0,679,1
M,35,23000.0,710,0
F,54,25000.0,711,0
M,48,30000.0,713,0
M,37,22000.0,648,18
M,24,40000.0,667,3
M,27,20000.0,681,0
M,41,24000.0,705,0
M,34,23000.0,668,0
F,28,25000.0,675,3
M,27,37000.0,686,0
M,36,25000.0,701,0
M,33,8000.0,687,0
M,58,30000.0,691,0
F,30,28000.0,691,0
F,34,16000.0,704,0
M,21,28000.0,688,0
M,30,24000.0,688,0
M,34,24000.0,718,0
F,45,20000.0,701,0
M,24,23000.0,681,0
M,43,37000.0,700,0
M,23,15000.0,685,0
M,45,25000.0,701,0
F,25,22000.0,664,2
M,35,39000.0,676,0
F,58,15000.0,711,0
F,34,42000.0,660,0
M,27,24656.0,674,2
M,27,10000.0,677,0
M,27,18000.0,665,1
M,57,30000.0,688,8
M,34,44000.0,691,0
M,21,24000.0,717,0
M,43,30000.0,676,4
M,36,18000.0,688,0
M,27,22000.0,683,0
M,50,48000.0,680,0
M,28,18000.0,682,0
M,24,33500.0,675,0
F,41,35000.0,701,0
M,21,10000.0,651,0
M,23,80000.0,684,0
M,38,25000.0,666,7
M,29,25000.0,669,4
M,22,20500.0,635,0
M,44,30000.0,639,8
M,32,18790.0,682,0
M,30,27000.0,675,3
M,50,23700.0,688,0
M,33,15000.0,662,0
M,48,24000.0,696,0
M,24,15500.0,685,0
M,51,12000.0,728,0
M,28,15000.0,658,4
F,27,28000.0,675,0
M,34,25000.0,655,1
M,39,21000.0,676,0
M,33,40000.0,680,2
M,45,30000.0,705,0
M,40,22000.0,735,0
M,27,50000.0,686,25
M,22,13800.0,670,5
M,26,20000.0,690,0
M,25,50000.0,677,0
M,29,40000.0,671,0
M,21,13000.0,661,0
M,28,27000.0,696,2
M,29,17000.0,693,0
M,28,20000.0,668,0
F,25,25000.0,699,0
M,50,40000.0,684,0
M,28,20000.0,691,0
M,24,12000.0,666,4
M,29,75000.0,668,3
M,24,14500.0,693,0
M,51,18000.0,690,0
M,30,20000.0,546,0
M,36,27000.0,694,9
M,32,54000.0,685,0
M,39,25000.0,718,0
M,30,40000.0,712,0
M,34,25000.0,703,0
F,27,30000.0,675,0
F,33,25000.0,661,0
M,29,25000.0,681,1
M,37,30000.0,692,0
M,23,40000.0,671,0
M,27,10000.0,675,0
M,35,20000.0,674,0
M,28,18000.0,685,0
M,23,18000.0,684,0
M,44,25000.0,679,0
M,52,32000.0,703,0
M,50,45000.0,674,5
M,32,16000.0,685,0
M,34,25000.0,686,4
M,40,35000.0,684,1
M,32,33500.0,676,1
M,34,26000.0,679,2
M,45,20687.0,689,0
M,34,45000.0,678,1
M,24,29000.0,682,0
M,24,11.0,665,1
M,55,60000.0,756,0
F,31,16000.0,672,0
M,23,15000.0,663,1
M,30,15000.0,684,0
F,31,25000.0,680,0
M,33,20000.0,675,0
M,26,24000.0,674,1
F,56,45000.0,682,1
M,32,20000.0,687,0
M,50,25000.0,720,0
M,58,50000.0,725,0
M,51,16500.0,704,0
M,50,50000.0,671,0
M,23,25000.0,674,1
F,41,15000.0,656,1
M,35,20000.0,676,0
M,34,78000.0,686,0
M,60,25000.0,689,0
M,26,28000.0,660,0
M,50,40000.0,741,0
M,32,25000.0,661,2
M,37,25000.0,706,1
F,54,30000.0,672,0
M,29,30000.0,703,0
M,29,10000.0,682,0
M,62,30000.0,691,12
M,22,68000.0,656,0
M,49,25000.0,691,0
M,23,30000.0,666,4
M,28,20000.0,672,8
M,38,43000.0,686,16
M,52,15000.0,667,2
M,38,25000.0,702,0
M,25,18000.0,668,0
M,39,20000.0,685,0
M,37,13000.0,683,0
M,27,35000.0,683,0
F,26,14000.0,671,0
M,44,40000.0,687,0
M,33,17000.0,693,1
M,30,28000.0,681,0
M,26,21500.0,677,0
M,29,18500.0,696,0
M,28,25000.0,676,0
M,40,17000.0,678,4
F,42,10768.0,676,0
M,33,16000.0,679,0
M,40,22000.0,676,1
M,23,25000.0,681,0
M,31,28000.0,693,0
M,32,20000.0,673,0
M,36,34000.0,679,0
M,27,15000.0,683,0
M,47,40000.0,698,0
M,33,30000.0,678,0
M,44,12000.0,671,1
M,36,20000.0,698,0
M,26,20000.0,678,0
M,33,23000.0,682,0
M,23,23000.0,673,0
M,24,23500.0,680,0
M,41,90000.0,663,2
M,27,80000.0,671,0
M,41,12500.0,710,0
M,34,45000.0,683,3
M,36,13000.0,688,0
M,41,100000.0,728,0
M,37,30000.0,691,0
F,25,25000.0,651,0
M,33,23000.0,678,0
M,24,30000.0,675,0
M,26,30000.0,673,0
M,26,20500.0,657,1
M,50,31000.0,690,0
M,32,25000.0,670,0
M,34,10000.0,683,2
M,23,39500.0,691,0
M,43,28412.0,677,6
M,30,25000.0,699,0
M,27,20000.0,699,0
M,36,32000.0,723,0
M,26,45000.0,656,0
M,35,24500.0,690,0
M,27,20000.0,667,1
M,34,12000.0,681,0
M,48,25000.0,673,0
M,26,22000.0,656,2
M,35,30000.0,675,0
M,49,25000.0,694,1
M,52,40000.0,705,0
M,32,20000.0,673,13
M,30,70000.0,678,0
M,26,22500.0,655,0
M,29,40000.0,679,0
M,42,39000.0,730,1
M,77,31250.0,686,0
M,47,47000.0,680,0
M,35,11800.0,680,0
M,36,20000.0,689,0
F,37,25000.0,685,0
F,32,28500.0,716,0
M,45,30000.0,705,0
F,51,12000.0,706,13
F,52,20000.0,677,0
M,26,37000.0,685,0
M,31,22000.0,711,0
M,25,20000.0,670,0
M,28,15000.0,664,3
M,37,25000.0,707,0
F,29,19000.0,677,0
M,28,22000.0,698,0
M,31,30000.0,712,0
M,30,30000.0,650,0
M,33,25000.0,672,0
M,32,30000.0,662,1
F,30,18000.0,679,0
M,32,18000.0,685,3
M,28,35000.0,677,0
M,25,20000.0,678,0
M,33,18000.0,678,0
M,33,50000.0,667,3
M,32,15000.0,679,0
M,56,25000.0,735,0
F,54,15000.0,699,0
M,25,24000.0,676,3
F,38,28000.0,692,1
M,30,32000.0,685,0
M,37,15000.0,647,0
M,51,50000.0,691,0
M,24,18000.0,662,1
M,23,20000.0,692,0
M,45,20000.0,682,0
M,31,60000.0,684,29
M,26,15000.0,668,0
F,24,28000.0,678,4
M,22,25000.0,644,0
M,34,17000.0,680,0
M,40,45000.0,682,2
M,37,15000.0,706,15
M,30,56000.0,683,0
M,38,17000.0,689,0
M,35,24000.0,676,0
M,24,14000.0,681,0
M,51,25000.0,678,1
F,44,40000.0,631,0
M,31,13000.0,689,0
M,40,18000.0,684,2
M,34,24600.0,669,0
M,38,55000.0,677,4
M,40,18000.0,681,0
F,39,20000.0,647,0
F,35,35000.0,597,0
M,42,35000.0,698,0
F,31,18000.0,650,6
M,25,20200.0,676,0
M,35,17500.0,689,0
M,34,26000.0,713,0
M,50,20000.0,661,2
M,31,29432.0,667,0
M,43,12000.0,684,0
M,46,30000.0,694,0
M,47,18000.0,683,0
M,25,28000.0,664,0
M,42,33000.0,663,0
M,39,25000.0,670,5
M,48,17000.0,707,0
M,41,25000.0,702,0
M,22,40000.0,669,0
M,26,50000.0,684,0
M,46,45000.0,675,0
M,21,18000.0,687,0
F,32,35000.0,724,0
M,45,18000.0,657,3
M,47,30000.0,685,0
M,45,32000.0,683,0
M,37,26500.0,707,1
M,34,38000.0,703,1
M,27,20000.0,640,0
M,29,30000.0,642,0
M,30,28000.0,674,0
M,35,25000.0,659,1
M,49,25000.0,695,0
F,31,13000.0,708,0
M,22,18000.0,687,2
M,25,20000.0,653,0
M,41,40000.0,703,10
M,29,25000.0,700,0
M,24,20000.0,677,1
M,30,20000.0,690,0
F,25,25500.0,673,0
M,38,28000.0,683,0
M,25,18000.0,669,0
M,22,10000.0,688,0
M,38,25000.0,691,0
M,37,20000.0,694,0
M,26,28000.0,662,0
M,44,17000.0,677,0
M,26,50000.0,695,0
M,33,22000.0,670,2
M,54,40000.0,664,1
M,43,35000.0,704,0
M,39,25000.0,680,1
F,50,30489.0,791,0
M,28,28000.0,663,0
M,36,55000.0,681,0
M,22,15000.0,652,1
M,24,18500.0,684,0
M,36,15000.0,680,0
F,34,12000.0,692,3
M,25,17500.0,664,0
M,35,22000.0,694,5
F,36,14000.0,690,0
M,25,20000.0,683,0
M,54,30000.0,673,0
M,27,20000.0,666,0
M,28,20000.0,673,0
M,34,45000.0,682,0
M,26,18000.0,665,0
M,39,16000.0,668,0
M,21,12000.0,668,0
M,32,19500.0,660,8
M,26,28819.0,608,0
M,24,25000.0,666,0
F,36,21000.0,678,14
M,24,35000.0,679,0
M,29,22000.0,671,15
M,45,40000.0,680,0
M,23,17200.0,670,0
M,23,15000.0,673,0
M,43,35000.0,665,5
M,39,20000.0,721,0
M,45,35000.0,696,0
F,45,25000.0,720,0
M,57,20000.0,718,0
M,44,20000.0,698,0
M,46,21000.0,692,0
M,31,20000.0,701,0
M,22,25000.0,706,0
M,49,39000.0,680,1
M,40,25000.0,672,0
M,41,22000.0,696,0
F,21,15000.0,667,0
M,30,30000.0,689,24
M,25,25200.0,658,0
M,28,30000.0,676,0
M,32,30000.0,631,2
M,22,20000.0,686,0
M,43,25000.0,730,22
M,38,25000.0,674,0
M,52,67000.0,705,1
M,25,48000.0,667,0
M,34,25000.0,689,0
M,27,42500.0,690,0
M,21,14000.0,687,0
M,43,40000.0,680,0
M,28,22000.0,678,0
M,52,18000.0,673,0
M,31,18000.0,678,3
M,60,44000.0,687,0
M,26,25000.0,684,0
F,34,18500.0,643,7
M,22,10000.0,675,0
F,34,23500.0,738,0
F,35,14500.0,699,0
M,37,27000.0,723,0
M,31,70000.0,637,0
M,41,21000.0,679,0
M,33,16890.0,673,0
F,33,47000.0,638,10
F,29,25000.0,679,0
M,49,15000.0,658,1
M,47,56000.0,675,1
F,48,20000.0,672,0
M,37,23000.0,715,0
M,28,21000.0,664,2
M,23,19000.0,663,0
M,26,15000.0,664,0
F,35,18000.0,677,0
M,39,30000.0,697,4
M,44,21500.0,688,4
F,44,12000.0,697,0
M,35,45000.0,670,0
M,33,35000.0,656,0
M,28,25000.0,669,0
F,36,16000.0,691,0
M,40,30000.0,652,20
M,29,25000.0,676,0
M,31,32000.0,633,1
M,30,24000.0,710,0
M,25,35000.0,680,0
M,35,9500.0,677,4
M,29,15000.0,667,0
M,23,18000.0,664,0
M,26,16500.0,684,0
M,24,29000.0,673,0
M,42,20000.0,692,0
M,48,35000.0,667,26
M,26,8000.0,648,0
M,45,22000.0,681,0
M,43,13000.0,688,0
M,29,18558.0,673,0
M,31,14000.0,684,0
M,25,50000.0,667,0
M,32,40000.0,673,0
M,34,30000.0,669,0
M,45,22000.0,700,0
M,40,30000.0,641,0
M,33,25000.0,678,15
M,37,16500.0,679,1
M,28,20000.0,651,0
M,48,20000.0,682,0
M,44,25000.0,670,0
M,36,16300.0,647,2
M,34,24000.0,673,0
M,31,18000.0,700,0
M,26,16400.0,677,19
F,32,58000.0,675,0
M,30,15000.0,690,0
M,27,35000.0,682,0
M,35,21000.0,645,0
M,29,22000.0,669,0
M,62,35500.0,690,0
M,35,28000.0,714,0
M,22,12500.0,661,0
M,34,41000.0,654,1
M,25,25000.0,795,5
M,34,32809.0,693,0
M,35,35000.0,678,0
M,36,22000.0,691,0
F,33,11111.0,679,0
M,28,24000.0,668,4
M,41,18000.0,697,1
M,35,18000.0,672,0
M,30,35000.0,670,0
M,41,15000.0,736,0
M,39,38500.0,678,0
M,28,12000.0,707,0
M,27,20000.0,652,0
M,24,15000.0,683,0
M,37,50000.0,672,0
M,45,18000.0,672,0
F,25,18500.0,666,0
M,41,20000.0,695,5
M,29,20000.0,673,12
M,28,20000.0,683,0
M,46,23000.0,657,8
M,28,26000.0,700,0
M,40,21000.0,704,0
M,28,28000.0,696,0
M,32,12000.0,660,0
M,33,18000.0,673,4
M,47,50000.0,647,11
M,48,32000.0,693,0
M,32,22000.0,685,0
M,24,28000.0,681,0
F,32,32000.0,692,0
F,23,25000.0,684,0
M,36,19000.0,718,0
M,29,22500.0,694,0
M,46,11500.0,720,1
M,46,16000.0,693,1
M,25,18000.0,670,0
M,21,35000.0,663,0
M,43,45000.0,666,1
M,43,18000.0,718,0
M,22,25000.0,674,0
F,36,35000.0,696,0
M,26,11000.0,682,0
M,27,30000.0,671,0
M,32,10000.0,674,0
M,32,18000.0,637,2
F,33,9000.0,678,0
M,46,13500.0,685,0
F,49,22000.0,675,0
M,32,45000.0,674,0
M,30,20000.0,704,0
M,24,100000.0,678,0
M,33,13000.0,685,0
M,22,13000.0,677,0
M,31,18000.0,679,2
F,56,18000.0,688,0
M,21,19000.0,654,0
M,40,24000.0,673,0
M,26,12500.0,695,0
M,41,35000.0,700,10
M,29,22000.0,653,2
M,26,25000.0,655,10
M,40,22000.0,670,0
F,46,35000.0,620,39
M,25,15800.0,678,11
M,27,30000.0,673,0
M,55,50000.0,716,0
M,53,22000.0,725,7
M,24,22000.0,706,0
M,43,15000.0,707,0
M,51,39000.0,680,1
M,34,48000.0,710,0
M,29,38000.0,670,0
M,32,25000.0,683,0
M,28,18000.0,657,0
F,44,35000.0,687,4
F,35,18000.0,682,0
F,43,24900.0,697,0
F,27,16000.0,655,0
M,34,20000.0,658,3
M,26,20000.0,681,1
M,45,30000.0,692,0
M,27,15000.0,679,0
M,22,45000.0,680,0
M,22,25000.0,676,4
M,49,20000.0,702,0
M,52,59000.0,707,26
M,43,12852.0,694,1
M,29,50000.0,677,0
M,48,15500.0,686,0
M,23,40000.0,662,26
M,27,25000.0,659,0
F,24,30000.0,679,0
M,54,23000.0,690,3
M,24,40000.0,700,0
M,31,32000.0,684,0
M,59,40000.0,730,0
M,33,18000.0,676,5
M,22,13000.0,671,0
M,23,27000.0,695,0
M,34,25000.0,680,2
M,26,30000.0,676,0
F,35,18000.0,657,1
M,27,35000.0,675,0
M,34,22000.0,688,0
M,33,25000.0,668,0
M,48,24000.0,684,0
M,43,35000.0,696,0
M,37,25000.0,686,0
M,32,15000.0,691,0
F,29,21000.0,701,0
M,34,33000.0,666,0
M,28,15000.0,666,0
M,39,13500.0,678,0
F,26,38000.0,680,0
M,50,28500.0,685,0
M,23,18000.0,681,0
M,29,20000.0,680,0
F,30,15000.0,649,1
M,26,15000.0,684,0
F,55,79000.0,702,0
M,27,18000.0,668,1
M,54,19475.0,690,0
M,38,22000.0,670,0
M,29,20000.0,680,0
M,32,23500.0,632,0
M,33,35000.0,677,0
M,24,20000.0,673,0
F,38,12000.0,651,2
M,45,26000.0,668,2
M,35,20000.0,681,0
M,49,23000.0,674,0
M,27,12000.0,657,1
F,29,20000.0,672,0
F,44,25000.0,653,3
M,27,31000.0,700,0
M,28,25000.0,680,0
F,38,8500.0,691,0
F,40,9000.0,659,1
M,23,15000.0,656,0
M,31,20000.0,686,0
M,25,28000.0,656,0
M,29,12500.0,673,0
M,25,32000.0,675,0
M,26,55000.0,662,6
M,27,35000.0,644,0
M,27,19000.0,727,0
M,41,14800.0,677,0
M,34,13000.0,684,1
M,43,40000.0,674,0
M,35,25000.0,704,0
M,41,35000.0,679,10
M,36,22000.0,732,0
M,23,25000.0,683,0
F,36,14500.0,700,0
M,37,30000.0,693,0
F,31,18000.0,702,0
M,28,10700.0,606,0
M,38,20000.0,661,1
M,33,14000.0,673,5
F,59,100000.0,744,12
F,30,15000.0,748,1
M,33,18000.0,704,0
M,32,30000.0,679,5
M,27,16000.0,663,0
M,34,33550.0,683,0
M,25,27000.0,694,0
M,34,14000.0,675,0
M,26,30000.0,642,0
M,39,25000.0,697,0
F,33,20000.0,693,0
M,36,46500.0,669,0
M,38,18000.0,684,0
M,25,80000.0,641,2
M,24,18000.0,675,0
M,22,17800.0,643,0
M,35,30000.0,707,0
M,24,15000.0,666,0
M,29,35000.0,690,0
M,37,20000.0,680,0
M,26,25000.0,681,0
M,41,19000.0,703,0
M,47,50000.0,697,0
M,32,23000.0,681,2
M,33,28000.0,668,0
M,34,22000.0,684,0
M,28,40000.0,687,3
F,45,12000.0,670,0
M,44,40000.0,703,15
F,45,35000.0,694,0
M,24,19000.0,678,0
M,22,15000.0,684,3
M,23,19000.0,689,0
M,25,20000.0,686,4
M,34,15000.0,654,0
F,36,15000.0,674,0
F,36,25000.0,655,9
M,29,28000.0,627,2
M,28,30000.0,667,7
M,27,18000.0,662,0
M,54,18000.0,672,5
M,40,20000.0,729,0
M,37,30000.0,696,10
M,27,21000.0,692,0
F,27,35000.0,677,7
M,31,25000.0,668,0
M,42,45000.0,657,0
M,29,13000.0,716,0
M,35,17500.0,648,1
M,29,30000.0,671,1
F,40,15000.0,681,0
M,23,35000.0,683,0
M,25,15000.0,641,0
M,32,30000.0,659,0
F,28,26500.0,682,0
F,29,25500.0,682,0
F,30,10000.0,668,0
M,38,45000.0,692,0
M,35,13000.0,679,0
M,44,95000.0,641,0
M,54,30000.0,694,0
F,36,15000.0,668,8
M,55,43079.0,666,1
M,37,21161.0,684,0
M,59,37000.0,752,0
M,32,40000.0,635,2
M,21,38000.0,670,0
M,38,41000.0,690,0
M,21,15000.0,658,0
M,26,20000.0,679,1
M,30,25000.0,668,0
M,36,100000.0,658,35
M,38,30000.0,733,0
M,29,23000.0,659,11
M,25,45000.0,651,0
M,37,32000.0,717,0
F,36,80000.0,675,0
F,41,11000.0,688,0
M,27,18000.0,677,0
M,33,32500.0,687,0
M,29,25000.0,668,8
M,30,30000.0,563,3
M,28,19000.0,670,0
F,41,16000.0,657,14
F,32,16800.0,673,0
M,25,21000.0,680,0
M,23,20000.0,663,2
M,32,15400.0,702,1
M,27,20000.0,686,0
M,35,70000.0,719,0
M,29,16000.0,668,3
M,27,30000.0,681,5
M,28,10000.0,667,4
M,29,20000.0,678,0
M,26,12000.0,691,0
M,24,22000.0,679,0
F,55,43000.0,704,0
M,35,15000.0,655,0
M,38,17000.0,626,0
M,39,20000.0,692,0
M,44,16000.0,692,0
M,45,18600.0,688,0
M,26,25500.0,674,8
M,40,80000.0,662,31
M,38,27000.0,698,0
M,32,20000.0,674,0
F,31,28500.0,659,0
M,39,29000.0,676,0
M,25,40000.0,636,1
M,32,35000.0,698,9
M,39,18018.0,745,0
M,42,78500.0,670,1
M,29,30000.0,665,1
M,22,42000.0,678,0
M,30,32000.0,640,9
F,26,18000.0,655,0
M,23,15000.0,688,0
M,33,18000.0,670,3
F,25,10000.0,696,0
M,29,25000.0,671,2
M,31,13500.0,702,0
M,42,75000.0,728,0
M,40,20000.0,705,3
M,31,30000.0,666,0
M,36,10711.0,706,0
M,52,24000.0,715,0
M,40,22000.0,689,0
M,26,27500.0,683,0
M,38,25000.0,698,0
M,23,15000.0,680,0
M,45,35000.0,717,11
M,34,35000.0,681,0
M,47,25000.0,685,0
M,21,15.0,689,0
M,35,24000.0,715,0
F,44,22000.0,689,0
M,38,19000.0,676,1
M,29,20000.0,655,0
M,33,60000.0,679,0
M,28,25600.0,655,0
M,35,10000.0,668,0
M,41,22000.0,668,1
M,22,20000.0,686,0
M,26,25000.0,681,0
M,21,42000.0,668,0
F,47,30000.0,682,0
M,33,35000.0,672,10
M,25,9000.0,671,0
F,26,28000.0,668,1
M,32,15000.0,686,0
M,23,16000.0,695,0
M,32,26000.0,652,2
M,44,31500.0,688,0
F,38,51000.0,680,0
M,21,20000.0,672,0
M,23,24000.0,667,0
M,31,28500.0,682,0
M,23,27850.0,685,0
M,43,55000.0,682,0
M,24,12000.0,699,0
M,25,23000.0,673,1
M,32,29000.0,742,0
M,50,40000.0,684,1
F,43,40000.0,705,0
M,50,18600.0,675,0
M,32,15000.0,682,0
M,23,35000.0,652,0
M,29,30900.0,660,0
M,48,19000.0,690,0
M,58,45000.0,683,0
M,38,21000.0,732,0
M,30,25000.0,695,0
M,28,20000.0,678,1
M,35,75000.0,682,0
M,32,13000.0,690,0
M,30,25000.0,682,0
F,23,40000.0,684,0
M,32,16000.0,646,8
M,55,25000.0,707,0
F,47,18000.0,699,0
M,57,49000.0,677,0
M,42,35000.0,676,2
M,55,38000.0,727,15
M,26,18500.0,698,0
M,42,18000.0,690,0
M,22,30000.0,683,0
M,41,48000.0,678,0
M,49,12.0,681,3
M,49,35000.0,634,14
M,33,25000.0,695,0
M,39,17000.0,697,0
M,43,55000.0,687,1
F,44,30000.0,679,2
M,44,29839.0,710,17
M,43,15000.0,676,0
M,39,21000.0,720,0
M,32,11027.0,655,7
M,22,24000.0,673,0
M,25,26137.0,675,0
M,28,18000.0,695,0
M,27,16000.0,680,9
M,41,42500.0,724,0
M,29,35000.0,695,6
M,37,35000.0,724,0
M,39,21000.0,716,1
M,35,25000.0,721,0
M,30,20000.0,657,0
M,54,70000.0,651,0
M,44,40000.0,677,0
M,37,40000.0,597,0
M,21,24000.0,676,0
M,24,22000.0,672,0
M,28,21400.0,676,0
M,30,50000.0,674,0
M,29,30000.0,664,0
M,32,18000.0,668,2
M,35,32000.0,682,0
M,41,24500.0,718,0
F,33,20000.0,682,0
M,40,40000.0,700,2
M,27,18500.0,678,1
M,33,10000.0,688,4
M,24,20000.0,677,0
M,25,42000.0,662,0
M,36,15000.0,676,0
M,35,30000.0,687,0
M,25,20000.0,690,0
M,28,18800.0,686,0
M,31,18000.0,696,0
M,42,18500.0,666,1
M,24,22000.0,678,0
M,50,19500.0,757,0
F,39,41000.0,704,0
M,36,20000.0,696,10
F,24,20000.0,689,0
M,38,19000.0,694,8
M,42,12000.0,668,0
M,33,20000.0,715,0
M,26,18000.0,656,17
M,32,30000.0,671,3
M,30,12500.0,659,0
F,34,20000.0,645,0
M,40,23000.0,681,4
M,21,24000.0,669,0
M,37,27000.0,648,0
M,45,18000.0,684,0
M,24,20000.0,681,1
M,30,20000.0,678,0
M,48,30000.0,706,22
M,30,23500.0,683,0
M,37,18500.0,675,11
M,32,35000.0,654,13
F,32,40000.0,695,14
M,25,18000.0,657,6
M,32,21000.0,681,0
M,27,12500.0,694,0
M,27,28000.0,678,0
M,29,20000.0,677,0
M,28,13000.0,672,0
M,25,12000.0,666,0
M,31,22000.0,681,3
M,25,14500.0,647,0
M,27,20000.0,674,0
M,25,25000.0,702,0
F,45,40000.0,671,0
M,31,16500.0,663,1
M,31,50000.0,657,0
M,47,30000.0,669,26
M,37,18000.0,686,0
M,56,30000.0,649,0
F,30,20000.0,686,0
M,36,40000.0,670,1
M,24,25000.0,646,1
M,46,18000.0,659,0
M,28,12000.0,688,0
M,31,25000.0,685,0
M,43,20000.0,668,47
M,26,20000.0,673,0
M,36,20000.0,691,0
F,24,45000.0,717,0
M,31,60000.0,701,1
F,28,10000.0,679,0
M,38,30000.0,666,22
M,22,25000.0,682,8
M,25,23000.0,682,0
M,36,16000.0,704,0
M,43,30000.0,636,38
F,50,45000.0,676,14
M,37,62000.0,679,2
M,27,20000.0,678,0
M,27,17000.0,687,0
M,33,28500.0,677,0
M,44,16500.0,679,0
M,34,22000.0,688,0
M,47,33000.0,702,1
M,41,28500.0,693,0
M,30,13000.0,690,0
M,44,21000.0,675,2
M,34,13000.0,686,0
F,43,16000.0,659,0
F,24,12000.0,675,0
M,39,50000.0,703,0
M,45,29000.0,712,10
M,24,16500.0,671,9
F,57,18000.0,685,0
M,46,23000.0,700,10
M,39,30000.0,703,0
M,28,25000.0,698,0
M,51,18000.0,675,0
M,29,25000.0,662,0
F,32,24000.0,693,3
M,30,12800.0,706,0
M,48,40000.0,688,34
M,43,17000.0,676,2
M,35,33000.0,648,0
M,42,17000.0,657,0
M,40,52000.0,683,0
M,50,15000.0,691,5
M,50,23000.0,731,17
M,29,28000.0,664,0
M,42,20000.0,698,0
M,21,27000.0,680,0
M,52,30500.0,712,5
M,50,14000.0,668,2
M,26,14000.0,677,0
M,42,55000.0,716,0
F,51,20500.0,685,0
M,44,13000.0,667,0
M,35,25000.0,669,0
M,52,25000.0,720,0
F,34,25000.0,692,0
M,40,45000.0,665,0
M,40,50000.0,659,5
M,24,19507.0,688,0
M,28,22000.0,688,0
M,52,15000.0,669,4
M,23,30000.0,703,0
M,49,20000.0,716,1
M,38,30000.0,676,0
M,32,60000.0,711,1
M,40,25000.0,672,0
M,31,40000.0,658,27
M,37,32000.0,697,0
M,29,14000.0,681,1
M,26,37000.0,697,0
F,42,20000.0,671,23
M,42,25000.0,690,0
M,29,24000.0,668,1
M,30,20000.0,649,3
M,42,19000.0,681,0
M,25,14000.0,658,3
M,35,18000.0,650,0
M,59,30000.0,708,36
M,29,18000.0,615,8
M,35,35000.0,692,0
F,31,20000.0,691,0
M,26,24000.0,679,6
M,43,18000.0,681,2
F,32,24000.0,688,0
M,37,22500.0,651,0
F,23,18000.0,670,0
M,24,13000.0,684,0
M,62,24000.0,686,0
M,27,14500.0,690,7
F,55,28000.0,794,22
M,34,20000.0,662,0
M,30,50000.0,682,0
M,27,42300.0,662,0
F,31,150000.0,664,2
M,38,42000.0,688,0
M,31,21650.0,650,0
M,46,23000.0,664,2
M,50,30000.0,710,0
M,25,18000.0,676,0
M,26,15000.0,682,0
F,29,18000.0,683,0
M,29,20000.0,637,4
M,24,35000.0,689,0
M,34,30000.0,679,0
M,27,12000.0,672,0
M,26,25000.0,671,0
M,37,20000.0,694,0
M,36,15000.0,702,1
M,31,30000.0,673,0
M,26,18000.0,673,3
F,25,20000.0,691,2
M,44,35000.0,699,15
F,26,22500.0,632,2
M,28,22000.0,689,0
M,47,33000.0,742,0
M,29,35000.0,670,9
M,29,14000.0,667,0
M,32,16000.0,695,2
F,25,30000.0,636,3
M,31,25500.0,702,4
M,26,15000.0,690,2
M,24,26000.0,693,0
M,33,10500.0,667,24
M,33,35000.0,683,0
M,52,23000.0,711,0
M,23,24000.0,691,0
M,30,35000.0,689,0
M,22,35000.0,683,0
M,22,15000.0,702,3
M,49,24000.0,684,8
M,24,23000.0,678,14
F,44,15000.0,703,0
M,46,30000.0,712,20
M,25,23000.0,676,0
M,32,15000.0,679,20
M,25,23500.0,696,13
M,41,8554.0,685,0
M,26,23000.0,689,0
M,29,25000.0,671,0
M,28,40000.0,686,2
F,38,40000.0,654,3
M,39,25000.0,675,1
F,28,25000.0,681,0
F,33,12500.0,661,5
M,33,35000.0,682,1
F,35,23000.0,676,0
M,25,24000.0,670,0
M,27,30000.0,668,1
F,25,25000.0,640,0
M,23,15000.0,681,0
M,26,19000.0,662,12
M,59,18000.0,673,1
M,56,30000.0,681,0
F,40,32000.0,706,0
M,28,20000.0,639,0
M,35,30000.0,673,11
M,44,30000.0,659,11
M,55,40000.0,667,0
F,27,15000.0,674,0
F,51,15000.0,692,0
M,22,29000.0,668,6
M,33,25000.0,713,0
M,28,26000.0,699,0
M,27,30000.0,655,0
M,31,5000.0,684,0
F,22,32000.0,674,0
M,21,28000.0,657,1
M,50,18000.0,658,2
M,26,32000.0,655,1
M,32,14000.0,692,0
M,29,25000.0,698,0
F,44,30000.0,683,2
M,26,15000.0,684,0
M,34,23000.0,680,0
M,26,20000.0,654,0
M,52,15000.0,693,0
M,33,35000.0,673,0
M,27,50000.0,646,0
M,54,30000.0,720,0
M,38,15000.0,688,0
M,25,17800.0,692,0
M,37,18000.0,684,0
M,24,40000.0,663,0
F,36,20000.0,689,0
M,31,25000.0,681,0
M,24,25000.0,667,0
M,24,16000.0,691,0
M,31,30000.0,716,0
M,50,40000.0,662,0
M,40,30000.0,684,0
F,52,23500.0,679,0
M,30,16000.0,666,0
M,49,55000.0,689,0
M,29,18000.0,690,0
M,39,20000.0,678,0
M,42,80000.0,653,24
M,32,35000.0,675,0
M,54,25000.0,706,10
M,23,19000.0,658,0
M,29,25000.0,662,3
M,35,30000.0,679,3
F,25,13000.0,682,0
M,26,30000.0,661,9
M,39,37000.0,684,12
F,41,16300.0,696,0
M,30,20000.0,655,3
M,22,25000.0,685,0
M,30,11000.0,685,0
M,51,20000.0,682,0
M,37,28000.0,673,0
M,27,15774.0,679,7
M,36,50000.0,691,0
M,30,38000.0,704,5
M,33,25000.0,669,0
M,39,20000.0,696,0
M,34,18000.0,676,0
M,38,16000.0,684,0
M,46,25000.0,695,0
M,21,18000.0,683,1
M,24,22000.0,691,0
M,25,15000.0,670,0
M,25,15000.0,648,2
M,28,25000.0,689,0
M,54,26000.0,664,3
M,29,25000.0,684,4
M,31,20000.0,666,0
F,42,12000.0,685,0
M,32,30000.0,688,0
M,22,35000.0,652,0
M,25,24000.0,686,0
M,26,17000.0,677,7
M,29,29000.0,665,0
M,32,30000.0,704,0
M,32,25000.0,674,4
F,35,23000.0,689,0
M,24,13500.0,680,0
M,33,10000.0,678,0
M,27,13200.0,667,0
M,31,24000.0,688,1
F,33,40000.0,698,0
M,22,15000.0,667,0
F,40,45000.0,682,11
F,31,11500.0,652,0
M,28,16500.0,678,0
M,27,15000.0,655,0
M,42,22000.0,672,1
M,32,25000.0,700,0
M,32,20000.0,685,0
F,42,28900.0,757,13
M,24,25000.0,668,0
M,36,14500.0,672,0
M,25,18300.0,694,0
M,33,29000.0,671,0
M,27,15200.0,671,0
M,22,16000.0,677,0
M,46,35000.0,717,0
F,38,14000.0,670,0
M,47,40000.0,689,0
M,23,20000.0,672,0
M,58,18000.0,683,11
M,39,18000.0,678,3
M,40,25000.0,700,0
M,25,15655.0,664,4
F,30,50000.0,678,0
M,30,18900.0,676,0
M,37,22000.0,670,3
M,46,21000.0,672,9
M,43,18000.0,724,2
M,33,18000.0,686,0
M,40,30000.0,684,0
M,34,26000.0,674,0
M,54,7000.0,710,0
M,59,15000.0,700,0
F,36,15000.0,708,0
F,27,13500.0,681,0
M,43,55000.0,653,0
M,33,37652.0,689,0
M,38,28000.0,685,0
M,26,45000.0,666,0
M,43,25000.0,661,8
M,25,37000.0,693,0
M,22,15000.0,694,0
M,38,20000.0,647,3
M,27,24500.0,659,15
M,39,25000.0,672,0
M,22,22000.0,658,1
M,39,30000.0,674,1
F,38,13000.0,666,0
M,24,25000.0,669,1
M,35,21000.0,675,8
M,44,25000.0,687,0
F,39,18000.0,666,14
M,31,15000.0,674,0
M,23,22000.0,684,0
M,26,20000.0,678,0
M,27,15000.0,689,0
F,26,20000.0,685,0
M,34,32000.0,676,0
M,32,28000.0,706,0
M,24,20000.0,690,0
M,38,28000.0,687,0
M,21,25000.0,690,0
M,34,27000.0,679,16
M,25,29000.0,688,0
M,46,30000.0,662,5
M,26,30000.0,657,0
M,36,20000.0,652,0
M,60,30000.0,685,21
M,26,22000.0,682,0
M,22,18000.0,677,0
M,50,45000.0,639,4
M,39,20000.0,676,0
M,33,15000.0,672,0
M,22,25000.0,648,0
M,26,14000.0,690,0
M,47,20000.0,679,0
M,26,2000.0,679,0
M,35,20000.0,657,3
M,38,22000.0,658,0
M,39,30000.0,683,3
F,30,30000.0,654,1
M,25,20000.0,682,2
M,37,24000.0,686,0
M,28,23000.0,708,0
M,28,16500.0,681,7
M,28,20000.0,650,3
M,30,25000.0,653,0
M,26,32000.0,682,0
M,32,22.0,689,0
M,39,75000.0,692,5
M,34,58000.0,688,0
M,42,75000.0,664,1
M,37,25000.0,703,0
M,51,50000.0,711,0
M,31,15000.0,683,0
M,21,32000.0,683,0
M,36,20000.0,643,0
M,29,10800.0,714,1
M,26,30000.0,695,0
M,24,22000.0,679,0
M,44,23000.0,656,3
M,29,12000.0,672,8
M,25,13000.0,651,1
M,50,55000.0,668,0
M,29,15000.0,698,0
M,26,35000.0,645,0
M,36,28000.0,652,7
M,40,20000.0,682,0
M,21,12000.0,660,1
F,26,25000.0,687,7
M,39,20000.0,695,0
M,45,28000.0,694,0
M,23,24000.0,701,0
M,26,11000.0,644,0
M,23,20000.0,667,1
M,30,15000.0,660,0
M,32,21000.0,679,3
M,44,30000.0,687,2
M,39,22000.0,691,0
M,41,33000.0,715,4
M,24,18000.0,592,0
M,35,22000.0,694,0
M,22,95000.0,669,0
F,34,1500.0,673,0
M,46,23000.0,675,0
M,28,32000.0,693,0
M,26,20000.0,689,0
M,24,24000.0,682,0
M,34,25000.0,721,0
M,25,35000.0,662,0
M,46,36945.0,729,0
F,36,16000.0,688,0
M,29,15000.0,691,3
M,48,22000.0,687,0
M,30,35000.0,676,0
M,23,22500.0,689,0
M,29,22000.0,673,1
M,38,21000.0,683,0
F,36,20000.0,675,0
F,37,15000.0,679,0
M,22,32790.0,674,0
M,32,16000.0,668,0
F,29,23000.0,688,0
M,52,15111.0,698,0
F,38,22000.0,685,0
M,27,45000.0,692,0
M,33,26000.0,616,0
M,26,15000.0,688,7
M,44,45000.0,746,0
F,51,33565.0,686,0
M,30,15000.0,673,0
F,22,15118.0,676,0
M,26,12000.0,663,4
M,53,35500.0,746,0
M,32,12000.0,686,0
M,51,95000.0,672,22
M,35,20000.0,695,8
M,37,40000.0,667,0
F,58,30500.0,683,0
M,25,12000.0,683,1
M,45,100000.0,692,0
M,24,20000.0,671,0
M,32,13500.0,677,3
M,48,30000.0,728,5
M,29,20000.0,674,0
M,49,35000.0,680,0
M,38,30000.0,715,0
M,44,30000.0,694,2
M,32,9000.0,683,0
M,36,65000.0,704,0
M,32,12500.0,662,0
F,46,40000.0,684,1
M,39,45000.0,705,0
M,39,12500.0,694,0
M,35,32000.0,664,1
M,44,15000.0,672,0
M,28,20000.0,682,0
M,40,32000.0,686,0
F,46,25000.0,677,0
M,35,42500.0,697,0
M,47,32000.0,677,0
M,23,25000.0,674,6
M,64,39999.0,701,0
M,44,12000.0,690,0
M,57,33000.0,684,3
M,32,35000.0,695,0
M,29,12000.0,675,0
M,47,40000.0,692,0
M,29,28000.0,661,1
M,26,12000.0,673,0
M,36,19000.0,693,0
M,22,30000.0,672,0
M,38,25000.0,651,0
M,41,20000.0,690,0
F,38,18000.0,681,0
M,39,28500.0,660,0
M,22,35000.0,672,1
M,26,29900.0,692,0
M,22,30000.0,665,1
M,29,38000.0,712,0
M,62,30000.0,688,1
M,31,20000.0,658,1
M,42,35000.0,661,2
M,29,23000.0,655,24
M,32,15000.0,676,0
M,27,35000.0,676,0
F,35,60000.0,674,0
M,35,45000.0,680,7
M,25,40000.0,680,0
F,48,16000.0,692,0
M,27,20000.0,650,2
M,35,20000.0,697,0
M,30,25000.0,688,0
M,35,18000.0,682,2
M,27,15000.0,652,0
M,43,27500.0,670,0
M,33,60000.0,701,18
M,30,30000.0,678,0
M,32,20000.0,672,0
M,27,12000.0,693,0
M,27,16000.0,681,0
F,50,37000.0,732,0
M,21,15000.0,660,3
M,44,20000.0,670,0
M,34,35000.0,682,0
F,29,25000.0,595,0
M,40,27000.0,726,0
M,33,20000.0,705,0
F,47,25000.0,723,0
M,30,35000.0,639,18
M,24,13000.0,687,0
M,37,45000.0,680,0
M,32,80000.0,698,0
M,29,16000.0,675,2
M,29,38000.0,678,0
M,28,18000.0,665,3
M,36,30000.0,682,0
M,33,30000.0,690,0
F,26,19000.0,672,0
M,25,16000.0,681,0
M,33,21000.0,663,0
M,30,20000.0,657,0
M,25,15000.0,677,0
M,47,19300.0,693,7
F,25,20000.0,681,0
M,49,22000.0,660,4
F,42,9586.0,695,0
M,32,30000.0,671,4
F,41,20000.0,676,0
M,47,25000.0,685,0
F,48,28000.0,716,0
M,27,15000.0,680,0
M,25,30000.0,683,0
F,26,30000.0,690,0
F,30,18000.0,673,0
M,32,15000.0,674,5
M,32,32000.0,713,0
M,44,15000.0,687,0
M,33,16000.0,675,13
F,53,30000.0,677,0
M,49,18000.0,697,2
M,32,23000.0,651,0
M,46,18000.0,680,0
M,36,15500.0,680,0
M,36,25000.0,672,0
M,31,25000.0,682,1
M,37,16000.0,669,0
M,21,25000.0,681,0
M,35,20000.0,678,0
M,28,10000.0,688,0
M,30,31500.0,650,0
M,21,12000.0,684,0
M,28,12.0,678,0
F,52,15000.0,658,2
M,25,25000.0,674,1
F,45,30000.0,651,0
M,27,18000.0,675,0
M,31,34000.0,673,0
M,31,20000.0,700,0
M,40,25000.0,690,1
M,52,35000.0,724,0
M,28,25000.0,688,0
M,24,34568.0,663,0
M,36,35000.0,683,0
M,33,27000.0,658,0
M,36,28000.0,713,0
M,27,31000.0,676,0
M,35,19000.0,662,0
M,32,24000.0,661,0
M,56,44801.0,706,0
M,42,12000.0,692,0
M,24,35000.0,674,0
M,40,35000.0,683,1
M,34,18000.0,678,0
M,54,30000.0,731,0
M,30,26890.0,652,0
M,26,18000.0,652,3
M,39,15000.0,695,0
F,34,20000.0,664,0
M,27,30000.0,648,0
M,23,15000.0,676,0
M,53,38000.0,656,0
M,35,25000.0,690,0
F,34,12000.0,691,0
F,52,13500.0,689,0
M,38,30000.0,700,0
M,22,35000.0,671,0
M,22,27000.0,659,0
M,29,25000.0,676,0
M,33,35000.0,661,0
M,22,14000.0,681,1
M,32,25000.0,643,0
F,37,16000.0,697,0
M,35,14500.0,710,3
M,34,42000.0,677,0
M,23,40000.0,680,0
M,23,12000.0,675,0
M,26,20000.0,662,0
F,32,37000.0,655,0
M,44,45000.0,704,1
M,26,40000.0,675,0
M,54,44000.0,734,2
F,47,20000.0,731,0
M,33,20000.0,679,0
M,52,25000.0,673,0
M,50,55000.0,665,0
M,42,15000.0,682,0
M,42,25000.0,691,0
M,26,30000.0,682,0
M,31,60000.0,665,3
M,24,23000.0,680,0
M,37,35000.0,658,0
M,24,20000.0,686,2
M,40,25000.0,702,0
M,22,22500.0,681,1
M,21,20000.0,691,0
M,48,51000.0,668,18
M,27,25000.0,665,0
M,24,16000.0,677,0
M,27,14800.0,672,0
M,37,30000.0,684,0
M,24,25000.0,677,0
M,22,40000.0,677,0
M,27,45000.0,656,0
M,42,42000.0,662,1
M,57,50000.0,673,6
M,24,50000.0,645,0
M,30,105000.0,678,21
M,34,35000.0,684,0
M,34,23500.0,698,0
M,23,18000.0,681,0
M,28,15000.0,663,2
M,31,25000.0,689,0
M,29,18000.0,687,1
M,23,13900.0,680,0
M,29,15000.0,696,0
M,27,22000.0,692,0
F,41,45000.0,678,0
M,27,26000.0,681,0
M,27,22000.0,674,3
M,22,32000.0,654,1
F,31,15000.0,671,0
M,25,15000.0,658,0
F,36,22000.0,684,0
M,28,20000.0,669,0
M,34,20000.0,652,7
M,25,16400.0,694,0
F,49,32000.0,681,0
M,22,50000.0,642,0
F,44,55000.0,680,19
M,32,11700.0,685,0
M,27,17980.0,689,0
F,45,30000.0,697,0
M,28,13000.0,676,0
M,27,26000.0,698,0
M,45,15000.0,674,0
M,21,14500.0,651,0
M,54,18000.0,701,2
F,26,30000.0,682,0
M,29,50000.0,685,0
M,36,20000.0,674,23
M,24,18500.0,682,0
M,33,15000.0,673,0
M,40,90000.0,685,9
M,38,19000.0,681,0
M,36,16000.0,667,14
M,28,43500.0,667,0
F,45,30000.0,653,10
M,57,22000.0,727,25
M,40,25000.0,702,0
M,58,55000.0,659,3
M,30,35000.0,666,0
M,30,20000.0,690,0
M,29,14800.0,688,0
M,43,13000.0,718,0
M,29,13000.0,691,0
M,40,18000.0,669,0
M,34,20000.0,662,0
M,32,22000.0,685,0
F,25,20000.0,640,9
M,33,22000.0,667,2
M,34,12000.0,682,0
M,36,15000.0,683,0
M,38,29000.0,717,0
M,24,38000.0,695,0
M,25,30000.0,647,0
M,34,24000.0,691,0
M,24,21000.0,667,0
M,34,24000.0,655,1
M,39,25000.0,665,0
M,29,21000.0,671,3
M,21,20000.0,668,0
M,28,18000.0,699,22
M,30,19000.0,707,1
M,34,25300.0,678,0
M,21,15000.0,667,0
M,31,20000.0,682,0
M,32,45000.0,728,0
M,25,35000.0,661,4
M,28,20000.0,680,0
F,24,16000.0,661,3
M,28,20000.0,662,1
M,23,70000.0,663,5
M,24,17000.0,668,0
M,40,24000.0,660,0
M,45,31500.0,680,0
M,31,13500.0,658,0
M,23,9342.0,683,0
M,31,35000.0,671,0
M,44,50000.0,740,3
M,52,32000.0,672,23
M,38,17000.0,700,0
M,24,16000.0,697,0
M,34,27000.0,676,0
M,21,15000.0,663,0
M,25,25000.0,687,0
M,24,12000.0,683,0
M,36,30000.0,683,0
F,36,14000.0,700,0
M,28,14200.0,678,7
M,21,23000.0,673,0
M,37,21000.0,683,0
M,32,35000.0,694,0
F,38,20000.0,673,0
M,40,30000.0,705,0
M,32,55000.0,683,0
M,33,18600.0,697,7
M,27,20000.0,682,0
F,45,20000.0,678,0
M,42,35000.0,686,0
M,32,25000.0,678,0
M,27,25000.0,696,0
M,46,15000.0,697,6
M,40,10000.0,713,0
M,47,30000.0,690,0
M,22,30000.0,716,0
M,34,36000.0,671,1
M,23,11000.0,682,0
M,26,22000.0,693,0
F,28,15000.0,699,7
M,22,15000.0,670,0
M,38,14000.0,733,0
M,34,49000.0,693,0
M,36,16000.0,668,1
F,29,24000.0,639,1
M,51,20000.0,706,0
M,21,19000.0,676,4
M,22,19000.0,644,1
F,34,40000.0,644,0
M,28,33000.0,681,0
M,27,31000.0,678,0
M,34,25000.0,684,0
M,34,20000.0,710,0
M,32,25000.0,699,0
M,36,30000.0,681,0
M,34,18000.0,674,6
M,27,30000.0,680,0
M,36,20000.0,658,0
M,23,20800.0,648,1
F,26,17000.0,685,0
M,29,30000.0,680,0
M,33,32000.0,674,23
M,37,27800.0,681,3
M,25,38000.0,631,0
M,57,33000.0,657,0
M,30,25000.0,677,11
M,31,12000.0,650,0
M,47,30000.0,700,0
M,22,10000.0,680,0
M,32,70000.0,670,0
M,51,15000.0,690,0
M,36,18000.0,640,4
M,28,36000.0,693,1
F,27,10000.0,684,0
M,47,30000.0,666,4
M,25,10000.0,690,0
M,35,40000.0,679,0
M,29,25000.0,681,0
M,24,15000.0,684,0
M,29,16800.0,686,0
M,25,15000.0,662,1
M,26,8000.0,676,0
M,37,35000.0,688,0
M,27,20000.0,671,0
M,26,22000.0,685,0
M,45,50000.0,723,0
M,45,20000.0,686,1
M,40,30000.0,688,0
M,31,18000.0,723,0
M,26,25000.0,668,0
M,45,18000.0,684,0
M,44,30000.0,675,9
M,24,12000.0,688,0
M,40,60000.0,709,7
M,42,26450.0,682,3
M,21,20000.0,675,0
M,31,27000.0,688,11
M,38,20000.0,709,1
M,53,50000.0,690,5
M,31,60000.0,698,0
M,47,22000.0,658,7
M,42,41000.0,692,3
M,27,26000.0,682,0
F,30,11500.0,677,0
M,21,20000.0,675,0
M,31,18000.0,672,1
M,24,12900.0,672,0
M,50,21000.0,699,0
M,25,25000.0,658,4
M,23,40000.0,639,3
M,27,15000.0,707,0
M,34,15000.0,676,0
M,40,15000.0,744,0
M,47,32000.0,717,0
M,32,20000.0,667,0
M,22,25000.0,680,0
M,27,18000.0,669,0
F,36,12000.0,734,15
M,27,25000.0,675,0
M,34,50000.0,677,0
M,43,32000.0,670,1
F,33,15000.0,673,27
M,24,12500.0,660,0
M,52,35000.0,687,0
M,35,25000.0,674,0
M,24,18000.0,662,0
F,33,12000.0,680,7
M,24,18000.0,682,0
M,37,90000.0,696,0
M,35,24000.0,704,0
M,29,19000.0,700,0
M,52,15000.0,680,0
M,35,22000.0,703,29
M,22,25000.0,678,3
F,25,30000.0,673,0
M,29,33000.0,657,22
M,29,25000.0,688,0
M,30,18000.0,696,1
M,42,50000.0,666,0
M,24,20000.0,698,2
M,30,30000.0,643,19
M,34,29000.0,688,0
M,37,25000.0,699,0
F,39,20000.0,653,6
M,54,22500.0,637,3
M,40,20000.0,687,0
M,39,19500.0,688,4
M,40,22000.0,721,0
M,53,25000.0,712,0
M,39,25000.0,678,2
M,34,15000.0,668,1
M,37,32500.0,681,3
M,21,10000.0,656,0
M,31,26500.0,670,3
M,45,33000.0,749,0
M,34,43000.0,690,0
M,47,40000.0,644,1
M,40,70000.0,689,4
M,52,23000.0,674,0
F,26,18500.0,662,2
F,30,15000.0,690,0
M,38,36000.0,704,4
M,25,15000.0,687,0
F,24,15000.0,678,0
F,26,21500.0,642,0
M,33,23700.0,681,0
M,34,35000.0,673,0
M,25,20000.0,669,0
M,24,28000.0,677,0
M,23,30000.0,659,0
M,34,33000.0,666,0
M,27,32000.0,668,0
M,26,29000.0,646,3
M,47,18000.0,706,0
M,40,33000.0,635,3
M,36,20000.0,652,0
M,27,15000.0,687,0
M,21,15000.0,662,0
M,26,15000.0,681,0
M,43,20000.0,675,0
M,31,30000.0,657,1
M,29,35000.0,680,0
M,26,30000.0,678,0
M,36,11000.0,681,6
F,50,38000.0,630,0
M,37,25000.0,672,1
M,37,22000.0,693,0
F,28,17000.0,678,0
M,25,43900.0,643,8
F,34,15000.0,662,0
M,34,22000.0,680,0
M,52,15000.0,669,0
M,26,10000.0,658,0
M,32,30000.0,691,0
M,26,30000.0,659,2
F,33,40000.0,681,6
M,24,8000.0,692,0
M,30,15000.0,655,0
M,40,14500.0,677,0
M,34,20000.0,653,0
M,40,15000.0,728,0
M,38,20000.0,697,0
M,25,25000.0,673,0
M,32,16000.0,697,12
M,42,25000.0,658,0
M,42,18000.0,699,0
M,39,14000.0,674,0
M,26,24000.0,698,0
M,31,20000.0,671,1
M,38,14000.0,695,0
F,49,30000.0,719,8
M,47,20000.0,689,0
M,25,20000.0,673,0
M,34,30000.0,708,0
M,27,16568.0,690,0
M,25,53000.0,651,14
F,29,9563.0,663,0
M,21,20000.0,672,0
M,41,17368.0,667,1
M,37,18000.0,709,0
F,36,35000.0,668,0
M,26,25000.0,630,0
M,24,15000.0,680,0
M,29,11500.0,649,0
M,40,35000.0,673,4
M,30,27500.0,676,4
M,25,45000.0,697,11
M,51,50000.0,678,0
M,32,17800.0,671,0
M,56,20000.0,693,0
M,22,12500.0,686,0
M,38,40000.0,671,1
M,25,30000.0,683,0
M,29,58000.0,705,0
M,28,30000.0,674,0
M,28,10000.0,673,6
M,35,23500.0,688,0
M,33,9000.0,684,0
M,31,23000.0,658,9
F,53,21000.0,687,0
F,21,32000.0,658,0
M,24,20000.0,659,4
M,31,28000.0,709,0
M,25,25000.0,683,0
M,32,12000.0,678,0
M,36,60000.0,675,6
M,36,15000.0,698,0
M,37,40900.0,689,0
F,29,18000.0,667,0
M,42,12339.0,699,0
M,22,23000.0,685,0
M,25,24000.0,672,0
M,36,24000.0,686,0
F,27,12000.0,671,0
F,28,17000.0,686,0
M,34,20000.0,666,1
M,31,13000.0,664,1
M,25,20000.0,687,5
M,33,15000.0,685,0
M,28,18000.0,675,2
M,28,18000.0,674,0
M,46,35000.0,693,0
M,36,16000.0,674,0
M,31,35000.0,668,1
M,36,19170.0,679,0
M,34,10000.0,701,5
F,37,35000.0,689,0
M,26,45700.0,684,12
M,54,12000.0,724,0
M,40,18000.0,645,7
M,23,22000.0,660,3
M,35,20000.0,676,4
M,22,14000.0,659,1
M,46,68000.0,707,2
M,27,15000.0,669,0
M,28,45000.0,673,0
M,48,26000.0,653,1
M,26,15000.0,658,0
M,23,10000.0,656,0
M,35,35000.0,648,7
M,23,18000.0,678,0
M,26,35000.0,676,0
M,28,18000.0,693,0
F,26,28000.0,682,0
M,22,14000.0,668,0
M,35,30000.0,663,0
M,55,40000.0,692,0
M,28,18000.0,666,1
M,23,10500.0,660,2
M,22,18000.0,657,7
M,40,22000.0,701,12
M,28,40000.0,670,22
M,27,35000.0,692,3
F,34,30000.0,679,0
M,43,38000.0,692,16
M,27,20000.0,646,0
M,21,20000.0,643,0
M,27,25000.0,697,4
M,33,30000.0,689,0
M,40,45000.0,713,0
M,22,50000.0,685,0
M,29,40000.0,686,0
M,33,35000.0,675,27
M,41,25000.0,723,0
M,42,25000.0,679,0
M,30,14000.0,678,0
M,22,15000.0,659,0
F,36,35000.0,698,0
M,43,22500.0,707,2
M,30,22000.0,657,2
M,26,15000.0,679,0
M,46,25000.0,681,0
M,24,20000.0,660,2
M,40,22500.0,659,0
M,31,20000.0,670,0
M,44,18168.0,681,0
M,50,47500.0,713,9
F,30,12000.0,680,0
M,47,30000.0,694,0
M,21,20000.0,676,0
M,25,35000.0,664,0
M,21,30000.0,678,0
M,48,25000.0,685,1
M,38,18000.0,683,0
M,36,35000.0,696,0
M,28,43000.0,671,2
F,22,15000.0,673,0
M,27,39000.0,685,0
M,28,22000.0,704,0
M,43,45000.0,680,0
M,27,50000.0,675,0
M,24,29000.0,688,0
M,31,20000.0,680,11
M,24,48000.0,680,0
M,48,24000.0,669,0
M,33,12000.0,680,0
M,28,25000.0,659,4
M,26,28000.0,676,0
M,33,10000.0,688,0
M,21,10000.0,686,0
M,33,15000.0,668,0
M,27,30000.0,677,0
M,43,12000.0,701,0
F,35,9500.0,705,0
M,33,16000.0,687,3
M,34,34000.0,666,2
F,43,20000.0,782,0
M,24,25000.0,705,6
M,45,28500.0,676,0
M,37,29000.0,698,9
M,35,35000.0,660,1
M,23,24500.0,695,0
M,41,25000.0,679,0
M,32,27000.0,696,0
M,35,40000.0,678,0
F,38,50000.0,691,0
M,28,30000.0,673,0
M,41,17000.0,690,0
M,25,15000.0,678,0
M,55,30000.0,692,0
M,35,25000.0,702,0
M,50,50000.0,680,0
M,40,15000.0,694,0
M,24,13000.0,696,0
F,41,100000.0,726,1
M,24,29000.0,683,0
M,38,32000.0,681,2
M,40,12000.0,696,0
M,55,17854.0,715,5
F,36,9500.0,672,0
M,26,40000.0,673,0
F,43,31000.0,673,0
M,39,30000.0,690,1
M,27,40000.0,679,0
M,26,12000.0,670,0
M,50,20000.0,684,0
M,44,15000.0,731,39
M,30,15000.0,692,0
M,41,30000.0,673,0
M,25,22000.0,652,0
M,37,42000.0,707,0
M,49,26500.0,685,0
M,31,30000.0,694,0
M,36,26000.0,688,7
M,23,28200.0,677,0
F,39,25000.0,683,0
M,49,55398.0,687,0
M,28,17000.0,677,0
M,25,35000.0,666,1
M,39,20000.0,726,0
F,28,35000.0,671,1
M,27,40000.0,661,0
M,35,20000.0,679,4
M,38,13000.0,701,0
M,26,33000.0,614,4
M,45,25000.0,668,0
M,31,45000.0,693,0
M,37,40000.0,743,9
M,31,10000.0,676,0
M,25,30000.0,673,0
M,32,16000.0,676,0
M,22,25000.0,678,0
M,36,100000.0,688,13
M,28,20000.0,675,2
M,31,20000.0,669,0
F,33,18000.0,706,0
M,28,5.0,665,4
F,37,30000.0,678,0
M,31,15000.0,698,0
M,24,10000.0,674,0
M,31,15000.0,674,0
M,29,22000.0,668,0
M,55,20000.0,708,0
M,27,18000.0,627,0
M,31,30000.0,695,0
M,24,25000.0,630,1
M,29,35000.0,682,2
M,31,20000.0,697,1
F,39,45000.0,684,30
M,33,30000.0,660,5
M,46,50000.0,688,0
M,32,45000.0,721,0
M,40,22000.0,687,18
M,49,60000.0,716,0
M,35,20000.0,703,0
M,34,11000.0,673,2
M,22,25000.0,674,0
M,29,25000.0,697,0
M,24,20000.0,672,5
M,31,16000.0,696,0
M,44,65000.0,677,1
M,35,17500.0,670,3
M,31,20000.0,652,0
F,32,39000.0,673,0
M,42,22500.0,676,1
M,23,35000.0,685,1
M,25,30000.0,656,3
M,29,15000.0,689,0
F,30,10500.0,695,0
F,26,22000.0,666,0
M,27,35000.0,677,0
F,25,12000.0,665,0
M,25,15000.0,695,0
M,25,22500.0,690,0
M,28,11000.0,693,0
M,25,10000.0,679,0
M,31,55000.0,667,0
M,38,32000.0,698,0
M,31,19000.0,671,2
F,29,40000.0,666,0
M,38,22000.0,695,1
M,33,30000.0,691,7
F,25,15000.0,679,0
M,32,18000.0,680,9
M,38,26000.0,717,18
M,36,25000.0,694,0
M,37,16000.0,666,0
M,29,25000.0,679,0
M,29,9500.0,703,0
M,31,43500.0,666,0
F,43,15000.0,677,0
M,28,55000.0,682,0
M,33,21000.0,649,0
M,37,20000.0,656,1
M,38,15000.0,692,0
M,24,16000.0,667,1
F,53,25000.0,695,0
M,27,25000.0,701,0
M,29,47854.0,684,0
M,27,65000.0,658,6
M,43,30000.0,670,2
M,27,20000.0,661,0
M,30,28000.0,688,1
M,26,15000.0,688,0
M,31,45000.0,704,1
M,27,20000.0,680,6
M,54,32000.0,698,0
M,22,25000.0,669,0
M,44,26500.0,679,0
M,40,15000.0,680,0
M,31,23000.0,695,0
M,35,16000.0,660,0
M,22,21000.0,655,0
M,23,15000.0,679,2
M,30,18000.0,732,0
M,38,16000.0,691,0
M,31,15000.0,698,0
M,53,35000.0,689,0
M,30,29000.0,743,0
F,45,20000.0,687,3
M,30,20000.0,673,0
M,25,9000.0,675,0
M,25,25000.0,685,0
M,27,17500.0,682,0
M,35,35000.0,686,5
M,35,14500.0,682,19
F,30,21500.0,667,0
F,45,25000.0,676,0
F,43,7500.0,668,0
M,52,46000.0,688,0
M,28,45000.0,655,2
F,54,35000.0,672,11
M,33,20000.0,673,0
M,39,16500.0,680,5
M,45,30000.0,688,16
M,25,14000.0,677,0
M,44,18000.0,659,3
M,40,15000.0,663,2
M,26,20000.0,715,2
M,29,20000.0,699,0
M,39,20000.0,678,0
M,35,30992.0,689,0
M,26,25000.0,699,0
M,31,25000.0,690,0
M,31,10000.0,685,0
M,29,14600.0,686,0
M,23,23000.0,684,0
M,27,13500.0,680,1
M,28,25000.0,686,0
M,36,10000.0,662,1
M,36,25000.0,690,0
M,30,60000.0,667,5
M,26,26500.0,691,0
M,33,15000.0,679,0
M,43,20000.0,665,1
M,60,30000.0,706,0
M,37,35000.0,686,8
M,23,22500.0,692,0
M,38,21000.0,687,0
M,35,30000.0,725,0
M,33,12000.0,665,1
M,23,18000.0,671,0
M,22,8000.0,688,0
M,28,20000.0,705,0
M,24,20000.0,680,0
M,32,22000.0,669,0
M,26,8000.0,677,0
M,47,31000.0,708,1
F,35,18000.0,680,0
M,25,18000.0,643,0
M,27,20000.0,682,0
M,44,18000.0,693,0
M,49,18000.0,708,9
M,36,42000.0,665,26
M,50,21000.0,682,0
M,25,48751.0,675,0
M,21,40000.0,659,0
M,29,43000.0,648,0
M,35,80000.0,723,0
M,37,15000.0,672,3
M,25,30000.0,691,0
M,23,13000.0,680,0
M,32,40000.0,695,5
M,31,40000.0,675,0
M,26,16000.0,686,0
M,27,18000.0,656,0
M,47,22000.0,673,0
M,32,14000.0,683,0
F,27,12000.0,686,0
M,40,25000.0,700,1
M,51,30000.0,704,8
M,41,30000.0,676,0
F,39,25000.0,698,4
F,45,25000.0,698,0
M,48,20000.0,729,0
F,40,15900.0,700,0
M,25,18000.0,680,0
M,29,35000.0,676,7
M,28,35000.0,662,0
M,28,17000.0,662,2
M,33,15000.0,713,0
M,43,45000.0,661,6
M,42,25000.0,694,6
M,22,15000.0,698,0
M,41,35500.0,678,0
M,30,25000.0,685,0
M,35,15000.0,675,0
M,35,13000.0,708,0
M,34,30000.0,680,4
M,32,16800.0,702,0
M,31,35000.0,693,0
M,38,40000.0,700,40
M,40,16000.0,687,0
M,23,15000.0,688,0
M,31,25000.0,685,0
M,33,17000.0,700,0
M,35,25000.0,657,1
M,34,35000.0,668,0
M,46,45000.0,676,9
M,41,28000.0,707,0
M,32,16000.0,677,0
F,24,18000.0,665,1
M,39,22500.0,653,0
M,31,32000.0,678,0
M,30,45000.0,690,0
M,21,35000.0,649,0
M,32,25000.0,722,0
M,29,20000.0,597,0
F,42,40000.0,677,0
M,24,25000.0,596,4
M,54,28000.0,744,2
M,28,45000.0,678,0
M,21,27000.0,659,1
M,30,20000.0,703,0
M,25,40000.0,671,0
M,31,15000.0,680,0
M,30,25000.0,685,0
F,28,21000.0,685,0
M,42,40000.0,770,4
M,35,18000.0,672,0
M,22,28000.0,639,1
M,22,26500.0,688,1
M,31,35000.0,696,0
M,38,15000.0,723,0
M,23,24500.0,668,0
M,33,21000.0,665,0
M,31,12000.0,669,1
M,31,33000.0,692,0
M,28,45000.0,639,0
M,31,29500.0,694,0
M,23,45000.0,675,0
M,38,25000.0,689,0
M,50,28000.0,709,0
M,50,20000.0,691,0
M,27,30000.0,684,1
M,36,9000.0,724,0
M,31,32000.0,670,0
M,27,22000.0,697,0
M,24,13000.0,677,0
M,30,12000.0,679,0
M,28,20116.0,674,0
M,53,80000.0,734,0
M,25,24000.0,672,1
M,51,70000.0,686,0
M,40,18000.0,662,2
M,30,17000.0,668,12
M,31,16000.0,680,1
M,24,30000.0,685,0
M,29,45000.0,670,0
M,29,32500.0,644,2
M,50,20000.0,663,3
M,46,31000.0,693,0
M,28,40000.0,677,2
F,29,11000.0,676,1
M,29,12000.0,671,0
M,28,42500.0,703,0
M,29,8600.0,674,0
M,32,38000.0,664,0
M,33,45000.0,680,0
M,29,14500.0,692,0
M,34,27000.0,673,0
M,34,10000.0,658,2
M,33,22000.0,665,0
M,32,12000.0,682,0
M,48,35000.0,713,0
M,59,25000.0,666,5
M,27,45000.0,671,0
M,37,30000.0,679,1
F,30,35000.0,690,0
M,33,18000.0,664,0
M,23,30000.0,675,0
M,38,18000.0,681,0
M,32,30000.0,714,4
M,32,7000.0,666,0
M,24,13000.0,684,0
M,25,14000.0,664,0
M,25,18000.0,677,0
M,32,23000.0,669,0
M,40,30000.0,661,0
M,45,38000.0,713,15
M,27,30000.0,676,0
F,38,25000.0,676,0
M,22,29000.0,699,0
M,25,40000.0,614,15
M,42,17000.0,670,0
M,35,13500.0,668,1
M,25,24000.0,686,0
M,22,17500.0,675,0
F,43,20000.0,673,0
M,37,23000.0,725,1
M,24,21000.0,673,3
M,34,30000.0,699,1
M,49,40000.0,703,0
M,29,8000.0,673,0
M,32,14800.0,672,0
M,26,15000.0,691,0
M,38,32000.0,686,0
M,26,15000.0,663,2
F,33,35000.0,679,0
M,22,25000.0,648,1
M,21,24500.0,701,0
M,27,31000.0,674,0
M,21,30000.0,654,0
M,36,25000.0,657,1
M,26,50000.0,664,8
M,22,23000.0,621,2
M,40,44000.0,697,0
M,25,32500.0,720,0
M,34,15000.0,663,4
M,23,14500.0,651,1
M,39,30000.0,677,0
M,29,15000.0,637,0
M,30,25000.0,701,0
M,31,15000.0,679,0
M,23,13000.0,653,1
F,47,38000.0,677,0
M,35,20000.0,679,0
M,27,24000.0,667,1
M,27,26000.0,640,1
M,22,30000.0,674,0
M,46,13000.0,695,0
M,38,45000.0,691,0
M,43,40000.0,693,0
M,42,18000.0,696,0
M,36,13000.0,684,0
M,45,38520.0,676,0
M,32,24000.0,675,0
M,22,25000.0,664,0
F,28,22000.0,693,0
M,29,24500.0,677,0
M,21,28900.0,660,0
M,30,30000.0,686,0
M,26,14000.0,668,2
M,30,30000.0,663,0
F,45,18000.0,675,0
M,47,21000.0,675,2
M,25,20000.0,692,0
M,24,23000.0,677,2
M,49,20000.0,698,12
F,40,25000.0,664,2
M,31,45000.0,689,26
M,26,21000.0,653,0
M,29,45000.0,666,0
M,44,15000.0,695,0
M,45,60000.0,695,0
M,30,12000.0,671,0
M,32,21000.0,693,0
F,40,70000.0,667,5
M,34,50000.0,696,0
M,31,36500.0,671,0
M,31,12000.0,702,0
M,42,25000.0,678,0
M,31,17000.0,706,0
M,42,18000.0,692,1
M,37,14000.0,682,0
M,31,17500.0,682,0
M,29,18500.0,674,8
M,31,14000.0,706,0
M,43,20000.0,668,4
M,36,25000.0,699,0
M,29,35000.0,666,0
M,53,35000.0,676,0
F,31,27000.0,679,0
M,40,29000.0,640,6
M,25,31000.0,675,7
M,31,35000.0,685,1
M,59,18500.0,693,0
M,43,30000.0,687,0
M,28,18000.0,674,0
M,33,30000.0,660,2
M,36,14000.0,693,0
M,51,20000.0,701,0
M,26,25000.0,707,0
M,40,29000.0,669,0
M,45,7193.0,667,1
M,34,11500.0,683,0
F,45,15000.0,671,3
M,30,7000.0,688,0
M,23,25000.0,670,3
M,40,30000.0,720,0
F,29,18000.0,693,0
M,28,30000.0,667,1
M,28,30000.0,666,0
M,43,20000.0,685,0
M,35,22000.0,664,2
M,23,10500.0,666,0
M,53,33000.0,718,0
F,42,15000.0,696,0
F,44,20000.0,696,0
M,34,30000.0,702,5
M,51,45000.0,712,2
M,44,23000.0,708,0
M,46,50000.0,696,0
M,48,25000.0,695,5
M,33,20000.0,668,6
F,43,15000.0,689,0
M,49,34500.0,703,1
M,27,20000.0,688,0
M,35,15000.0,690,1
M,26,28500.0,691,0
M,38,25000.0,686,5
M,21,25000.0,658,0
M,39,30000.0,694,0
M,28,14000.0,688,0
F,55,30000.0,692,0
M,30,17000.0,696,0
M,35,19000.0,706,0
M,25,70000.0,658,2
M,22,33000.0,648,0
M,39,38000.0,661,1
M,26,18000.0,675,1
M,40,18000.0,676,28
M,35,20000.0,708,0
M,27,20000.0,676,0
M,26,55000.0,683,0
M,31,22000.0,680,0
M,42,50000.0,695,0
M,34,25000.0,665,0
M,50,20000.0,681,0
M,22,20000.0,671,0
M,32,16000.0,702,0
M,29,27000.0,681,2
M,35,42000.0,659,0
M,46,26000.0,659,0
M,42,50000.0,695,1
M,54,17000.0,688,0
M,36,20000.0,736,19
M,35,15000.0,695,0
M,33,60000.0,677,1
M,25,22000.0,692,0
M,35,25000.0,671,2
M,36,9000.0,663,0
M,37,20000.0,692,0
M,59,20000.0,711,0
M,49,80000.0,724,0
M,23,15000.0,676,0
M,33,18000.0,677,0
M,39,25000.0,683,0
M,55,21.0,697,0
M,30,18000.0,673,0
M,30,25000.0,697,2
M,35,20000.0,681,0
M,45,29000.0,686,0
M,30,55000.0,694,3
M,37,25000.0,689,1
M,29,23000.0,684,0
M,33,18600.0,690,0
M,50,22000.0,668,0
M,29,13046.0,676,0
M,24,15000.0,695,5
M,43,22000.0,661,0
M,25,20000.0,662,0
M,37,31000.0,674,8
M,36,20000.0,691,2
M,36,27000.0,695,0
M,41,13500.0,683,0
M,23,18000.0,662,8
F,31,24500.0,677,0
M,42,30000.0,681,0
F,44,35000.0,646,3
M,25,20000.0,683,0
M,36,31000.0,704,0
M,43,25000.0,679,0
M,39,19000.0,690,22
M,29,14000.0,697,0
M,42,17000.0,700,0
M,33,19000.0,758,0
F,30,22000.0,676,0
M,36,15000.0,680,8
M,32,40000.0,675,0
M,23,50000.0,637,1
M,49,35000.0,661,0
M,30,18500.0,679,0
M,25,40000.0,672,2
M,31,23500.0,676,1
F,44,40000.0,697,0
M,30,22000.0,531,15
M,39,19000.0,664,5
M,29,21000.0,690,0
M,27,50000.0,662,0
M,46,40000.0,737,0
M,43,55000.0,721,1
M,22,12000.0,667,0
M,38,60000.0,673,2
M,23,14500.0,661,1
M,36,30000.0,656,3
M,60,35000.0,698,0
M,24,19500.0,688,0
M,50,18659.0,687,0
M,35,15000.0,656,0
M,35,45000.0,718,0
M,22,14000.0,676,0
M,27,22000.0,666,2
F,53,40000.0,723,0
M,34,15000.0,657,0
M,36,25000.0,683,0
M,36,28000.0,647,8
M,38,31000.0,723,0
M,38,22000.0,684,0
F,25,50000.0,678,1
M,35,18000.0,674,0
M,41,30000.0,640,5
M,26,38000.0,660,0
M,23,30000.0,682,0
M,25,15000.0,676,0
M,22,22000.0,672,0
M,37,55000.0,699,7
M,36,40000.0,680,0
F,27,20000.0,699,40
M,36,40000.0,662,2
M,38,45000.0,650,2
F,34,22000.0,653,12
M,28,10000.0,688,0
M,27,31000.0,667,0
M,21,15300.0,682,0
M,30,13500.0,705,0
M,29,40000.0,671,0
M,37,26000.0,689,0
M,31,25000.0,671,0
M,33,20000.0,659,6
M,31,15000.0,659,1
M,30,20000.0,681,0
F,32,12000.0,691,0
M,33,22500.0,671,1
M,32,29000.0,677,0
M,44,18000.0,690,0
M,53,19500.0,659,1
M,34,18000.0,657,1
M,47,12.0,673,2
M,37,23000.0,663,0
M,29,30000.0,679,0
M,29,10000.0,644,1
M,33,18000.0,690,0
M,26,23000.0,705,0
M,23,20500.0,669,1
M,27,40000.0,654,0
M,25,40000.0,693,0
M,24,16900.0,661,0
M,33,18000.0,685,0
M,29,18000.0,661,0
M,26,18000.0,674,10
F,25,10000.0,676,0
M,22,28000.0,652,0
M,31,23000.0,674,0
M,36,16806.0,681,0
M,29,25000.0,684,0
M,44,18000.0,678,0
F,40,35000.0,710,0
M,42,25000.0,670,1
M,31,19000.0,696,1
M,30,29000.0,671,6
M,31,16000.0,693,0
M,32,24000.0,662,0
M,26,19000.0,645,1
M,32,28000.0,676,0
F,59,40000.0,682,0
M,28,11000.0,671,0
F,34,21000.0,693,0
M,31,36000.0,700,1
M,48,20000.0,686,0
M,28,10000.0,671,0
M,42,13000.0,671,1
M,28,40000.0,686,0
M,24,11500.0,708,0
M,44,50000.0,665,1
M,22,20000.0,689,0
F,58,30000.0,706,0
M,36,46286.0,697,0
M,37,30000.0,697,0
M,33,27000.0,698,0
M,26,16000.0,664,0
M,36,30000.0,667,7
M,43,23000.0,686,0
M,24,21000.0,688,0
M,60,20000.0,695,0
M,31,12000.0,661,0
M,24,20000.0,672,4
M,31,28000.0,686,0
M,53,16000.0,655,9
M,36,23000.0,671,0
M,31,42700.0,689,0
F,33,18000.0,689,0
M,41,60000.0,686,4
M,28,35000.0,678,10
M,30,16000.0,658,0
M,30,23000.0,673,0
M,21,12000.0,681,0
F,29,15000.0,699,0
M,56,21000.0,665,1
F,25,17500.0,648,0
M,35,15000.0,671,0
M,37,39000.0,724,0
M,42,25000.0,614,0
M,26,20000.0,677,0
M,58,10000.0,717,0
M,30,25000.0,666,5
M,42,25000.0,703,0
M,36,22000.0,696,0
M,28,16838.0,666,0
M,38,32000.0,677,0
M,30,9000.0,662,0
M,38,20500.0,699,0
M,34,38000.0,706,0
M,23,19000.0,672,2
M,35,30000.0,684,0
M,39,28000.0,686,0
M,38,30000.0,684,3
M,33,37500.0,678,0
F,33,18000.0,669,0
M,31,20000.0,687,0
M,53,14300.0,716,0
M,32,33200.0,669,0
M,27,25000.0,700,0
F,40,15000.0,695,2
M,34,50000.0,659,1
M,38,22000.0,698,0
M,31,48000.0,697,0
M,39,18000.0,674,2
F,54,25000.0,657,0
M,31,15000.0,645,0
M,58,22000.0,695,0
M,43,35000.0,686,0
M,28,15000.0,673,2
M,29,21000.0,687,0
F,37,20000.0,673,0
M,22,23000.0,653,0
F,39,10000.0,676,0
M,31,5000.0,677,0
M,46,18425.0,666,0
F,32,16000.0,675,0
M,28,15000.0,674,0
M,29,18000.0,678,0
M,41,23500.0,711,0
M,32,40000.0,678,6
M,41,18000.0,698,0
M,40,20000.0,690,29
F,43,16000.0,686,1
M,37,20000.0,680,0
M,30,18000.0,668,0
M,39,17200.0,705,0
M,34,23000.0,667,0
M,33,30000.0,682,11
M,25,25000.0,657,0
M,33,12800.0,703,0
F,23,20000.0,662,0
M,43,30000.0,726,0
M,22,17000.0,673,0
M,31,50000.0,665,0
M,37,10000.0,694,2
F,28,11723.0,687,0
F,39,10000.0,673,1
M,37,40000.0,694,3
M,24,15500.0,651,0
F,31,15000.0,674,3
M,34,32000.0,696,0
M,27,32000.0,639,1
M,33,20500.0,658,0
F,27,15000.0,662,1
M,55,28000.0,684,0
M,27,35000.0,675,0
M,23,30000.0,675,0
F,34,35000.0,628,0
M,33,25000.0,680,0
M,35,25000.0,684,13
M,36,19000.0,682,0
M,51,55000.0,682,0
M,31,25000.0,651,0
M,26,23000.0,679,0
M,27,16000.0,694,2
F,42,27000.0,668,0
M,42,37000.0,673,0
M,40,23500.0,688,0
M,37,38000.0,719,0
M,24,30000.0,665,2
F,26,12000.0,665,0
F,41,22000.0,682,0
M,29,18000.0,683,0
M,32,70000.0,595,0
F,37,27000.0,665,0
M,43,16000.0,673,3
F,35,16500.0,655,0
M,28,15000.0,672,0
M,35,23000.0,693,22
M,38,35000.0,693,0
M,49,60000.0,682,1
M,34,50000.0,710,2
M,32,26000.0,684,0
M,23,20000.0,702,0
M,31,28000.0,685,12
M,25,40000.0,680,3
F,25,40000.0,670,0
M,22,25000.0,668,0
M,28,18000.0,666,0
M,37,26000.0,644,0
M,36,35000.0,672,0
M,27,15000.0,678,1
M,22,30000.0,682,0
M,27,22000.0,670,0
M,22,30000.0,625,2
F,38,40000.0,669,0
M,43,33000.0,711,0
M,27,15000.0,681,0
M,28,35000.0,689,3
M,41,50000.0,680,1
M,32,30000.0,699,0
M,34,35000.0,656,17
M,45,25000.0,631,7
M,22,18000.0,674,0
M,37,12000.0,693,0
F,28,25000.0,698,0
M,31,50000.0,696,2
M,34,12000.0,687,0
M,25,20000.0,677,1
M,38,15000.0,653,2
M,28,42000.0,676,0
M,35,30000.0,604,1
M,37,26000.0,716,0
M,48,40000.0,677,0
M,36,20000.0,695,0
M,53,45000.0,674,0
M,25,18600.0,695,0
M,26,18000.0,653,2
M,23,15000.0,665,0
M,35,43000.0,712,0
M,34,17900.0,653,0
M,36,30000.0,703,0
M,45,40000.0,707,0
M,25,55000.0,670,0
M,25,28000.0,679,0
M,29,19000.0,684,0
M,30,23500.0,680,0
M,40,15000.0,675,0
M,24,30000.0,677,0
M,42,14000.0,671,0
F,34,34800.0,675,0
M,32,30000.0,665,0
M,32,19000.0,696,0
M,46,25000.0,671,3
M,36,35000.0,686,0
M,41,50000.0,673,3
M,25,15000.0,670,0
F,28,15000.0,665,9
F,51,20000.0,676,11
M,28,15000.0,687,0
M,31,25000.0,672,0
M,33,25000.0,687,0
M,37,18000.0,686,0
M,30,15000.0,660,0
M,24,17000.0,679,0
M,47,14500.0,700,0
M,23,13000.0,647,3
M,26,15000.0,689,0
M,29,16300.0,679,0
M,25,30000.0,696,0
M,32,35000.0,609,0
M,42,19000.0,712,0
F,51,21000.0,680,0
F,40,35000.0,676,0
M,30,33000.0,666,0
M,38,16000.0,686,0
M,32,18000.0,679,0
M,29,30000.0,656,0
M,22,55000.0,688,0
M,24,18000.0,672,0
M,22,17990.0,679,1
M,28,20000.0,665,6
M,27,22000.0,676,0
M,35,15000.0,686,0
F,32,50000.0,694,0
M,24,22000.0,654,0
M,24,22608.0,670,11
M,29,60000.0,669,2
M,38,15000.0,674,0
M,29,25000.0,693,0
M,30,47000.0,716,0
M,28,25000.0,693,0
F,37,11250.0,674,0
M,35,30000.0,698,0
M,22,18000.0,666,0
M,29,25000.0,661,0
M,29,18000.0,678,0
M,51,22000.0,685,0
M,22,15000.0,656,2
M,55,44909.0,734,3
M,45,40000.0,686,0
M,50,40000.0,707,0
M,27,18000.0,664,3
M,34,14000.0,692,0
M,44,30000.0,676,0
M,26,15500.0,678,15
M,26,22000.0,671,0
M,26,30000.0,680,0
M,40,25000.0,675,9
M,30,25000.0,687,0
M,32,28000.0,691,1
M,24,28000.0,657,1
M,42,12000.0,672,0
M,27,47000.0,682,3
M,29,15000.0,665,7
M,24,20000.0,673,3
M,33,20000.0,671,0
M,29,10000.0,670,4
M,29,15000.0,688,0
M,45,25000.0,693,0
M,43,25000.0,695,0
M,36,20000.0,678,0
M,42,28712.0,663,0
M,28,52500.0,672,0
M,37,20000.0,674,0
M,28,15800.0,682,0
M,26,20000.0,681,0
M,25,23000.0,686,0
M,26,21000.0,686,0
F,32,15000.0,675,0
M,24,20000.0,694,0
M,45,27580.0,716,0
M,30,17000.0,678,11
M,50,28000.0,681,5
M,46,28500.0,680,13
M,36,17500.0,689,0
M,52,35000.0,712,9
M,26,24000.0,667,0
M,23,31000.0,633,3
M,36,23000.0,678,0
M,44,50000.0,688,0
M,48,40000.0,745,0
M,30,30000.0,697,0
M,22,18000.0,682,0
M,41,28000.0,736,8
M,27,15000.0,670,0
F,30,11200.0,686,0
F,29,25000.0,685,0
M,31,23000.0,670,9
M,54,37500.0,737,0
M,44,23000.0,677,2
M,44,22000.0,675,0
M,24,22000.0,647,0
M,61,30000.0,706,1
M,26,25000.0,669,0
M,27,80000.0,638,2
M,34,50000.0,714,3
M,22,18000.0,690,0
M,36,50000.0,727,0
M,27,48000.0,688,0
M,28,35000.0,645,0
M,49,18000.0,685,0
M,30,18000.0,659,2
M,30,17000.0,673,0
M,26,6000.0,673,0
M,30,28500.0,667,4
F,28,62000.0,692,0
M,32,30000.0,685,0
M,25,19000.0,664,4
M,23,21000.0,665,1
M,35,15000.0,673,0
M,29,24000.0,678,0
M,38,27000.0,710,19
M,24,15000.0,691,0
M,33,3800.0,686,0
M,30,18000.0,683,0
M,38,35000.0,717,0
M,42,20500.0,697,1
M,35,51000.0,680,7
M,31,23500.0,677,0
M,23,17000.0,669,0
M,46,20000.0,664,1
M,26,80000.0,687,0
M,30,16000.0,675,0
M,25,20000.0,690,0
F,30,23500.0,694,0
M,21,20000.0,672,0
M,28,15000.0,667,0
M,21,15000.0,652,0
M,32,20000.0,694,0
M,30,16500.0,657,1
M,27,25000.0,697,0
M,42,38000.0,665,0
M,36,42000.0,699,0
M,31,45000.0,676,21
M,41,32000.0,678,0
M,28,62000.0,699,0
F,34,34500.0,708,16
M,29,30000.0,697,0
M,46,22000.0,687,3
M,39,30000.0,695,14
M,23,32500.0,690,0
M,24,45000.0,611,2
F,31,15000.0,691,0
M,41,20000.0,669,2
F,35,25000.0,668,0
M,23,30000.0,691,0
M,31,16000.0,660,1
M,29,20000.0,664,0
M,30,12000.0,687,11
M,27,45000.0,669,18
M,32,13500.0,656,0
M,33,12000.0,653,1
M,29,28000.0,674,0
M,48,12000.0,692,0
F,44,15000.0,682,5
M,44,30000.0,660,1
F,49,40000.0,670,3
M,33,21000.0,687,0
M,50,15000.0,669,0
M,23,18000.0,663,0
M,46,40000.0,707,3
M,29,12000.0,653,5
M,34,25000.0,738,0
M,29,30000.0,655,0
M,22,20000.0,671,0
M,35,20000.0,673,1
M,25,17000.0,690,0
M,22,28000.0,677,1
M,31,28085.0,673,0
M,29,11000.0,700,0
M,29,35000.0,668,1
M,24,18500.0,683,0
M,27,25000.0,673,0
M,22,17000.0,678,0
M,24,35000.0,678,2
M,24,20000.0,697,6
M,40,15000.0,675,0
M,42,28900.0,720,3
M,28,17000.0,662,3
M,37,30000.0,687,0
M,37,15000.0,680,0
M,45,28000.0,722,0
M,21,8000.0,672,0
M,30,15000.0,697,2
M,31,30000.0,697,2
M,40,20000.0,687,0
M,38,25000.0,677,0
F,34,28000.0,704,0
M,31,25000.0,666,2
M,36,18000.0,654,0
M,25,28000.0,680,0
M,36,32000.0,617,0
F,33,42000.0,688,0
M,32,27000.0,673,0
M,35,7000.0,705,0
M,26,32000.0,695,0
M,24,14000.0,639,0
M,23,19000.0,676,0
M,58,25000.0,688,0
M,27,30000.0,661,5
M,59,31000.0,705,3
M,42,30000.0,665,0
M,38,25000.0,681,0
M,43,23000.0,676,0
M,21,8000.0,690,0
M,56,26000.0,692,0
F,26,47800.0,644,0
M,25,20000.0,665,0
M,30,19000.0,661,0
M,31,14000.0,690,0
M,29,37500.0,631,6
M,44,20000.0,699,0
M,26,22580.0,649,0
M,25,31000.0,685,0
F,35,25000.0,694,0
F,40,25000.0,691,0
F,35,20000.0,686,0
M,52,18000.0,686,13
M,57,20000.0,685,0
F,36,11500.0,671,0
M,54,8000.0,679,0
F,47,35000.0,692,10
M,21,14000.0,677,0
M,32,18000.0,649,0
M,45,40000.0,703,13
M,48,15000.0,703,2
M,31,17000.0,691,0
M,29,19500.0,671,2
M,35,13000.0,673,0
M,29,62000.0,695,0
M,33,23000.0,726,2
M,29,44000.0,689,0
M,25,12000.0,686,0
M,35,41000.0,686,0
M,25,15000.0,630,1
M,24,18000.0,657,0
M,42,65000.0,642,4
M,45,19000.0,661,1
M,23,13500.0,657,0
M,28,25000.0,701,0
M,26,23000.0,687,12
M,31,26000.0,667,9
M,26,15000.0,676,0
M,21,46000.0,657,0
M,32,22000.0,662,1
M,41,50000.0,674,0
M,43,19000.0,649,0
M,27,19700.0,658,2
M,57,45000.0,676,7
F,37,35000.0,663,0
M,50,20000.0,712,0
M,29,70000.0,709,12
M,40,12000.0,675,0
M,35,22000.0,675,0
M,47,15000.0,698,0
M,32,14000.0,700,0
M,23,14000.0,667,0
M,22,25500.0,672,0
M,27,38600.0,677,0
M,47,15000.0,697,0
M,22,17000.0,702,9
M,38,18500.0,665,2
M,25,20000.0,687,0
F,47,13000.0,690,0
M,25,18350.0,659,7
M,22,2000.0,685,0
M,34,74000.0,667,10
M,22,21200.0,686,0
M,41,15000.0,727,0
M,21,45000.0,669,0
M,29,12000.0,666,7
M,47,13800.0,719,0
M,33,23393.0,714,3
M,24,18000.0,686,0
F,44,14000.0,673,0
F,25,15000.0,669,8
M,34,30000.0,682,0
M,27,12000.0,684,0
M,46,50000.0,672,0
F,27,11000.0,686,4
F,53,35000.0,723,0
M,52,11000.0,677,0
M,29,23000.0,680,1
M,39,23000.0,672,0
M,59,46000.0,733,0
M,36,25000.0,686,0
M,39,15000.0,664,7
M,25,33000.0,700,8
M,28,31000.0,669,0
M,26,14500.0,679,0
M,34,42000.0,645,1
M,25,17500.0,666,0
M,27,26500.0,662,0
M,28,30000.0,671,0
M,24,20000.0,682,0
M,26,28000.0,668,0
M,31,21000.0,712,8
M,33,31000.0,675,0
M,49,17000.0,671,0
M,29,38000.0,671,0
F,29,10000.0,677,0
M,28,16600.0,679,0
F,32,30000.0,673,3
M,21,15000.0,660,2
M,33,22000.0,697,12
M,44,45000.0,692,0
M,26,44000.0,700,6
M,26,18000.0,687,0
M,32,18400.0,697,0
F,39,20000.0,672,4
M,32,20000.0,659,0
M,43,15500.0,681,0
M,31,16000.0,650,0
F,28,19000.0,680,0
M,36,20000.0,686,0
M,28,16000.0,671,9
M,29,15000.0,651,0
M,39,32000.0,663,0
F,42,18000.0,688,0
M,30,13000.0,663,0
M,32,30000.0,677,22
M,29,20000.0,684,15
M,35,30000.0,647,1
F,32,60000.0,653,0
M,24,32000.0,647,6
M,38,25000.0,721,0
M,40,15000.0,691,0
M,38,30000.0,695,0
F,31,12000.0,660,0
M,30,35000.0,659,0
M,27,30000.0,688,0
M,33,25000.0,682,6
M,30,28000.0,693,0
M,32,23000.0,701,0
M,34,45000.0,691,0
M,46,15000.0,674,20
M,43,28000.0,713,0
F,24,17800.0,677,0
M,39,32000.0,673,0
M,34,25000.0,653,0
M,24,25000.0,691,5
M,31,35000.0,659,0
M,43,25000.0,709,0
M,25,17000.0,678,1
M,25,15000.0,644,0
F,23,23000.0,665,0
M,27,25000.0,660,0
M,46,18000.0,695,12
M,25,16912.0,685,0
M,28,43000.0,684,0
M,24,12000.0,702,0
M,43,20000.0,670,0
M,29,22000.0,664,4
M,39,45000.0,667,0
M,25,28000.0,674,0
M,36,17000.0,679,0
M,26,30000.0,677,1
M,24,20000.0,684,0
M,39,80000.0,647,0
M,24,23000.0,645,1
F,43,12000.0,680,1
M,25,18000.0,664,1
F,31,25000.0,681,0
M,35,12000.0,647,0
M,29,20500.0,687,0
M,24,28000.0,673,0
M,27,50000.0,703,0
M,33,34500.0,686,0
M,32,42000.0,672,0
M,26,25000.0,677,0
M,28,17000.0,634,2
M,49,50000.0,716,0
M,28,25000.0,669,6
M,51,20000.0,686,0
M,44,30000.0,659,0
F,28,40000.0,687,10
M,31,35000.0,678,1
M,30,35000.0,677,4
M,28,23000.0,674,0
M,34,12500.0,682,0
M,50,33000.0,698,0
M,33,25000.0,695,0
M,31,24000.0,685,0
F,39,23500.0,674,0
M,53,14000.0,658,2
M,38,25000.0,701,0
M,24,15000.0,657,0
M,34,30000.0,682,0
M,21,18000.0,680,0
M,44,45000.0,682,2
F,51,10000.0,683,0
M,62,35000.0,723,4
M,37,24000.0,655,1
M,40,40000.0,692,0
M,32,27500.0,694,0
M,37,30000.0,684,0
M,24,1500.0,659,0
M,30,40000.0,691,0
M,27,24000.0,648,4
M,31,25000.0,666,0
F,31,25000.0,646,0
M,33,70000.0,708,5
M,44,25000.0,672,0
M,29,15000.0,663,0
M,25,40000.0,654,0
M,31,40118.0,656,2
M,23,15000.0,665,1
M,45,42000.0,640,2
M,32,15500.0,667,0
M,26,21000.0,638,18
M,42,18000.0,701,0
M,39,30000.0,680,0
M,28,14087.0,680,1
M,23,17000.0,666,7
M,35,12000.0,721,0
M,42,22000.0,680,0
M,24,25000.0,668,0
M,42,13000.0,686,0
M,28,27800.0,665,0
M,30,20000.0,623,0
M,21,21100.0,670,0
F,21,15000.0,697,0
M,33,18000.0,669,4
M,28,25000.0,639,6
F,36,20000.0,680,0
M,24,20000.0,686,0
M,37,60000.0,693,0
M,36,45000.0,679,0
M,22,17000.0,677,0
M,35,16000.0,682,0
M,23,19000.0,699,0
M,21,17000.0,660,2
F,42,25000.0,674,0
F,33,40000.0,714,0
M,40,35000.0,689,0
M,23,11000.0,654,0
M,25,22000.0,664,0
M,34,16000.0,671,0
M,28,14780.0,686,0
M,32,22000.0,673,1
M,27,15000.0,663,1
M,26,20000.0,679,18
M,39,30000.0,675,0
M,36,20000.0,666,14
M,25,20000.0,652,7
M,27,25000.0,664,0
M,22,32000.0,668,0
M,33,50000.0,692,0
M,31,40000.0,669,0
M,29,48500.0,722,0
M,23,20000.0,668,7
F,33,8000.0,706,0
M,54,25000.0,701,0
M,25,12000.0,682,0
M,33,19000.0,675,0
M,33,80000.0,669,0
F,42,10000.0,661,1
M,52,25000.0,681,0
M,40,25000.0,712,0
M,25,41000.0,654,0
M,21,40000.0,658,0
M,27,23000.0,667,0
M,36,16000.0,652,2
M,24,15000.0,664,1
M,32,29000.0,704,1
F,34,21000.0,655,0
M,42,30000.0,710,0
M,33,25000.0,637,2
M,39,35000.0,687,0
M,25,16000.0,686,0
M,35,26000.0,684,22
M,33,18000.0,695,0
M,24,35000.0,681,0
M,38,35000.0,681,0
F,32,8000.0,686,0
M,34,25000.0,705,0
M,35,20000.0,695,2
M,58,18000.0,683,0
M,36,25000.0,674,2
M,32,40000.0,673,0
M,25,20000.0,686,21
M,45,15500.0,683,0
M,29,30000.0,674,0
M,28,20000.0,673,11
M,44,18000.0,675,0
M,60,30000.0,708,7
M,24,16000.0,683,1
M,38,16000.0,660,13
M,29,65000.0,560,9
M,22,25000.0,664,0
F,35,15000.0,672,0
M,29,30000.0,667,0
M,29,18000.0,698,0
M,33,30000.0,684,3
M,46,25000.0,677,1
M,35,30000.0,687,0
M,32,32500.0,655,1
M,31,30000.0,679,0
M,33,40000.0,695,0
M,31,16148.0,679,0
M,48,20000.0,694,0
M,31,29000.0,678,0
F,24,23500.0,698,0
M,27,16500.0,640,13
M,40,30000.0,678,0
M,27,22000.0,687,0
M,38,48000.0,728,0
M,22,10.0,696,0
M,30,19500.0,681,0
M,22,20000.0,650,0
F,30,25000.0,715,0
F,22,24000.0,664,2
M,45,60000.0,725,0
F,24,42500.0,686,0
M,22,20000.0,679,0
M,33,40000.0,702,12
M,28,26000.0,678,0
M,26,33000.0,686,0
M,51,40000.0,700,4
F,28,14326.0,679,3
M,41,32500.0,696,0
M,41,28000.0,677,0
M,35,25000.0,701,0
M,25,18500.0,684,2
M,44,65000.0,661,9
F,27,15000.0,689,0
F,28,9500.0,679,0
F,29,35000.0,689,0
M,32,171654.0,706,0
F,36,20000.0,683,1
M,45,22000.0,710,0
M,26,27000.0,669,0
M,24,28000.0,679,8
M,25,15000.0,677,0
M,24,30000.0,658,0
F,21,20000.0,675,4
M,39,20000.0,663,0
M,59,28000.0,688,0
M,34,15000.0,699,0
M,36,15000.0,644,4
M,50,15000.0,686,0
M,21,32000.0,686,0
M,23,35000.0,675,0
M,24,18000.0,662,0
M,43,38000.0,683,8
M,36,65000.0,655,1
F,24,32000.0,660,0
M,28,30000.0,672,0
M,28,13000.0,704,0
M,29,5000.0,679,0
F,47,20000.0,665,0
M,46,22000.0,689,0
M,48,10000.0,666,0
M,21,12000.0,670,1
M,34,20000.0,660,0
M,45,18000.0,687,0
M,41,14000.0,679,0
M,35,9500.0,684,0
M,40,65000.0,700,0
F,44,18000.0,651,0
M,29,16000.0,687,0
M,21,16000.0,662,0
M,42,52000.0,689,3
F,33,20000.0,666,1
F,30,15000.0,672,0
M,49,14000.0,670,0
M,28,21500.0,662,0
M,24,23800.0,669,0
M,30,30000.0,699,0
F,39,20000.0,686,2
M,28,20000.0,661,0
M,26,40000.0,664,1
M,27,16000.0,688,6
M,44,20000.0,693,0
M,31,30000.0,677,0
M,32,18000.0,659,2
M,26,10000.0,658,3
M,38,20000.0,668,0
M,23,20000.0,669,0
M,34,20000.0,655,1
M,40,18000.0,661,0
F,62,15000.0,711,0
M,50,40000.0,698,0
M,37,22000.0,705,15
M,32,12000.0,689,0
M,22,40000.0,670,0
M,29,15000.0,666,1
M,37,35000.0,687,13
M,48,35000.0,686,11
M,26,20000.0,672,3
M,51,40000.0,703,0
M,27,40000.0,683,0
M,27,30000.0,657,0
M,24,8000.0,672,1
M,46,25000.0,733,0
M,41,30000.0,723,0
M,30,19500.0,657,0
M,46,18500.0,700,0
F,44,21000.0,679,0
M,36,30000.0,695,0
M,28,48000.0,700,0
M,44,20000.0,692,0
M,29,25000.0,661,5
F,57,12000.0,681,0
M,36,25000.0,695,4
M,21,16000.0,692,0
M,24,20000.0,682,0
M,29,25000.0,680,0
M,42,24000.0,706,0
M,31,13000.0,693,0
M,44,70000.0,702,0
M,23,15000.0,689,0
M,35,20000.0,650,0
M,26,25000.0,682,0
M,36,30000.0,669,0
M,42,16000.0,652,11
M,37,33000.0,667,12
M,43,13000.0,682,0
M,22,47500.0,672,0
M,38,25000.0,682,1
M,23,15000.0,691,0
M,26,45000.0,667,0
M,34,33500.0,710,0
M,41,35000.0,688,0
M,23,41000.0,672,0
F,29,12000.0,703,0
M,26,30000.0,675,0
M,30,17000.0,670,0
M,27,16000.0,737,2
M,32,13000.0,703,0
M,32,10000.0,673,0
M,25,20000.0,680,0
M,45,36000.0,683,0
F,37,12000.0,680,6
M,25,18000.0,640,0
M,58,50000.0,696,2
M,22,40000.0,669,0
M,33,9800.0,714,0
M,45,30000.0,720,0
M,47,25000.0,668,0
M,37,15000.0,704,0
M,26,20000.0,661,0
M,36,15000.0,677,13
F,32,30000.0,682,0
M,25,13000.0,668,0
M,44,25000.0,690,3
M,33,22000.0,675,1
M,30,33000.0,679,0
M,24,13000.0,658,1
M,30,25000.0,627,0
M,36,25000.0,677,1
M,30,20000.0,710,0
M,43,25000.0,721,0
M,26,23600.0,656,0
M,38,25000.0,696,0
M,32,20000.0,676,7
M,30,30000.0,685,0
M,45,25000.0,698,5
M,43,45000.0,714,0
M,31,15000.0,700,0
M,39,36000.0,687,0
M,51,15000.0,694,0
F,41,69000.0,687,0
M,32,13000.0,687,0
M,24,40000.0,669,0
M,30,18000.0,702,0
M,25,13800.0,677,0
M,38,18000.0,705,0
F,36,15000.0,636,4
M,47,28000.0,658,1
M,42,15000.0,676,0
M,31,11000.0,668,7
M,33,26000.0,668,0
M,45,32000.0,687,3
M,50,22500.0,708,0
M,30,40000.0,672,0
M,34,25000.0,662,1
M,27,30000.0,660,0
M,42,70000.0,685,9
F,35,18000.0,696,0
F,37,22000.0,697,7
M,33,22000.0,689,0
M,38,37000.0,683,4
M,28,20000.0,677,0
M,54,23500.0,723,0
M,46,20000.0,678,0
M,28,37000.0,699,0
M,50,38000.0,684,2
M,44,55000.0,668,0
M,25,35000.0,674,0
M,29,15000.0,714,0
M,38,33000.0,676,0
M,39,75000.0,680,0
M,29,23000.0,671,0
M,31,28000.0,692,0
M,48,38000.0,704,2
M,43,12000.0,684,0
M,34,16837.0,677,0
F,47,48000.0,672,0
M,35,20000.0,711,7
M,24,18000.0,685,0
M,31,75000.0,681,0
M,42,22000.0,690,1
M,44,16000.0,697,0
M,30,23000.0,653,7
M,46,20000.0,665,0
M,24,10000.0,689,0
M,43,32500.0,676,0
F,49,20000.0,738,0
M,42,40000.0,682,0
M,28,40000.0,688,11
M,36,15000.0,648,0
M,35,20000.0,703,0
M,26,30000.0,650,2
M,27,14000.0,669,1
M,23,19500.0,653,0
M,28,35000.0,653,7
M,28,15000.0,673,0
M,24,12000.0,698,0
F,21,13016.0,669,0
M,34,25000.0,687,0
M,39,23800.0,664,0
M,43,36000.0,703,0
M,29,35000.0,676,4
M,26,20000.0,688,0
M,35,40000.0,692,0
M,30,13000.0,679,0
M,22,25000.0,667,0
M,35,30000.0,653,1
M,38,30000.0,677,0
M,23,15000.0,672,1
M,26,19500.0,653,0
M,51,11500.0,691,0
M,52,16500.0,685,0
F,28,35000.0,689,0
M,44,95000.0,686,16
M,38,40000.0,625,61
M,23,18000.0,671,0
M,44,45500.0,690,0
M,32,23000.0,680,0
M,39,21000.0,662,2
M,30,45000.0,676,0
M,26,26000.0,692,0
M,33,28000.0,669,4
M,31,50000.0,687,9
M,26,19500.0,656,0
M,25,35000.0,685,0
M,35,35000.0,673,1
M,26,19500.0,677,1
M,25,12000.0,690,0
M,27,20000.0,666,1
M,26,45000.0,654,1
M,53,60000.0,734,0
F,22,25000.0,630,0
M,33,14000.0,665,0
M,29,31000.0,646,6
M,51,18000.0,673,2
M,45,21500.0,697,0
M,25,27000.0,679,0
F,45,33000.0,677,1
M,36,19500.0,677,0
M,28,30000.0,684,0
M,27,22000.0,696,1
F,27,18000.0,705,0
M,44,17000.0,674,0
M,55,25000.0,755,16
M,26,30000.0,680,0
M,27,18000.0,671,4
F,40,20000.0,675,0
M,44,50000.0,711,0
M,28,14000.0,683,2
M,34,38900.0,683,15
M,32,17000.0,665,0
M,44,19500.0,683,0
M,45,24000.0,683,0
M,45,25000.0,643,0
M,26,25000.0,668,0
M,33,24000.0,686,0
M,55,30000.0,700,0
M,23,25000.0,642,1
F,48,45000.0,668,0
M,35,18000.0,691,9
M,51,12000.0,690,0
M,29,17000.0,682,0
M,39,18000.0,717,4
M,36,20000.0,679,0
M,26,16000.0,677,0
M,30,28500.0,673,1
M,22,15000.0,663,0
M,29,13000.0,707,0
M,29,25000.0,677,1
M,36,30000.0,695,0
M,57,27000.0,703,0
M,53,30000.0,660,3
M,27,44000.0,665,1
M,24,20000.0,666,0
M,22,16000.0,673,0
M,36,33000.0,668,0
M,25,38000.0,663,0
F,44,30000.0,669,0
M,28,18000.0,658,2
M,57,55000.0,675,0
M,25,30000.0,667,0
M,24,16000.0,672,0
M,31,19900.0,673,0
M,23,150000.0,688,0
M,30,30000.0,683,0
M,31,20000.0,651,0
F,38,18000.0,690,0
M,38,30000.0,675,0
M,24,15000.0,652,0
M,34,13000.0,663,5
F,23,35000.0,685,0
M,43,20000.0,707,0
M,26,35000.0,677,0
M,33,35000.0,683,3
F,35,20000.0,746,22
M,40,20000.0,667,0
M,33,37000.0,671,0
M,29,26000.0,654,0
M,30,18000.0,662,2
M,25,16000.0,687,0
M,22,17000.0,670,1
M,36,28000.0,694,0
M,33,30000.0,674,9
M,23,40000.0,674,0
M,23,20000.0,700,0
M,32,13000.0,671,0
M,32,60000.0,684,6
M,31,30000.0,701,2
M,45,30000.0,677,3
M,47,16000.0,675,0
M,35,20000.0,674,9
M,30,16500.0,693,0
M,23,15000.0,697,0
F,33,35000.0,689,0
M,22,34000.0,684,0
M,30,40000.0,670,0
F,24,26500.0,658,0
M,32,45000.0,666,2
M,32,20000.0,690,0
M,36,20000.0,704,0
M,29,23000.0,639,0
M,30,80000.0,642,3
M,25,15200.0,684,17
M,51,50000.0,697,0
M,42,30500.0,658,3
M,36,40000.0,692,0
M,63,25000.0,715,0
M,39,15000.0,672,0
M,29,20000.0,661,4
M,27,30000.0,666,6
M,23,20000.0,685,0
M,27,15000.0,687,0
M,41,20000.0,680,0
M,33,20000.0,684,0
F,24,19500.0,672,0
M,23,38000.0,666,2
M,42,45000.0,689,0
M,46,36000.0,664,2
M,36,28000.0,677,2
M,40,45000.0,697,4
M,40,16000.0,706,0
M,38,33000.0,685,0
M,33,13000.0,665,1
M,32,28000.0,660,2
M,22,20000.0,676,0
F,28,18000.0,707,3
M,29,25000.0,651,0
M,31,19000.0,674,3
M,36,16000.0,705,0
M,26,26000.0,679,0
M,25,11500.0,670,0
M,53,58000.0,718,0
F,42,20000.0,672,4
M,35,30000.0,672,0
M,55,42500.0,737,0
M,44,19000.0,688,0
M,50,22000.0,694,0
M,37,25000.0,656,0
F,33,35000.0,668,1
M,36,40000.0,681,0
M,45,40000.0,678,0
M,45,20000.0,666,6
M,30,25000.0,658,7
F,23,22000.0,680,1
M,38,1.0,683,2
M,28,26740.0,632,1
M,60,20000.0,711,5
F,37,17000.0,679,0
M,27,22000.0,664,0
M,28,10000.0,680,0
M,33,18000.0,663,1
M,22,14000.0,655,1
F,40,20000.0,672,0
M,26,42000.0,680,0
F,58,14000.0,660,1
M,25,18000.0,683,0
M,39,16700.0,680,9
M,29,25000.0,633,4
M,45,45000.0,674,4
M,45,22000.0,686,0
F,30,45000.0,673,3
M,36,15000.0,680,0
M,23,23000.0,676,0
M,26,13000.0,695,0
M,32,14000.0,667,0
M,24,20000.0,690,0
M,29,22000.0,667,4
M,22,30000.0,688,1
M,28,13500.0,661,1
M,34,30000.0,731,1
M,31,30000.0,744,10
M,46,30000.0,684,0
M,25,16000.0,665,3
M,26,25000.0,675,0
M,35,23000.0,729,5
M,24,12000.0,657,7
M,26,13000.0,696,0
M,50,45000.0,702,0
F,26,40000.0,663,0
M,37,18000.0,690,0
M,44,43000.0,679,0
M,60,25000.0,675,0
M,36,19000.0,678,0
M,24,19000.0,653,0
M,28,20000.0,678,1
M,34,55500.0,680,0
F,49,19000.0,681,11
M,46,20000.0,683,0
M,24,20000.0,677,0
M,37,22500.0,720,0
M,30,25000.0,686,0
M,38,40000.0,693,4
M,21,11000.0,696,0
M,51,40000.0,676,0
M,39,30000.0,705,0
M,24,25000.0,689,0
M,25,7500.0,678,0
M,36,40000.0,736,0
M,42,16500.0,677,0
M,26,60000.0,703,3
M,38,20000.0,719,0
M,33,22000.0,700,1
M,25,15000.0,699,0
M,28,50000.0,674,0
M,37,30000.0,678,0
M,39,25000.0,698,0
M,42,16500.0,666,0
M,31,35000.0,697,2
M,31,18500.0,646,1
M,62,25000.0,675,0
M,28,20000.0,695,0
M,24,20000.0,661,2
M,31,22000.0,654,0
M,44,12800.0,663,2
M,26,30000.0,668,0
M,28,30000.0,672,1
M,22,22000.0,670,0
M,41,30000.0,681,0
M,32,80000.0,588,0
M,26,38000.0,711,0
M,21,18000.0,669,0
M,48,35000.0,718,0
M,21,15000.0,663,4
M,39,15000.0,664,0
M,28,25000.0,670,0
M,32,15000.0,667,0
M,25,38000.0,694,3
M,21,10000.0,667,3
M,38,28000.0,666,0
M,52,50000.0,691,0
M,31,34500.0,671,0
M,29,29000.0,683,0
M,25,40000.0,715,0
M,36,45000.0,669,1
M,46,25000.0,684,0
M,38,40500.0,673,0
M,43,40000.0,686,0
M,35,45000.0,677,9
M,29,27000.0,665,26
M,55,25000.0,688,0
M,25,24300.0,678,0
M,49,35000.0,670,0
M,39,38000.0,665,12
M,38,33000.0,685,1
M,21,45000.0,655,4
M,21,15000.0,694,0
M,54,22000.0,715,1
M,32,20000.0,670,0
M,35,45000.0,666,0
M,29,15000.0,673,0
M,26,25000.0,665,1
M,22,15000.0,671,0
M,31,20000.0,696,0
M,44,20000.0,706,0
F,34,40000.0,668,0
M,47,30000.0,678,0
M,34,30000.0,666,2
M,26,12300.0,691,0
M,47,20000.0,732,0
M,43,50000.0,653,18
M,49,50000.0,685,0
M,31,16000.0,665,0
M,47,12000.0,727,0
F,28,20000.0,683,1
F,58,17000.0,693,0
M,43,17200.0,692,0
M,23,18000.0,641,0
M,36,25000.0,691,0
M,37,38000.0,724,0
M,48,46000.0,667,13
M,29,18000.0,688,0
F,35,33000.0,662,7
M,35,21000.0,667,6
M,24,17000.0,670,0
F,23,30000.0,669,0
M,30,15000.0,672,0
M,41,40000.0,677,0
M,29,19000.0,673,0
M,32,32000.0,668,0
M,24,20000.0,698,2
M,35,22300.0,674,0
M,35,23000.0,693,6
M,56,25000.0,664,0
M,47,23200.0,694,16
M,30,14000.0,661,4
M,32,25000.0,687,0
M,36,21000.0,676,0
M,28,22000.0,663,0
M,36,19000.0,682,13
M,26,21000.0,697,0
M,23,18500.0,660,1
M,38,48000.0,672,11
M,44,23000.0,687,0
M,30,25000.0,660,16
M,22,20000.0,680,0
M,44,33500.0,684,0
F,44,26000.0,653,3
M,44,20000.0,695,0
M,36,35000.0,665,4
M,43,30500.0,695,0
M,25,27000.0,683,0
M,26,25000.0,673,2
M,44,26421.0,746,11
M,35,22000.0,697,6
M,27,20000.0,677,0
F,52,25000.0,689,1
M,26,15000.0,673,0
M,53,47000.0,713,2
M,49,17000.0,696,0
M,30,35000.0,717,0
M,33,35000.0,633,0
F,27,13000.0,653,0
M,27,30000.0,656,1
M,22,14000.0,679,0
M,23,20000.0,650,0
M,27,15000.0,694,0
M,41,24100.0,700,0
M,25,25000.0,684,0
F,33,15000.0,672,0
M,21,18000.0,667,1
M,64,20000.0,681,0
M,22,52000.0,682,1
M,31,20000.0,682,0
M,22,16000.0,644,2
M,36,35000.0,683,17
M,41,28000.0,688,0
M,44,36000.0,704,0
M,36,40000.0,663,5
F,53,30000.0,727,0
M,24,10000.0,630,8
M,26,5000.0,663,0
F,24,13000.0,679,1
M,28,30000.0,678,0
M,29,20000.0,667,0
M,32,24000.0,700,0
F,41,40000.0,678,0
M,46,55000.0,687,1
F,35,50000.0,681,0
M,35,50000.0,664,4
M,31,37500.0,713,0
M,26,45000.0,711,0
M,62,20000.0,684,0
M,22,20000.0,688,0
M,57,59600.0,699,0
M,36,18500.0,680,0
M,22,35000.0,684,0
F,35,20000.0,670,18
M,45,24447.0,690,0
M,22,30000.0,671,0
M,31,18000.0,687,0
M,31,33000.0,672,0
M,45,30000.0,708,0
M,38,15000.0,713,0
M,35,20000.0,675,0
M,34,30000.0,703,0
M,27,45000.0,617,0
M,26,20000.0,652,16
M,33,12000.0,679,0
M,25,7000.0,707,0
M,45,28000.0,611,7
M,25,30000.0,699,0
M,26,8500.0,669,0
M,44,24000.0,685,0
M,26,65000.0,689,0
M,44,20000.0,674,3
M,36,14500.0,677,0
M,33,34000.0,658,2
F,35,25000.0,681,0
M,41,20000.0,675,0
M,36,28000.0,667,1
M,29,15500.0,683,0
M,51,52000.0,665,4
M,44,30000.0,650,3
M,41,12500.0,667,0
M,48,80000.0,699,0
M,34,30000.0,672,2
M,30,36000.0,691,0
M,56,22000.0,691,0
F,25,23800.0,681,0
M,25,10000.0,663,2
F,29,20000.0,678,0
M,34,28000.0,691,0
M,23,25000.0,676,1
M,52,40000.0,706,0
M,46,17000.0,667,0
M,40,25000.0,667,0
M,22,15000.0,679,0
M,34,45000.0,680,1
M,37,15000.0,674,1
M,25,65000.0,682,0
M,36,30000.0,678,0
M,27,12500.0,690,0
M,28,20000.0,657,0
M,35,14000.0,665,3
F,23,12000.0,664,0
M,23,45000.0,661,0
M,35,15000.0,662,4
M,31,21000.0,677,0
M,25,20000.0,672,0
M,32,44250.0,726,1
M,45,35000.0,683,0
M,39,20590.0,699,4
M,23,15000.0,683,0
M,31,13000.0,686,0
M,29,15000.0,677,0
M,45,12000.0,686,0
M,24,15000.0,677,1
F,46,125000.0,674,0
F,33,26000.0,656,0
F,38,20000.0,654,0
M,41,30000.0,679,0
M,32,40000.0,660,14
M,29,5000.0,687,11
M,29,14000.0,675,6
F,49,15000.0,686,0
M,34,20000.0,722,0
M,37,15000.0,675,0
M,47,27179.0,683,0
M,44,50000.0,711,7
M,32,38000.0,680,0
M,38,40000.0,680,0
M,51,23000.0,655,1
M,24,25000.0,675,0
M,28,16500.0,684,0
M,34,35000.0,691,8
M,44,37000.0,676,0
M,23,39000.0,689,0
M,29,25000.0,665,0
M,27,20000.0,669,0
F,32,35000.0,647,0
M,38,18000.0,685,0
F,24,15000.0,676,0
F,40,18000.0,655,0
M,54,35000.0,682,0
M,26,20000.0,668,1
F,31,18000.0,668,0
M,27,10000.0,678,0
M,30,13000.0,681,3
M,33,15000.0,675,0
M,34,24500.0,676,0
M,24,13000.0,699,0
M,25,16000.0,663,0
M,32,24000.0,688,0
M,22,17100.0,670,1
M,26,20000.0,646,2
M,24,30000.0,682,0
M,30,16000.0,657,0
M,23,22000.0,656,0
M,48,22000.0,694,0
M,43,22500.0,686,8
M,21,40000.0,660,0
M,24,22000.0,654,0
M,47,10000.0,699,0
F,21,29500.0,671,0
M,33,40000.0,654,3
F,35,29000.0,664,0
M,38,18000.0,682,0
M,29,30000.0,690,0
M,31,40000.0,667,10
M,39,25000.0,680,0
F,32,15000.0,656,3
M,25,35000.0,681,0
M,27,20000.0,688,0
M,22,25000.0,684,0
M,33,14000.0,668,1
M,29,25000.0,682,0
M,24,30000.0,688,5
M,36,50000.0,688,0
M,27,14000.0,683,6
F,27,25000.0,651,0
M,30,18000.0,666,1
M,27,48000.0,667,10
M,30,30000.0,658,0
M,27,16000.0,659,3
M,24,23000.0,692,0
M,39,23000.0,712,0
M,23,50000.0,692,0
M,22,18000.0,669,0
M,41,45000.0,743,0
M,31,15000.0,674,0
M,30,20000.0,693,0
M,23,20000.0,683,0
M,40,35000.0,702,0
M,22,18000.0,664,0
M,28,45000.0,691,0
M,28,30000.0,679,0
M,36,20000.0,723,14
M,24,10000.0,668,1
M,52,30000.0,688,0
M,28,30000.0,671,0
M,34,40000.0,664,0
M,28,18000.0,672,5
M,26,65000.0,686,0
M,41,15000.0,665,0
F,40,24000.0,697,0
M,31,25000.0,647,1
M,51,9009.0,691,0
M,33,75000.0,674,0
M,32,15000.0,711,0
M,50,15000.0,717,0
M,29,15000.0,664,0
F,46,35000.0,710,3
F,53,20000.0,701,0
M,28,32800.0,666,0
M,41,16000.0,686,0
F,35,16000.0,663,3
M,26,15000.0,683,0
M,25,11000.0,690,0
M,42,16000.0,700,0
M,53,20000.0,649,1
M,23,27000.0,678,0
F,47,20000.0,620,1
M,26,40000.0,694,0
M,44,25000.0,672,1
M,23,31000.0,680,0
M,31,15000.0,663,1
M,22,17000.0,682,0
M,44,50000.0,683,2
M,23,39000.0,666,0
F,32,45000.0,675,0
M,32,35000.0,694,0
M,46,18000.0,649,3
M,37,30000.0,675,0
M,24,32000.0,677,0
M,44,13000.0,703,0
M,46,22500.0,691,0
M,30,20000.0,700,0
M,47,18000.0,698,0
M,35,30000.0,688,6
M,37,31000.0,681,0
M,29,21000.0,679,0
F,43,15000.0,693,0
M,34,25900.0,708,0
M,50,25000.0,670,0
M,31,18000.0,683,0
M,26,45000.0,674,0
M,35,25000.0,673,0
F,34,21000.0,681,0
M,26,18425.0,683,0
M,40,15000.0,698,0
M,47,26000.0,709,0
M,38,25000.0,678,0
F,33,28000.0,678,0
M,28,25000.0,665,0
M,40,34000.0,688,2
M,44,35000.0,691,0
M,32,18000.0,663,1
M,33,29000.0,715,0
F,38,100000.0,682,10
F,40,18500.0,715,0
M,33,45000.0,681,0
M,30,13000.0,646,5
M,33,25000.0,682,3
M,36,45000.0,673,0
M,35,62000.0,680,0
M,29,25000.0,707,0
M,23,9400.0,681,0
M,47,20000.0,693,0
M,23,35000.0,674,0
M,34,18000.0,676,0
F,28,23000.0,600,0
M,54,32000.0,648,0
M,31,23780.0,667,0
M,29,53000.0,667,1
F,34,25000.0,677,0
M,27,20000.0,664,13
M,32,20000.0,662,23
M,33,25000.0,671,0
M,23,40000.0,683,0
F,24,35000.0,674,0
M,23,18000.0,672,0
M,38,35000.0,683,0
M,47,25000.0,692,0
M,39,14000.0,689,0
M,33,26000.0,686,0
F,30,12000.0,684,0
M,32,22000.0,663,0
F,31,12500.0,660,0
M,39,26000.0,677,0
M,48,20000.0,685,1
M,32,16000.0,691,2
M,28,20000.0,685,0
M,59,15000.0,685,4
M,40,25000.0,706,0
M,29,14000.0,681,1
M,32,20000.0,678,3
M,33,15000.0,676,0
M,40,25000.0,704,0
M,32,65000.0,704,17
M,30,16500.0,698,0
M,32,20000.0,687,1
M,32,18000.0,683,0
M,28,45000.0,690,0
M,21,16000.0,669,1
F,43,24500.0,710,0
M,37,18000.0,699,0
M,36,25000.0,693,0
M,30,35000.0,665,0
M,27,23000.0,658,1
M,41,25000.0,671,0
M,22,12000.0,679,0
M,33,15000.0,735,0
M,31,15000.0,673,1
F,51,18500.0,685,0
M,29,15000.0,699,0
M,40,12000.0,702,2
M,38,20000.0,708,0
M,31,25000.0,642,1
M,41,60000.0,679,0
M,26,30000.0,684,0
F,40,18000.0,684,32
M,51,28000.0,676,12
M,31,50000.0,658,1
M,29,10000.0,689,0
M,26,15000.0,691,0
M,23,19000.0,671,0
M,28,54000.0,688,0
M,32,15000.0,670,0
F,28,25000.0,667,3
M,30,19500.0,681,0
F,38,18000.0,761,2
F,25,40000.0,699,12
F,35,25000.0,688,0
M,26,17000.0,672,0
M,35,30000.0,690,0
M,32,60000.0,663,13
M,41,20000.0,714,0
M,31,24000.0,684,16
M,21,13500.0,666,4
M,30,21000.0,647,17
M,59,30000.0,740,4
M,21,10000.0,689,0
M,40,90000.0,657,0
M,28,28000.0,692,0
M,34,24000.0,681,1
F,37,75000.0,710,1
F,58,15500.0,684,0
F,42,10000.0,681,0
M,27,30000.0,698,0
M,43,38000.0,712,0
M,32,90456.0,684,2
M,21,14000.0,701,0
M,38,18000.0,681,0
M,26,18000.0,675,0
F,47,18000.0,678,0
M,29,40000.0,676,0
M,32,14000.0,706,0
M,38,54000.0,681,1
M,58,30000.0,679,11
M,36,22000.0,653,9
M,26,30000.0,679,4
M,31,23000.0,682,0
M,27,30000.0,668,0
M,47,40000.0,697,8
M,23,18000.0,676,0
M,32,10000.0,670,0
M,44,24000.0,686,0
M,51,18000.0,693,0
M,30,25000.0,670,0
M,22,25000.0,668,0
M,29,80000.0,659,0
M,28,22500.0,684,0
F,39,16000.0,687,7
M,22,18000.0,715,0
M,26,34000.0,692,0
M,30,25000.0,653,12
M,38,30000.0,697,2
M,30,22600.0,642,3
M,44,18000.0,692,0
M,34,16500.0,710,8
M,28,15000.0,685,1
M,32,26000.0,697,0
M,29,35000.0,679,3
M,42,42000.0,680,0
M,45,75000.0,679,66
M,31,45000.0,686,0
M,21,16000.0,680,0
F,58,13500.0,726,0
M,22,50000.0,678,0
F,45,18000.0,680,0
M,27,35000.0,696,0
M,40,14000.0,692,0
M,32,50000.0,683,0
M,26,18000.0,681,0
M,27,25000.0,662,1
M,32,20000.0,662,0
M,40,45000.0,737,0
F,21,13000.0,670,0
F,40,25000.0,689,0
F,37,15000.0,666,0
M,45,19000.0,759,7
M,49,40000.0,700,0
M,27,22000.0,689,0
M,44,20000.0,706,0
M,35,53500.0,686,0
F,30,30000.0,682,0
M,35,56900.0,684,0
M,29,32000.0,689,5
M,30,24000.0,696,0
M,38,45000.0,660,1
M,23,24000.0,662,0
M,29,15000.0,683,0
M,26,37000.0,685,0
M,30,50000.0,688,0
M,23,38000.0,648,0
M,30,15000.0,674,0
F,40,25000.0,691,0
M,35,55000.0,697,0
M,32,25000.0,685,2
M,36,24700.0,674,2
M,29,25000.0,670,0
M,36,42000.0,668,0
M,31,42000.0,675,0
M,27,12000.0,661,4
M,24,35000.0,676,0
M,29,29000.0,669,1
M,38,35000.0,686,0
M,42,20000.0,663,3
M,43,17000.0,716,0
M,43,35000.0,679,0
M,30,17000.0,674,0
M,28,32000.0,671,0
M,30,20000.0,672,3
M,35,50000.0,675,4
M,36,45000.0,658,14
M,40,19000.0,735,0
M,23,20000.0,656,1
F,27,18000.0,668,0
M,32,35000.0,653,0
M,32,18000.0,683,0
F,38,18000.0,680,0
M,25,49000.0,676,0
M,29,39500.0,689,0
M,36,1000.0,672,0
M,40,25000.0,688,0
F,22,9500.0,680,0
M,26,14000.0,697,0
M,38,25000.0,690,0
M,25,17455.0,683,0
M,38,20000.0,689,12
M,25,17000.0,686,0
F,42,46500.0,665,0
M,30,30000.0,680,0
M,28,12000.0,683,1
M,30,20000.0,656,0
M,37,11000.0,671,1
M,30,150000.0,664,2
M,44,42000.0,674,0
F,50,19000.0,691,0
M,28,20500.0,652,3
M,31,18000.0,652,2
M,26,20000.0,650,19
F,21,30000.0,667,0
M,29,19500.0,715,0
M,27,32000.0,680,5
M,48,24000.0,726,0
M,42,10000.0,675,6
M,28,20000.0,668,0
M,30,35000.0,688,16
M,27,26000.0,658,41
M,27,30000.0,694,0
F,34,18000.0,662,4
F,31,39800.0,702,0
M,27,17500.0,672,0
M,44,45000.0,685,0
M,37,18000.0,673,0
M,35,35000.0,685,0
M,30,75000.0,675,1
M,30,15000.0,688,0
M,32,25000.0,653,0
M,51,42000.0,720,0
M,48,38600.0,662,2
M,41,22500.0,682,0
M,47,18000.0,733,5
M,29,25000.0,676,3
M,33,21000.0,677,0
M,34,20000.0,693,0
M,29,25000.0,690,0
M,24,20000.0,678,0
M,29,18000.0,657,0
M,28,30000.0,654,2
M,36,30000.0,663,5
M,29,210000.0,679,9
M,49,17000.0,683,0
M,32,18000.0,669,0
M,26,20000.0,693,0
F,26,31000.0,702,0
M,27,12000.0,683,2
F,29,25000.0,681,0
M,57,28000.0,728,3
M,36,10000.0,686,0
F,42,18000.0,652,0
M,32,45000.0,679,0
M,28,16800.0,664,0
M,38,24000.0,703,0
M,34,18000.0,685,0
M,47,22500.0,668,0
M,32,12000.0,663,1
M,36,15000.0,693,0
M,48,24000.0,687,0
M,29,28500.0,690,0
M,41,45000.0,707,1
M,25,20000.0,672,1
M,21,31768.0,686,0
M,31,29000.0,724,0
M,43,27000.0,682,0
M,33,25000.0,702,0
F,30,18000.0,666,0
M,26,35000.0,664,2
M,35,58000.0,668,1
M,25,30000.0,682,0
F,21,16900.0,671,0
M,30,12000.0,687,0
M,30,15000.0,688,0
M,28,25000.0,659,0
M,32,33000.0,620,0
M,22,36000.0,683,0
F,34,18000.0,672,0
M,47,19000.0,673,3
M,44,32500.0,701,0
M,39,12500.0,687,0
M,27,18500.0,680,0
M,32,20000.0,651,1
M,32,20000.0,666,0
M,21,50000.0,698,0
M,27,23000.0,660,0
M,28,25000.0,682,4
M,35,13000.0,688,15
M,26,10000.0,668,0
F,39,25000.0,687,0
M,57,30000.0,693,0
M,27,25000.0,724,0
M,26,25000.0,677,5
M,36,17200.0,637,12
M,48,15000.0,672,0
M,36,24000.0,685,0
M,42,20000.0,681,6
M,23,25000.0,645,2
M,29,28000.0,666,0
M,36,30000.0,675,2
M,30,19000.0,667,1
M,24,13000.0,684,0
F,25,20000.0,679,0
F,48,29000.0,673,0
M,28,25000.0,684,0
M,35,15000.0,682,0
M,29,17542.0,641,13
F,45,15000.0,682,0
M,39,15000.0,622,2
M,25,18000.0,656,0
M,21,17000.0,641,0
M,36,19000.0,639,0
F,46,10000.0,675,0
M,22,14000.0,678,0
M,51,38000.0,664,3
M,34,18000.0,633,6
M,28,18000.0,660,0
M,56,25000.0,693,0
M,37,30000.0,686,0
M,46,50000.0,727,7
M,30,18000.0,682,0
M,27,20000.0,748,3
M,33,35000.0,692,10
M,29,18000.0,688,0
M,43,22000.0,658,0
M,24,15000.0,640,0
M,33,40000.0,674,1
M,22,17000.0,685,0
M,38,49000.0,723,30
M,23,35000.0,685,0
M,23,21000.0,690,0
M,39,32000.0,685,1
M,38,35000.0,675,0
M,34,33000.0,693,0
M,35,40000.0,711,0
M,36,18000.0,653,0
M,28,30000.0,669,0
F,37,25000.0,683,0
M,26,28000.0,695,0
F,47,20000.0,751,0
M,50,18348.0,698,2
M,23,19000.0,677,0
M,38,21000.0,669,1
F,50,25000.0,660,4
M,21,15400.0,675,0
M,22,13000.0,678,2
M,39,26000.0,649,7
M,33,22000.0,690,0
M,41,28000.0,718,0
M,32,35000.0,671,0
M,27,13000.0,655,1
M,26,25000.0,666,0
F,44,18000.0,692,0
M,36,25000.0,744,1
M,39,8000.0,671,0
M,33,25000.0,688,0
M,37,25000.0,680,0
M,21,15000.0,689,0
M,32,23521.0,675,0
M,44,11000.0,692,5
M,23,13500.0,679,0
M,46,25000.0,665,1
M,39,50000.0,690,10
M,22,14000.0,680,0
M,23,60000.0,682,0
F,35,11000.0,691,0
M,54,28500.0,687,0
M,22,22000.0,689,0
M,54,30000.0,689,0
M,46,50000.0,709,0
M,40,25000.0,664,0
M,25,40643.0,713,0
F,31,21000.0,708,0
M,38,19900.0,675,0
F,38,12000.0,658,4
M,45,8000.0,687,0
M,35,25000.0,688,0
M,25,19500.0,710,0
M,27,24000.0,686,0
F,33,21000.0,697,0
M,45,28000.0,705,0
M,30,50000.0,687,5
F,27,70000.0,679,0
M,32,32000.0,694,0
M,40,38000.0,719,0
M,24,25000.0,689,0
M,31,32000.0,690,0
M,40,50000.0,655,1
F,24,23000.0,667,0
M,29,22000.0,687,0
M,30,16000.0,683,4
F,38,38500.0,679,0
M,29,45000.0,690,0
M,37,16500.0,682,3
M,21,35000.0,649,5
M,23,25000.0,664,0
M,36,22500.0,652,0
M,35,23000.0,658,1
F,34,20000.0,697,0
M,27,55000.0,673,0
M,47,16000.0,696,5
M,27,17000.0,678,0
F,50,5000.0,723,0
M,32,25000.0,711,0
M,24,40000.0,681,0
M,22,35000.0,679,0
M,36,35000.0,721,4
M,26,15000.0,691,0
M,24,28000.0,655,0
M,24,18000.0,627,0
F,34,25000.0,668,0
M,27,35000.0,662,2
M,23,16000.0,681,0
F,44,12000.0,686,0
M,24,16000.0,666,0
M,35,20000.0,684,0
F,41,12000.0,675,0
M,29,45000.0,682,0
M,36,9500.0,700,0
M,35,40000.0,660,7
M,38,35000.0,705,0
M,26,80000.0,691,2
M,37,24000.0,680,0
M,35,20000.0,713,0
M,46,32500.0,690,0
M,27,18000.0,666,0
M,36,25000.0,730,3
M,22,18000.0,704,0
F,23,15000.0,688,0
M,39,20000.0,691,8
F,25,25000.0,684,0
M,24,17000.0,691,0
M,29,12000.0,703,0
F,44,50000.0,679,0
M,38,23800.0,681,13
M,30,20000.0,667,0
M,52,42000.0,710,1
M,29,40000.0,676,0
M,26,30000.0,633,3
M,27,60000.0,695,2
M,29,26000.0,698,9
M,30,30000.0,689,0
M,48,30000.0,684,0
M,35,40000.0,693,0
M,29,18000.0,653,1
F,32,29000.0,678,0
M,23,150000.0,680,0
F,43,30000.0,692,2
M,28,18000.0,684,0
M,36,45000.0,707,0
M,32,15000.0,684,3
M,42,22000.0,695,0
M,32,24000.0,682,0
M,23,17500.0,676,0
M,28,40000.0,670,5
M,45,40000.0,692,0
F,43,19000.0,704,0
M,22,30000.0,672,3
M,23,43000.0,671,0
M,43,26000.0,694,0
M,26,60000.0,685,16
F,48,55000.0,690,0
M,29,30000.0,699,0
M,31,17000.0,691,0
M,32,40000.0,661,21
M,27,20000.0,693,0
M,38,40000.0,714,0
M,33,18500.0,686,0
M,47,20000.0,677,0
M,40,23000.0,683,0
M,44,45000.0,690,2
M,32,48000.0,663,0
M,26,30000.0,694,0
M,22,20500.0,684,0
M,21,12000.0,677,0
M,35,200000.0,652,2
M,29,33000.0,687,0
M,44,27000.0,682,0
M,42,30000.0,706,0
M,36,30000.0,683,0
M,34,36000.0,649,0
M,27,18600.0,672,0
M,50,22000.0,660,3
F,49,26000.0,723,0
M,48,15000.0,680,4
F,29,15000.0,689,0
M,26,30000.0,707,0
M,29,18000.0,679,0
M,25,20000.0,668,0
F,31,20000.0,679,0
M,23,50000.0,698,0
F,38,30000.0,675,0
M,47,32000.0,718,0
F,40,15000.0,667,0
M,32,20000.0,676,1
M,23,15000.0,677,0
M,27,22000.0,670,0
M,25,25000.0,675,0
M,45,38000.0,699,0
M,23,16000.0,672,0
M,28,22000.0,678,0
M,24,9500.0,668,0
M,49,10000.0,708,0
M,40,35000.0,689,2
M,40,500000.0,730,34
M,23,14000.0,669,0
M,31,26000.0,668,2
F,32,22500.0,699,0
M,28,20000.0,671,0
M,28,23000.0,652,3
M,40,38000.0,622,3
F,36,25000.0,670,0
M,29,15000.0,703,0
M,33,17400.0,662,0
M,35,75000.0,682,0
M,23,19800.0,681,0
M,26,30000.0,671,0
F,35,17680.0,675,0
F,25,11000.0,668,1
M,35,25000.0,644,1
M,44,45398.0,687,0
M,28,50000.0,690,0
M,48,18000.0,702,0
M,30,15000.0,664,2
M,36,35000.0,683,2
M,24,13000.0,631,4
M,49,20000.0,677,0
M,23,65000.0,678,0
M,29,10000.0,658,1
M,26,20000.0,675,2
M,48,15000.0,670,5
F,36,20000.0,666,4
M,26,25000.0,676,0
F,39,21000.0,681,1
F,29,12000.0,700,1
F,42,25000.0,692,0
M,29,16000.0,667,0
M,30,23500.0,678,0
M,38,28000.0,695,0
M,35,30000.0,667,0
F,34,20000.0,688,0
F,39,25000.0,685,0
M,35,9860.0,684,0
M,27,35000.0,648,0
M,34,28000.0,685,4
M,43,40000.0,703,0
M,24,32000.0,694,0
M,34,20000.0,665,0
M,33,47000.0,683,0
M,34,30000.0,662,0
M,27,19500.0,705,0
M,35,17000.0,685,0
M,32,30000.0,704,0
M,25,20800.0,665,0
M,39,43000.0,673,0
M,36,35000.0,677,4
M,27,23000.0,674,0
M,30,15000.0,673,0
M,39,28000.0,692,0
M,36,25000.0,688,0
M,50,31000.0,703,0
M,34,23000.0,697,0
M,24,35000.0,676,0
M,28,45000.0,670,0
M,30,20000.0,651,0
M,25,11000.0,668,2
M,26,35000.0,670,0
M,25,100000.0,649,0
M,33,25000.0,689,0
M,26,12000.0,679,0
M,32,20000.0,711,0
M,25,17200.0,679,0
M,34,25000.0,693,0
M,35,20000.0,691,0
M,51,50000.0,735,0
M,34,18000.0,665,2
M,34,31000.0,686,0
M,24,25000.0,683,0
M,32,30000.0,660,1
M,28,30000.0,667,0
M,22,34000.0,663,0
F,41,45000.0,709,0
F,35,18000.0,692,1
M,29,15000.0,707,0
M,24,12500.0,670,0
M,25,19500.0,665,2
F,27,13000.0,677,3
M,28,25800.0,679,0
F,48,13500.0,668,1
M,23,20000.0,680,0
M,27,26000.0,674,0
M,36,35000.0,685,5
M,31,18000.0,681,0
M,39,17000.0,670,0
F,32,25000.0,681,0
M,32,25000.0,684,0
M,22,25000.0,695,0
M,25,20000.0,663,0
M,35,32000.0,693,0
M,34,18000.0,680,0
M,22,12000.0,675,1
M,23,15000.0,683,2
M,34,45000.0,677,0
M,46,29000.0,688,0
M,34,23000.0,681,3
M,35,18000.0,681,0
M,22,25000.0,694,0
M,33,18000.0,722,0
M,24,25000.0,666,0
M,23,14000.0,633,0
M,43,45000.0,692,3
M,30,42000.0,688,18
M,24,28500.0,686,0
M,46,35000.0,679,2
M,31,30000.0,699,0
M,30,48000.0,702,2
M,32,20000.0,726,7
M,24,20000.0,672,0
F,32,22000.0,672,0
M,25,14000.0,660,1
M,25,25000.0,678,0
M,41,20000.0,658,1
M,51,42000.0,708,0
F,35,24000.0,679,0
M,24,18000.0,684,0
M,30,35000.0,686,0
M,28,21000.0,604,0
M,32,14000.0,686,0
M,47,19000.0,682,0
M,44,35000.0,747,0
F,28,12.0,663,0
M,39,25000.0,653,6
M,36,18000.0,659,4
M,27,18000.0,670,0
M,28,18000.0,676,0
M,34,30000.0,702,0
M,50,32000.0,721,0
F,36,20000.0,660,5
M,21,28000.0,669,0
M,23,45000.0,684,0
M,26,30000.0,682,0
M,33,33000.0,689,0
M,31,70000.0,684,0
M,27,25000.0,701,0
M,29,15000.0,675,0
F,39,18000.0,680,0
M,35,25000.0,680,0
M,37,22500.0,664,1
M,44,20949.0,665,0
M,29,28000.0,680,0
M,23,13800.0,673,0
M,26,18000.0,676,0
M,45,25000.0,659,0
M,34,45000.0,680,0
M,39,30000.0,667,1
M,43,20000.0,656,2
M,34,17500.0,680,0
M,30,25000.0,680,0
M,45,24000.0,665,2
M,42,25000.0,680,0
M,44,23000.0,704,1
M,29,25000.0,669,0
M,33,30000.0,695,0
M,35,12000.0,714,0
M,36,25000.0,699,1
M,23,28000.0,680,0
M,32,15000.0,658,0
M,36,15000.0,689,0
M,29,37000.0,679,0
M,29,40000.0,684,0
M,37,17000.0,708,5
M,41,43000.0,708,0
M,31,35000.0,681,0
M,24,13500.0,685,0
M,31,11000.0,667,0
M,37,22500.0,703,10
M,43,23700.0,725,0
M,34,15000.0,687,2
M,42,23500.0,673,0
M,39,40000.0,681,2
M,23,26000.0,675,1
M,41,28000.0,681,0
M,53,18000.0,710,0
M,29,16000.0,683,0
M,22,40000.0,685,0
M,28,26000.0,668,0
M,33,30000.0,662,0
M,38,25000.0,712,0
F,25,15000.0,663,0
M,29,20000.0,679,0
M,48,30000.0,677,4
M,35,25000.0,667,3
F,44,30000.0,671,0
M,26,23000.0,688,0
M,23,24605.0,656,0
M,46,35000.0,691,3
M,35,25000.0,687,0
M,28,20000.0,687,0
M,62,22000.0,686,0
M,34,18000.0,687,0
F,51,15000.0,678,0
F,27,30000.0,673,0
F,28,25000.0,667,0
M,49,18500.0,677,0
M,39,21000.0,682,0
M,41,30000.0,694,17
M,34,26500.0,728,0
M,24,31000.0,673,2
F,43,15000.0,683,1
M,51,49000.0,682,2
M,29,35000.0,698,0
M,26,20000.0,703,0
F,38,12000.0,691,1
M,53,20000.0,690,0
F,37,25000.0,682,0
M,47,18500.0,655,0
M,32,30000.0,694,3
M,24,13500.0,670,0
M,22,40000.0,671,0
F,44,25000.0,718,0
M,43,35000.0,716,4
M,34,18500.0,713,0
M,23,22500.0,630,2
M,29,13000.0,669,0
F,34,13000.0,686,0
F,38,25000.0,685,0
M,29,50000.0,696,0
M,22,20000.0,683,0
M,22,20000.0,678,0
M,28,20000.0,680,0
M,27,28000.0,692,0
M,39,14000.0,647,2
M,35,30000.0,658,0
M,31,16000.0,694,0
M,45,20000.0,709,0
M,49,14000.0,670,0
M,37,15000.0,692,0
M,23,20000.0,692,2
M,39,42000.0,675,0
M,36,33000.0,654,0
M,31,21000.0,663,0
F,29,27000.0,665,1
M,26,20000.0,679,0
M,28,32000.0,685,0
M,21,14000.0,684,15
M,33,30000.0,705,0
M,29,40000.0,718,0
M,25,25000.0,668,0
M,34,35000.0,676,0
M,28,10.0,684,0
M,23,19500.0,686,0
M,52,15000.0,696,1
M,31,24000.0,663,0
M,38,25000.0,689,0
M,44,30000.0,711,3
M,55,35000.0,682,0
M,27,18000.0,663,1
M,41,22000.0,670,25
M,33,27500.0,683,1
M,45,13000.0,709,15
M,26,10000.0,672,0
M,27,15000.0,673,2
M,25,36000.0,670,0
M,35,30000.0,691,0
M,29,25000.0,712,0
M,25,18000.0,676,0
M,28,19000.0,697,0
M,32,23000.0,707,0
M,45,25000.0,685,0
M,29,21700.0,679,0
M,48,50000.0,691,0
M,48,25000.0,670,0
M,37,25000.0,677,1
M,32,40000.0,669,8
M,30,30000.0,678,10
M,47,35000.0,669,10
M,51,60000.0,694,4
M,26,25000.0,673,15
M,38,17000.0,696,0
M,27,29000.0,650,1
M,22,62800.0,673,2
M,28,30000.0,681,2
M,46,20000.0,707,0
M,32,32000.0,702,1
M,30,70000.0,659,2
M,24,33000.0,669,3
M,24,90000.0,675,0
M,28,15000.0,691,0
M,23,35000.0,669,0
M,55,45000.0,708,0
M,28,40000.0,689,0
F,32,14500.0,649,15
M,25,15000.0,685,0
M,44,35000.0,713,0
M,39,12000.0,655,1
M,35,15000.0,680,0
M,26,22000.0,687,0
M,28,40000.0,691,0
M,29,15000.0,674,0
M,26,30000.0,677,0
M,32,49000.0,674,15
M,46,45000.0,687,5
M,33,20000.0,683,0
M,41,35000.0,679,0
M,33,16900.0,708,0
M,26,35000.0,661,0
M,45,14000.0,677,0
M,42,50000.0,675,0
M,33,15000.0,688,0
M,28,24500.0,680,0
M,33,16000.0,620,0
M,36,22900.0,678,2
M,22,23000.0,604,0
M,29,15000.0,694,0
M,51,35000.0,710,0
M,50,30000.0,684,0
M,40,15000.0,657,0
M,33,20000.0,670,0
M,42,42000.0,674,0
M,25,20000.0,687,0
M,39,50000.0,672,0
M,52,25000.0,691,0
M,27,18000.0,671,0
M,29,18000.0,660,1
M,45,50000.0,660,1
M,43,12000.0,672,0
M,26,20000.0,683,0
F,31,73000.0,700,0
M,49,30000.0,678,2
M,32,60000.0,667,0
M,24,30000.0,662,1
M,48,25000.0,682,0
M,31,28000.0,625,1
M,24,15000.0,660,0
M,26,16000.0,672,0
M,33,14000.0,683,0
M,38,38000.0,702,0
M,37,32800.0,675,0
M,29,18400.0,696,0
F,28,45000.0,673,0
M,45,30000.0,713,0
M,43,28500.0,685,0
F,34,14000.0,679,1
F,29,16000.0,682,0
M,40,25000.0,678,0
M,24,25000.0,658,2
M,30,11000.0,652,1
M,25,17000.0,681,0
M,56,23500.0,677,0
M,58,19000.0,689,0
M,24,30000.0,686,0
M,25,22000.0,689,0
M,43,30000.0,660,3
M,27,30000.0,649,8
M,40,7000.0,690,0
M,43,13000.0,677,2
M,55,25000.0,598,0
M,30,14000.0,679,4
M,31,20000.0,654,3
M,36,20000.0,698,0
M,25,15000.0,683,0
M,42,17500.0,721,0
M,36,10000.0,643,3
M,23,16000.0,674,0
M,37,18000.0,688,0
M,34,26000.0,697,0
M,27,29500.0,691,16
M,52,20000.0,757,0
M,28,17000.0,683,2
M,43,45000.0,724,0
M,22,20000.0,685,0
M,30,40000.0,638,0
M,36,18500.0,688,0
M,33,25000.0,677,0
M,33,30000.0,686,0
M,34,23000.0,678,0
F,36,30000.0,690,0
M,32,60000.0,672,0
M,46,50000.0,673,2
M,48,49000.0,689,0
M,26,20000.0,669,0
M,50,20000.0,681,0
F,35,28000.0,698,0
M,26,18000.0,694,0
M,26,21000.0,685,0
M,24,11600.0,684,0
M,28,45000.0,666,1
M,24,48000.0,688,0
M,27,23500.0,683,0
M,36,30000.0,671,0
M,32,20000.0,679,0
M,26,25000.0,670,0
M,45,30000.0,705,0
M,39,20000.0,699,0
M,26,22000.0,673,0
F,46,40000.0,689,0
M,36,15000.0,728,21
F,33,20000.0,682,0
M,28,10000.0,698,0
M,34,28053.0,675,0
M,48,30000.0,690,0
M,36,24000.0,692,0
M,24,20000.0,664,0
M,50,35000.0,698,0
M,44,18000.0,713,7
M,26,16500.0,675,2
M,47,15000.0,704,0
M,33,35000.0,691,0
M,29,30000.0,680,0
M,36,12000.0,674,1
M,54,25000.0,680,1
M,37,26000.0,680,0
M,35,18500.0,683,0
M,23,20000.0,673,0
M,29,15000.0,685,0
M,38,38000.0,654,0
F,32,8000.0,673,1
F,24,10000.0,704,0
M,37,30000.0,669,0
M,47,30000.0,670,0
F,34,20000.0,661,67
M,26,40000.0,706,1
M,34,21000.0,685,0
M,37,75000.0,673,0
M,27,94000.0,656,0
M,33,38000.0,696,7
M,42,20000.0,704,1
M,51,20000.0,729,17
F,27,13000.0,649,0
F,35,12000.0,682,0
M,24,12000.0,674,0
M,35,40000.0,692,0
F,36,20000.0,647,3
M,35,43000.0,690,0
M,27,48000.0,614,0
M,25,18000.0,660,0
M,50,23000.0,724,0
F,25,20000.0,682,3
M,40,15000.0,703,0
M,39,25000.0,688,0
M,35,30000.0,681,2
M,59,16000.0,722,15
M,32,85000.0,688,2
M,30,30000.0,679,0
M,41,35600.0,678,14
M,27,21000.0,686,0
M,24,15000.0,705,0
M,33,25000.0,704,0
M,44,25000.0,681,0
M,37,30000.0,679,4
M,32,20000.0,674,0
M,57,28000.0,735,0
F,46,20000.0,713,0
M,31,34000.0,646,7
M,33,20000.0,650,1
M,26,50000.0,682,0
M,30,12000.0,678,0
M,39,25000.0,684,0
M,30,22000.0,668,0
M,29,23000.0,660,2
F,50,35000.0,691,19
M,27,50000.0,667,0
M,37,25000.0,678,1
M,33,18000.0,690,1
M,32,26000.0,672,9
M,48,21000.0,650,5
M,62,20000.0,643,5
M,23,30000.0,682,4
M,40,15000.0,683,0
M,28,19500.0,679,0
M,40,27000.0,723,0
M,29,35000.0,701,0
M,25,15000.0,668,0
F,52,32000.0,670,0
M,40,70000.0,602,19
M,27,40000.0,674,0
M,26,18000.0,680,0
F,43,38000.0,671,5
M,35,20000.0,661,11
M,41,21400.0,676,0
M,34,15000.0,673,0
M,34,35000.0,700,3
M,27,23000.0,679,4
M,37,20000.0,720,0
M,27,18000.0,687,0
M,25,17000.0,703,0
M,40,42000.0,677,6
M,38,40000.0,674,0
M,32,16500.0,677,13
F,60,50000.0,629,0
M,38,30000.0,667,2
M,32,27800.0,682,0
F,31,13000.0,687,0
M,32,12000.0,676,0
M,25,12000.0,675,0
M,30,25000.0,668,0
M,35,40000.0,695,0
M,54,40000.0,702,5
M,34,20000.0,656,0
F,32,46000.0,681,0
M,41,20000.0,690,0
M,45,25800.0,652,0
M,34,30000.0,682,0
M,30,12000.0,680,6
M,31,20000.0,668,0
M,49,18500.0,726,0
M,30,25000.0,671,0
M,45,25000.0,731,0
M,35,18000.0,691,0
M,33,24500.0,673,0
M,28,19500.0,672,0
F,29,15000.0,685,1
M,23,30000.0,643,2
M,33,25000.0,638,1
M,44,25000.0,691,0
M,30,17000.0,687,0
M,23,24000.0,663,0
M,29,35000.0,659,15
M,23,21000.0,637,1
M,27,21000.0,682,0
M,34,35000.0,689,1
M,44,14750.0,653,0
M,34,30000.0,684,0
F,49,20000.0,679,0
M,34,12.0,672,0
M,40,13000.0,676,0
M,41,25000.0,706,4
M,26,35000.0,713,0
M,38,60000.0,696,4
F,35,56000.0,677,1
M,51,38000.0,676,0
M,25,24000.0,678,3
M,22,29000.0,675,0
M,23,30000.0,666,0
M,33,25000.0,670,1
M,28,20000.0,696,0
M,22,11500.0,704,0
M,47,45000.0,735,6
F,25,18000.0,673,1
M,31,16000.0,652,2
M,36,25000.0,661,1
M,40,25000.0,681,0
F,34,35000.0,670,0
M,24,12000.0,683,1
M,59,20000.0,682,0
F,43,30000.0,677,0
M,28,31000.0,682,0
F,51,18400.0,664,5
M,36,55000.0,650,5
M,24,30000.0,684,0
M,25,20000.0,686,0
M,29,20500.0,690,0
M,30,35000.0,692,0
M,40,30000.0,701,0
M,33,43000.0,698,3
M,29,10000.0,656,2
M,27,28000.0,659,0
M,34,25000.0,663,1
M,49,25000.0,637,0
F,32,17490.0,677,0
M,29,12000.0,673,0
F,42,53500.0,701,12
M,42,18000.0,718,0
M,37,33000.0,740,0
M,37,16000.0,681,0
M,24,30000.0,672,0
M,37,25000.0,669,1
M,24,9500.0,677,0
M,28,13000.0,679,0
M,46,35000.0,680,0
M,38,29000.0,673,1
M,23,12000.0,669,0
M,38,70000.0,687,0
M,33,23500.0,661,18
M,21,18000.0,677,0
M,39,29000.0,646,4
M,23,22000.0,662,8
M,24,16500.0,632,0
M,42,18000.0,698,0
M,30,25000.0,695,0
M,33,40000.0,656,1
M,25,23000.0,671,0
F,47,22000.0,597,0
M,47,20000.0,675,3
M,41,12500.0,697,0
M,32,28000.0,671,0
M,38,22000.0,704,0
M,47,35000.0,681,0
M,21,50000.0,648,0
F,38,17500.0,697,0
M,37,29000.0,682,0
M,35,35000.0,670,3
M,31,13500.0,667,7
M,26,26300.0,670,0
M,41,28000.0,678,6
F,27,35000.0,666,0
F,43,12000.0,667,0
M,58,18000.0,694,0
M,43,11000.0,682,0
M,24,25000.0,662,0
M,47,16000.0,689,0
M,23,5000.0,687,0
M,39,8500.0,666,1
M,30,14000.0,682,0
M,31,20000.0,670,0
F,27,20000.0,682,0
M,34,30000.0,600,9
F,29,80000.0,683,0
M,35,18000.0,700,0
M,47,50000.0,721,0
M,41,28000.0,690,0
M,28,25000.0,712,0
M,32,30000.0,688,0
M,26,13000.0,672,0
F,49,40000.0,682,0
M,35,20000.0,671,0
F,50,40000.0,676,0
M,37,48500.0,677,0
F,39,30000.0,693,0
M,24,16000.0,657,0
M,32,35000.0,694,0
M,34,26500.0,668,0
M,24,18000.0,677,0
M,28,20000.0,670,0
M,53,23000.0,673,0
M,29,20000.0,674,0
M,33,13500.0,672,0
M,30,20000.0,680,2
M,33,33000.0,692,3
M,28,20000.0,680,0
M,34,20000.0,678,0
M,26,22500.0,684,4
M,21,35000.0,687,0
F,31,15000.0,660,1
M,33,25000.0,678,0
F,30,21000.0,644,3
M,27,15000.0,677,0
M,24,15000.0,650,0
M,28,30000.0,696,0
M,37,15000.0,679,0
M,31,30000.0,647,9
M,59,15000.0,706,0
M,25,34800.0,660,6
M,28,17600.0,667,1
F,28,15000.0,677,0
M,38,18500.0,706,3
M,36,18000.0,688,0
M,26,20000.0,695,0
M,40,22000.0,746,0
M,56,13500.0,681,0
F,50,15500.0,659,1
M,32,15000.0,682,0
M,57,30000.0,722,0
F,43,25000.0,681,3
M,24,39500.0,638,0
F,30,12500.0,676,0
F,30,40000.0,661,0
M,41,26000.0,520,0
M,32,25000.0,576,0
M,39,28000.0,715,0
M,38,25000.0,672,0
M,25,9000.0,674,0
F,34,29000.0,669,3
M,23,25000.0,674,0
M,28,28000.0,675,0
M,28,40000.0,673,0
M,23,18000.0,655,2
M,36,45000.0,679,3
M,25,35000.0,605,0
M,25,41000.0,664,5
M,53,18000.0,679,4
M,33,34000.0,659,4
M,30,35000.0,671,0
M,39,14200.0,710,0
M,36,75000.0,669,0
M,36,32000.0,680,0
M,45,85000.0,729,0
M,35,20000.0,585,32
M,34,40000.0,676,1
F,52,38200.0,675,0
M,44,17000.0,668,0
M,36,30000.0,660,13
M,23,15000.0,655,0
M,31,20000.0,672,0
M,42,25000.0,666,0
M,47,25000.0,687,0
M,32,18000.0,658,0
F,22,15000.0,682,0
M,21,15000.0,687,0
M,23,13000.0,702,0
M,38,45000.0,643,2
M,22,60000.0,685,0
F,37,20000.0,677,0
M,38,28000.0,702,0
F,28,18000.0,654,0
M,28,22000.0,677,0
M,38,18000.0,698,0
M,23,11000.0,698,0
M,24,25000.0,708,0
M,42,15000.0,690,0
F,49,12500.0,704,0
M,57,15000.0,702,0
M,37,25000.0,706,30
M,47,18000.0,676,2
M,29,40000.0,668,0
M,41,30000.0,665,0
M,25,18000.0,680,0
F,28,11000.0,653,0
M,37,36000.0,681,0
M,34,40000.0,685,0
M,22,38000.0,669,1
M,48,30000.0,645,4
M,23,14000.0,687,0
M,22,15000.0,662,0
M,34,25000.0,665,10
M,27,80000.0,628,0
M,33,20000.0,691,11
M,50,23000.0,692,2
M,32,55000.0,641,5
M,28,35000.0,674,0
F,48,17500.0,688,0
M,39,18000.0,687,0
M,38,24500.0,683,0
M,43,32000.0,629,11
M,26,16000.0,694,0
M,43,27000.0,688,0
M,24,15000.0,675,0
M,53,22000.0,660,0
M,37,30000.0,669,0
M,23,30000.0,646,6
M,34,32800.0,707,4
M,57,32000.0,711,0
M,34,34380.0,674,0
F,30,15000.0,676,3
M,31,16000.0,682,0
F,32,18500.0,682,0
M,32,17000.0,697,0
M,43,45000.0,666,9
M,26,16750.0,678,0
M,45,15500.0,663,1
M,47,35000.0,696,0
M,31,28000.0,692,0
M,25,24800.0,630,0
F,26,18000.0,683,0
M,37,25000.0,655,0
M,31,35000.0,714,0
M,30,20000.0,706,0
M,31,29500.0,688,0
M,28,32000.0,663,1
M,31,44000.0,691,0
M,31,17000.0,690,0
M,39,25000.0,670,1
M,21,32000.0,689,0
F,28,10890.0,682,0
M,27,16000.0,670,0
M,35,20000.0,658,5
M,34,35000.0,678,7
M,44,25000.0,678,2
M,44,12000.0,674,6
M,25,15500.0,678,4
M,29,22000.0,682,0
M,34,25000.0,701,18
M,39,25000.0,679,0
M,48,27300.0,712,5
F,27,15000.0,674,0
M,36,60000.0,695,0
M,21,44000.0,673,0
M,31,80000.0,723,0
M,27,12000.0,685,3
M,39,55000.0,689,1
M,31,49000.0,690,6
M,32,30000.0,713,0
M,34,33500.0,712,0
M,31,25000.0,668,0
M,39,20000.0,695,0
M,47,38000.0,668,0
M,24,18000.0,694,0
M,31,18000.0,698,0
M,26,16500.0,691,2
M,24,35000.0,676,0
M,22,24000.0,686,0
M,43,25000.0,661,2
F,38,20700.0,698,2
M,28,24000.0,680,11
M,29,22000.0,700,0
M,55,80000.0,686,3
M,51,73000.0,691,0
M,35,32690.0,695,0
M,33,26000.0,667,1
M,39,13298.0,659,8
M,51,15000.0,680,0
M,39,29000.0,698,2
M,28,55000.0,678,0
F,34,18000.0,661,0
M,24,20000.0,640,3
M,23,24000.0,667,1
M,46,27625.0,683,0
M,36,12000.0,689,0
M,43,14000.0,688,0
F,36,17000.0,684,0
M,21,12000.0,701,1
M,23,15500.0,669,2
M,25,45000.0,637,7
M,32,23000.0,683,0
M,39,20000.0,663,0
M,26,25000.0,671,1
M,21,38000.0,691,0
M,34,30000.0,704,2
M,31,15000.0,676,11
F,44,10000.0,699,0
M,44,25000.0,698,1
M,33,35000.0,684,0
M,57,36000.0,702,0
M,38,40000.0,679,0
M,31,28000.0,669,0
M,37,15000.0,689,0
M,29,20500.0,679,0
M,35,15000.0,655,0
M,31,16500.0,719,0
M,29,34000.0,692,0
M,51,12000.0,678,0
M,51,95000.0,716,0
M,28,20000.0,729,2
M,34,21500.0,675,0
F,32,15000.0,685,0
M,23,20000.0,669,0
F,24,25000.0,691,0
F,32,10000.0,667,2
M,36,11500.0,669,0
M,29,32000.0,697,2
M,34,32000.0,692,1
M,26,25000.0,662,0
M,30,35000.0,680,0
F,27,17000.0,676,0
M,35,24000.0,666,2
M,40,30000.0,667,0
M,35,12000.0,685,2
M,32,15000.0,694,0
M,22,30000.0,663,2
F,27,20000.0,732,0
M,46,75000.0,661,0
M,45,23000.0,676,53
M,24,90000.0,682,0
M,29,25800.0,699,1
M,29,20000.0,692,0
M,35,26000.0,684,1
M,33,20000.0,658,0
M,26,28000.0,693,0
F,37,28000.0,669,4
M,25,20000.0,683,0
M,23,25000.0,650,1
M,40,28000.0,682,6
M,48,18000.0,686,0
M,33,20000.0,673,0
M,23,18500.0,658,3
F,35,20000.0,669,1
M,32,21000.0,717,0
M,24,14500.0,683,0
M,37,11000.0,692,0
M,24,35000.0,684,0
M,42,17000.0,680,0
F,23,14500.0,691,0
M,27,18000.0,693,0
M,33,13000.0,689,0
M,43,18000.0,682,0
M,44,25000.0,688,0
M,36,25000.0,663,7
M,26,15000.0,695,0
M,29,20000.0,677,4
M,45,18900.0,702,0
M,35,25000.0,733,8
M,40,38000.0,670,0
M,34,90000.0,666,5
M,29,18500.0,677,0
M,25,17500.0,674,0
M,38,18000.0,679,0
M,47,25000.0,661,0
M,29,35000.0,708,0
M,42,27000.0,689,0
M,44,25000.0,676,0
M,39,25000.0,715,0
F,25,20000.0,686,0
M,43,17000.0,714,0
M,26,20000.0,683,0
M,29,25000.0,661,1
M,40,60000.0,678,0
F,44,30000.0,652,0
M,31,35000.0,660,1
M,28,25000.0,673,0
M,51,30000.0,717,0
F,24,15000.0,679,0
M,47,30000.0,688,0
M,27,17000.0,685,0
M,30,31000.0,659,0
M,33,15000.0,672,1
M,28,15000.0,684,1
M,28,10000.0,674,0
M,42,17000.0,705,0
M,40,53000.0,722,0
M,30,30000.0,656,0
M,29,17500.0,673,12
M,22,50000.0,714,0
M,27,30000.0,677,0
M,24,15000.0,703,0
M,24,16000.0,684,0
M,36,15000.0,669,0
M,33,14000.0,705,0
M,34,15000.0,695,1
M,47,70000.0,697,6
M,37,16000.0,704,0
F,31,22000.0,685,0
M,22,25000.0,660,0
M,21,22000.0,684,0
M,30,18000.0,665,0
M,24,30000.0,662,0
M,36,23000.0,678,6
M,29,25000.0,670,5
M,25,17900.0,667,1
M,29,18000.0,665,0
M,52,25000.0,677,14
F,38,25000.0,691,0
M,28,24000.0,666,3
M,50,25000.0,706,0
M,28,19540.0,661,0
M,25,17000.0,678,0
M,47,45000.0,670,13
M,38,40000.0,663,3
F,33,35000.0,680,2
M,45,25000.0,663,0
M,32,16000.0,671,0
M,26,16000.0,680,0
M,26,20000.0,671,1
M,23,15000.0,698,0
M,40,25000.0,676,2
M,31,20000.0,673,16
M,30,20000.0,659,13
M,25,30000.0,679,0
M,38,43000.0,673,4
M,36,21000.0,712,0
M,25,12600.0,670,2
M,36,35100.0,651,3
M,26,45000.0,683,0
M,22,18000.0,648,0
M,46,25000.0,730,0
M,49,47000.0,686,0
M,27,44000.0,681,0
M,43,21000.0,647,0
M,30,35000.0,669,0
M,38,22000.0,699,0
F,32,10000.0,689,0
M,27,14500.0,688,0
M,32,20000.0,661,1
M,21,14000.0,678,0
M,24,24000.0,649,0
M,35,39500.0,592,0
F,46,6500.0,679,0
M,47,25500.0,647,0
M,22,13000.0,668,0
M,30,18000.0,692,0
M,25,23000.0,689,0
M,47,25000.0,691,0
M,25,15000.0,674,0
M,33,20000.0,686,0
F,35,15000.0,700,0
M,42,30000.0,680,0
F,28,15000.0,694,0
M,41,24000.0,670,2
M,29,18000.0,704,6
M,24,20000.0,657,0
M,35,50000.0,709,0
M,30,24000.0,676,1
M,27,25000.0,685,0
M,39,38000.0,687,0
M,49,20000.0,681,0
M,23,14000.0,639,0
M,50,15000.0,696,0
M,43,18000.0,676,0
M,27,30000.0,689,0
M,41,25000.0,636,0
M,23,12000.0,682,0
M,26,25000.0,685,0
M,38,40000.0,707,2
M,34,13200.0,686,0
M,28,40000.0,665,11
M,21,14000.0,652,1
M,33,12000.0,696,0
M,27,30000.0,678,4
M,31,21000.0,668,0
M,29,50000.0,671,0
M,27,25000.0,687,0
M,32,8000.0,669,0
M,22,25000.0,688,0
M,36,20000.0,711,0
M,51,30000.0,701,0
M,26,19800.0,661,0
M,39,20000.0,663,2
M,35,15000.0,665,0
F,43,16000.0,689,0
M,37,34000.0,668,0
F,44,380000.0,629,3
M,42,18000.0,745,10
M,23,16000.0,655,0
F,25,15000.0,684,13
M,42,25000.0,691,0
M,46,16000.0,694,5
M,21,20000.0,664,3
M,37,23000.0,689,1
M,28,15000.0,676,4
M,40,22500.0,688,2
M,23,14000.0,684,0
M,31,20000.0,677,3
M,30,25000.0,667,1
M,40,35000.0,671,15
M,32,20000.0,696,0
M,40,15500.0,667,4
M,31,20000.0,686,0
M,43,15000.0,666,5
M,25,21000.0,657,27
F,44,12500.0,700,0
M,53,14000.0,675,0
M,30,23000.0,678,0
M,29,30000.0,700,0
F,55,45000.0,667,0
F,32,20000.0,682,0
M,30,40000.0,688,0
F,47,20000.0,705,10
M,40,150000.0,673,0
M,41,20000.0,664,2
M,32,18000.0,665,0
M,28,25000.0,671,4
M,26,75000.0,656,0
M,48,23000.0,695,0
M,25,26000.0,658,0
M,52,50000.0,680,0
M,37,18500.0,685,0
M,33,45000.0,670,0
M,26,23000.0,655,10
M,44,23000.0,686,5
M,23,19000.0,683,0
M,35,20000.0,702,5
F,34,75000.0,643,0
M,33,30000.0,704,0
M,39,15000.0,685,1
M,27,50000.0,675,0
M,52,24000.0,646,1
M,38,13000.0,713,0
M,32,12000.0,647,2
M,31,33000.0,683,8
M,42,20000.0,698,0
M,41,25000.0,681,0
F,59,20000.0,694,0
M,45,45000.0,698,10
M,48,25000.0,702,0
M,44,25000.0,702,0
M,42,25000.0,680,0
M,27,85000.0,653,11
M,31,22000.0,687,0
M,24,16000.0,662,1
M,61,39000.0,677,3
F,28,28000.0,731,0
M,28,32000.0,676,0
M,32,24500.0,684,0
M,32,20000.0,673,0
M,56,43500.0,690,1
M,36,36000.0,714,0
M,31,17000.0,699,0
M,48,18000.0,694,0
M,59,15000.0,639,1
F,33,32500.0,665,0
M,46,15000.0,672,0
M,34,18000.0,677,0
M,27,16000.0,672,0
F,29,13000.0,651,6
M,22,25000.0,681,0
M,44,16500.0,667,0
M,21,12000.0,695,0
F,33,18000.0,682,0
M,27,15560.0,687,0
M,26,25000.0,644,0
M,41,16000.0,673,1
M,28,17000.0,684,0
M,44,30000.0,637,1
F,37,10000.0,657,5
M,37,32000.0,687,0
M,49,18000.0,684,0
M,37,35000.0,684,0
M,30,22500.0,689,0
M,25,20000.0,680,0
M,51,35000.0,704,0
M,56,59000.0,696,7
M,41,28000.0,701,0
M,26,23000.0,670,1
M,27,16000.0,678,0
M,27,22000.0,654,1
M,35,28000.0,683,0
M,27,45000.0,648,1
M,40,14000.0,679,0
M,24,16450.0,684,0
F,35,25000.0,686,0
M,46,50000.0,701,0
M,27,35000.0,680,0
M,26,18000.0,651,0
M,38,45000.0,691,0
M,48,22000.0,677,1
F,49,67158.0,706,0
M,39,15000.0,671,0
M,29,30000.0,671,0
M,26,18000.0,653,13
M,42,45000.0,680,7
M,33,33000.0,675,0
M,50,22000.0,701,0
M,38,16000.0,686,0
M,26,5000.0,712,0
M,37,20000.0,678,10
M,27,20000.0,673,0
M,26,30000.0,679,0
M,42,30000.0,710,0
M,26,42000.0,652,25
M,46,24000.0,674,1
M,23,18000.0,648,0
M,33,75000.0,641,0
M,32,75000.0,722,19
M,26,33927.0,687,0
M,23,30000.0,673,1
M,33,13000.0,663,2
M,45,15000.0,683,0
M,33,15000.0,709,0
M,39,15000.0,672,0
M,24,35000.0,693,0
M,36,23500.0,698,5
M,21,30000.0,682,0
M,33,20000.0,694,1
M,51,14600.0,683,0
F,35,16000.0,693,0
M,28,25000.0,660,0
M,30,18000.0,666,11
F,45,15000.0,710,0
F,43,30000.0,670,0
M,25,50000.0,679,4
M,43,19000.0,656,1
M,26,30000.0,674,0
M,36,20000.0,672,0
F,32,10000.0,677,0
M,28,50000.0,663,1
M,42,25000.0,746,0
M,29,33000.0,680,0
M,29,10000.0,673,6
M,49,16000.0,672,0
M,33,26000.0,692,0
M,45,29000.0,673,0
M,30,30000.0,662,0
M,25,20000.0,654,0
F,45,16500.0,679,0
M,48,24500.0,705,0
M,40,15366.0,680,0
M,43,18000.0,696,0
M,22,20000.0,666,0
M,47,29000.0,671,0
M,32,16000.0,673,0
M,36,38000.0,692,0
M,31,40000.0,681,0
M,24,20000.0,660,1
M,24,23000.0,661,0
M,36,25000.0,678,0
M,32,32000.0,648,2
M,45,55000.0,689,0
M,24,38000.0,663,3
M,43,20000.0,679,0
M,24,15000.0,660,2
M,26,25000.0,687,1
M,23,23000.0,660,0
M,38,25000.0,712,0
M,23,14500.0,682,1
M,43,23000.0,727,0
M,41,25000.0,719,4
M,42,30000.0,667,0
F,32,28000.0,652,0
M,28,30000.0,680,1
M,32,50000.0,644,0
M,29,15800.0,687,1
M,36,40000.0,655,7
M,39,45000.0,655,1
M,27,48000.0,669,1
M,36,20000.0,663,0
M,35,28000.0,676,0
M,22,12000.0,675,0
M,28,24000.0,660,2
M,28,25000.0,659,1
M,28,50000.0,678,0
M,27,39000.0,613,5
M,34,30000.0,710,18
M,33,38000.0,687,1
F,27,38000.0,700,0
M,34,15000.0,693,0
M,49,52000.0,714,10
M,42,15000.0,672,0
M,23,48957.0,666,0
F,31,13500.0,702,0
M,48,38900.0,671,0
M,29,15000.0,664,0
M,39,20000.0,689,0
M,48,55000.0,668,0
M,40,15000.0,677,3
M,40,40000.0,703,0
M,55,35000.0,734,0
M,23,14000.0,700,0
M,25,16000.0,664,0
M,32,35000.0,666,0
M,41,35000.0,683,0
M,40,29000.0,681,0
M,54,26000.0,685,13
M,31,25000.0,686,0
M,29,44500.0,657,1
M,40,20000.0,701,0
M,32,30000.0,691,0
M,34,20000.0,689,1
M,31,25000.0,684,0
M,44,25000.0,692,10
M,46,45000.0,661,13
M,23,20000.0,657,0
M,42,20000.0,659,1
M,39,29000.0,687,0
M,26,40000.0,672,0
M,43,24900.0,737,3
M,64,28000.0,726,0
M,44,25000.0,692,0
M,29,25000.0,658,1
M,33,15000.0,641,2
M,24,12500.0,672,9
M,38,35000.0,674,0
M,34,12500.0,674,0
M,28,45000.0,665,0
M,41,25000.0,695,0
M,59,55000.0,695,0
M,28,30000.0,703,0
M,41,30000.0,720,4
F,26,30000.0,662,0
M,22,40000.0,660,0
M,33,15000.0,661,0
M,24,18000.0,682,0
M,23,9000.0,674,1
M,58,20000.0,677,0
M,22,18000.0,663,0
M,37,5500.0,692,14
M,40,34000.0,674,10
F,33,25000.0,692,0
M,31,45000.0,672,0
M,31,16000.0,666,1
M,30,15000.0,685,0
M,49,35000.0,697,2
M,39,42000.0,709,0
M,29,20000.0,663,3
M,44,30000.0,738,3
M,37,20000.0,628,0
M,34,45000.0,654,0
M,36,20000.0,693,11
M,27,10000.0,682,0
M,47,50000.0,657,0
M,22,13000.0,675,0
F,32,40000.0,682,0
M,42,25000.0,684,0
F,30,12000.0,704,0
M,25,23750.0,678,1
M,38,42000.0,681,0
M,36,25000.0,709,0
M,23,20000.0,680,0
M,31,30000.0,654,9
M,36,13000.0,680,0
M,29,15000.0,661,0
F,23,58000.0,684,0
M,23,10500.0,674,0
M,25,21000.0,672,0
M,23,19000.0,681,0
M,29,20000.0,707,0
M,37,51000.0,683,0
M,26,38000.0,704,0
M,27,12000.0,655,1
M,32,30000.0,655,1
M,44,22000.0,662,2
M,34,17200.0,684,0
M,34,15000.0,722,0
M,35,30000.0,680,3
F,27,30000.0,685,0
M,23,18000.0,651,6
M,48,18000.0,669,0
M,22,17000.0,686,0
M,30,20000.0,677,0
M,31,29000.0,667,1
F,25,15000.0,671,0
M,28,23000.0,719,0
F,29,30000.0,662,0
M,46,12000.0,674,4
M,31,18000.0,691,0
M,36,55000.0,731,0
M,25,38000.0,683,0
M,28,9000.0,704,0
M,47,8000.0,685,0
F,23,20000.0,672,0
M,26,18000.0,680,0
M,41,20000.0,709,0
M,27,20000.0,645,0
M,54,45000.0,686,0
M,26,15000.0,655,1
M,26,25000.0,686,0
M,57,30000.0,735,0
M,28,16000.0,684,0
M,24,12000.0,681,2
M,24,30000.0,690,0
M,28,15000.0,681,1
M,29,25000.0,681,5
F,32,10000.0,689,0
F,49,45000.0,667,0
M,33,25000.0,668,0
M,24,25000.0,680,0
M,30,45000.0,672,0
M,37,14500.0,668,3
M,37,30000.0,682,37
M,34,25000.0,709,0
M,41,37600.0,715,0
F,33,14000.0,657,4
M,29,23000.0,665,0
M,30,14000.0,700,0
M,35,90000.0,679,7
M,26,25000.0,633,3
M,27,14000.0,678,5
M,28,35000.0,688,0
M,37,12000.0,671,0
M,35,15000.0,692,1
M,32,35000.0,724,0
M,55,15000.0,681,7
F,42,23000.0,699,0
M,27,23000.0,698,0
M,38,40000.0,672,17
M,58,63000.0,749,1
M,22,15000.0,671,0
M,36,15000.0,694,0
M,25,38000.0,708,0
M,29,25000.0,595,0
M,33,22000.0,673,0
M,41,20000.0,690,0
M,33,23000.0,676,1
M,31,28000.0,672,0
M,29,20000.0,702,0
M,22,17000.0,691,0
M,24,18500.0,680,0
F,28,15000.0,689,0
M,32,15000.0,656,1
F,43,13000.0,705,0
M,36,30000.0,699,0
M,34,25000.0,677,0
M,33,30000.0,686,0
F,28,25000.0,654,0
F,26,20000.0,648,12
M,36,23000.0,676,0
M,26,42000.0,685,0
M,24,15000.0,662,1
M,36,15000.0,683,0
M,31,25000.0,692,0
M,25,25000.0,646,0
M,28,16500.0,688,12
M,31,25000.0,659,4
M,26,25000.0,691,0
M,40,65000.0,663,0
F,24,23000.0,675,0
M,33,45000.0,677,0
M,27,18000.0,677,0
M,31,35000.0,689,0
M,36,18000.0,651,1
F,27,30000.0,663,0
M,48,30000.0,672,1
M,22,20000.0,693,0
M,21,36000.0,683,0
M,33,28000.0,689,1
M,50,19000.0,736,26
F,34,15000.0,701,0
M,34,8500.0,658,1
F,27,35000.0,670,0
M,33,19500.0,667,0
M,41,25000.0,743,0
M,30,25000.0,657,5
M,26,30000.0,660,9
M,29,23000.0,672,0
M,33,18000.0,668,4
M,31,20000.0,684,0
M,39,25500.0,675,0
M,30,26000.0,671,2
M,28,20000.0,684,0
M,23,23000.0,674,0
M,58,35000.0,699,0
M,42,30000.0,675,5
M,27,17000.0,678,1
M,31,15000.0,672,2
M,27,17500.0,669,0
M,38,25000.0,675,4
M,24,40000.0,674,3
M,25,18000.0,669,0
M,32,14000.0,668,13
M,29,23000.0,683,0
M,22,23500.0,692,0
M,29,18000.0,672,3
M,50,24200.0,653,0
M,25,17000.0,663,0
M,46,22000.0,662,9
M,29,30200.0,683,0
M,42,14500.0,680,0
M,25,20000.0,691,0
M,42,40000.0,669,0
M,25,23000.0,681,0
M,37,12000.0,685,0
F,34,40000.0,685,0
M,27,45000.0,652,1
F,36,22000.0,688,3
M,28,40000.0,694,4
M,37,45000.0,612,0
M,41,50000.0,690,0
M,34,26000.0,666,0
M,23,10000.0,689,13
F,52,14000.0,698,3
M,36,50000.0,665,0
F,25,12000.0,697,5
M,30,22500.0,664,1
M,46,25000.0,683,0
M,26,80000.0,705,0
M,23,22000.0,680,0
M,47,25000.0,674,6
F,45,20000.0,687,26
M,36,20000.0,696,0
M,43,20000.0,735,9
M,27,20000.0,653,2
M,23,43000.0,663,0
M,48,40000.0,676,0
M,48,21000.0,677,0
M,21,30000.0,665,0
M,22,19000.0,696,0
M,43,35000.0,665,0
M,23,10500.0,678,0
M,29,30000.0,690,0
M,28,15000.0,670,1
M,29,32500.0,718,0
M,48,22000.0,688,0
F,21,33000.0,670,0
M,24,19000.0,677,3
M,36,50000.0,653,3
M,26,19000.0,687,0
M,26,16000.0,637,1
F,30,10000.0,695,0
M,60,25000.0,684,0
F,44,21500.0,693,0
M,21,35000.0,695,0
M,31,70000.0,673,0
M,27,17000.0,665,0
M,21,12000.0,683,0
M,24,70000.0,692,0
M,35,19000.0,694,0
M,36,25000.0,702,0
M,50,28000.0,682,0
M,39,30000.0,638,0
M,28,13000.0,679,0
M,40,30000.0,659,0
M,24,20000.0,663,0
M,31,20000.0,730,0
F,34,38000.0,653,0
M,29,18000.0,620,0
M,52,9000.0,686,0
M,25,15000.0,667,14
M,38,38000.0,624,2
M,29,35000.0,703,1
M,29,35000.0,678,1
M,31,25000.0,670,0
M,28,28800.0,673,0
M,37,10000.0,678,0
M,25,16000.0,675,0
M,36,25000.0,693,0
M,38,33000.0,672,1
M,39,37000.0,706,5
F,36,14.0,662,4
M,39,20000.0,673,0
M,36,25000.0,690,0
F,47,50000.0,675,5
M,35,16000.0,678,1
F,39,25000.0,679,0
M,25,12000.0,679,0
M,25,40000.0,686,0
F,42,25000.0,677,0
M,45,19000.0,710,6
M,24,18000.0,658,0
M,31,36000.0,703,0
M,29,35000.0,684,0
M,40,17000.0,679,0
M,41,20400.0,743,0
M,36,18500.0,674,0
M,53,35000.0,674,0
M,29,14500.0,649,1
M,27,12000.0,682,0
M,41,18000.0,680,0
M,45,25000.0,674,0
M,27,50000.0,678,5
M,34,28000.0,682,4
M,37,15000.0,685,0
M,37,14500.0,665,3
M,39,18000.0,679,2
M,41,12500.0,675,0
F,51,12000.0,645,1
M,27,19500.0,662,0
M,44,30000.0,687,0
F,31,32500.0,649,0
M,22,25000.0,651,2
M,25,20000.0,646,0
M,45,44930.0,661,13
M,24,23500.0,679,0
M,46,30000.0,665,5
M,30,25000.0,662,0
M,36,46000.0,676,7
M,24,32000.0,677,0
M,24,12000.0,668,0
M,59,25000.0,664,4
M,39,70000.0,696,0
M,31,32000.0,682,0
M,32,30000.0,662,7
M,31,30000.0,693,14
M,38,40000.0,690,0
M,29,20500.0,679,0
M,28,280000.0,660,0
M,52,47000.0,672,3
M,41,18000.0,692,0
F,49,14000.0,667,2
M,27,26000.0,676,0
M,33,17528.0,689,0
M,39,15000.0,713,0
M,22,18000.0,676,0
M,32,40000.0,689,3
M,28,15000.0,654,6
M,35,27000.0,670,0
M,22,25000.0,679,0
F,27,11000.0,669,1
M,35,18000.0,680,0
M,43,31000.0,687,21
M,29,9000.0,703,0
F,25,10800.0,658,0
M,24,18000.0,672,1
M,35,40000.0,684,5
M,28,35500.0,668,0
F,29,25000.0,659,5
M,28,40000.0,671,0
M,25,11000.0,681,0
M,26,20000.0,703,0
M,24,25000.0,700,0
M,28,15000.0,695,0
M,26,15000.0,662,0
M,27,27990.0,685,0
F,32,50000.0,654,0
M,32,20000.0,670,0
M,30,45000.0,727,0
M,51,28000.0,672,1
M,44,18000.0,684,19
M,41,12000.0,696,0
M,37,35000.0,692,21
F,36,18000.0,671,0
M,25,15000.0,669,0
M,46,12000.0,669,0
M,27,15000.0,675,0
M,32,20000.0,667,0
M,43,42500.0,671,0
M,35,23000.0,685,0
M,26,32000.0,674,0
M,34,25000.0,681,0
M,45,25000.0,690,3
M,29,20000.0,680,0
M,27,15000.0,653,0
M,35,38000.0,668,4
M,30,19500.0,681,0
M,21,12000.0,660,0
M,25,11000.0,678,0
F,40,10000.0,672,3
F,36,35000.0,686,0
M,28,35000.0,683,0
M,27,25000.0,671,1
M,34,45000.0,668,0
M,31,50000.0,677,4
M,49,32000.0,672,0
M,23,23500.0,694,0
M,45,17900.0,670,9
M,24,8000.0,668,3
M,23,19500.0,652,3
M,44,135000.0,723,0
M,24,35000.0,667,0
M,35,30000.0,708,0
M,28,40000.0,619,0
M,47,29000.0,688,11
M,35,23000.0,659,0
M,45,25000.0,694,0
M,29,45000.0,671,0
M,25,18250.0,662,0
M,28,32000.0,679,0
M,23,13000.0,655,1
M,32,4500.0,706,0
M,35,40000.0,695,0
M,37,25000.0,679,0
M,37,29000.0,687,0
F,36,15000.0,671,0
F,50,15000.0,667,12
M,27,25000.0,668,1
M,34,25000.0,682,0
F,38,33000.0,680,0
M,37,35000.0,697,2
M,59,35800.0,714,0
M,50,20000.0,683,0
F,36,20000.0,712,0
M,23,25000.0,651,0
M,38,8913.0,667,6
M,33,22000.0,676,3
F,23,34000.0,685,0
M,37,15000.0,673,0
F,47,25000.0,683,0
M,43,25000.0,643,0
M,41,50000.0,714,0
M,24,16000.0,631,1
M,29,33500.0,676,0
M,57,15000.0,623,0
M,48,20000.0,677,0
M,28,14000.0,694,0
M,36,25000.0,694,0
M,33,25000.0,676,3
M,43,22000.0,689,0
M,37,8270.0,698,0
M,38,28000.0,666,11
M,44,55000.0,708,0
M,35,30000.0,657,1
M,49,20000.0,680,1
M,32,35000.0,673,10
M,38,30000.0,678,0
M,30,18000.0,738,0
M,36,35000.0,661,3
F,22,20000.0,683,0
M,28,52000.0,673,0
M,32,19500.0,696,0
M,46,20000.0,668,0
M,26,15000.0,673,0
M,33,15000.0,701,0
M,25,32580.0,677,0
M,35,51000.0,664,2
M,32,40000.0,675,10
M,39,20000.0,674,3
F,45,8500.0,682,0
M,34,17000.0,677,2
F,35,35000.0,705,0
M,37,40000.0,666,0
M,25,16000.0,629,15
M,26,16000.0,684,12
M,49,20000.0,653,2
M,28,25000.0,636,22
M,25,30000.0,678,0
M,26,32000.0,665,16
M,55,28000.0,721,0
M,25,27000.0,662,3
M,24,26000.0,683,0
M,32,52000.0,663,7
M,27,23000.0,688,0
M,51,21000.0,687,0
M,36,21500.0,690,0
M,23,14000.0,685,0
M,44,32000.0,696,0
M,28,38500.0,675,0
M,28,18000.0,648,1
M,30,13000.0,696,0
M,27,45000.0,694,0
M,38,24000.0,683,0
M,24,40000.0,680,6
M,46,30000.0,709,1
F,30,4500.0,676,0
M,43,25000.0,684,0
M,26,16000.0,653,4
M,26,45000.0,647,0
M,22,17000.0,655,0
M,26,15000.0,686,0
M,21,13000.0,662,0
M,21,10.0,675,0
F,40,13000.0,674,7
M,43,13000.0,708,0
M,25,20000.0,672,0
M,43,25000.0,675,13
M,22,12000.0,680,0
F,54,15000.0,682,0
M,30,17000.0,691,0
M,27,17000.0,683,3
F,47,22000.0,691,0
M,34,16000.0,663,0
M,24,18000.0,680,0
M,30,25000.0,684,0
M,31,30000.0,705,0
M,34,15000.0,675,0
M,40,37000.0,692,5
M,29,25000.0,692,0
M,28,35000.0,694,0
M,30,16700.0,665,20
M,26,20000.0,679,1
M,54,70000.0,718,9
M,40,30000.0,710,0
M,35,13000.0,672,0
M,45,48000.0,681,0
M,39,13000.0,679,0
M,22,16500.0,672,0
M,30,15000.0,678,0
M,23,60000.0,669,0
F,50,35000.0,661,0
M,26,20000.0,653,0
M,26,15600.0,680,0
F,28,25000.0,701,0
M,43,20000.0,667,0
M,25,21000.0,682,0
M,46,19000.0,717,0
M,33,15000.0,647,0
M,27,20000.0,682,0
F,29,21000.0,694,0
M,44,35000.0,704,0
M,33,78000.0,678,1
M,46,21000.0,669,0
M,28,20000.0,634,0
M,42,75000.0,692,0
M,30,26000.0,696,0
M,37,10000.0,681,0
M,34,8000.0,674,0
M,39,24000.0,716,0
M,33,15000.0,662,1
M,42,50000.0,717,0
M,33,40000.0,680,9
M,39,18000.0,653,0
M,43,22000.0,695,3
F,28,15000.0,681,0
F,37,18000.0,694,0
M,34,34000.0,712,0
F,31,25000.0,742,1
M,40,40000.0,683,0
M,21,22000.0,632,0
M,23,45500.0,669,1
M,42,40000.0,685,47
M,35,51000.0,684,0
M,39,32000.0,712,0
M,50,35000.0,687,2
M,25,30000.0,700,0
M,38,25000.0,688,0
F,36,17500.0,680,6
M,24,30000.0,654,45
M,23,40000.0,619,1
M,26,32000.0,621,1
M,26,22000.0,659,0
M,24,10000.0,662,0
M,25,13000.0,664,0
M,37,78000.0,721,0
M,30,14000.0,696,0
F,34,74500.0,675,0
F,29,15000.0,678,0
M,57,17000.0,708,0
F,22,15000.0,684,0
M,26,14000.0,697,0
M,23,36000.0,646,6
M,32,16000.0,648,9
M,29,25000.0,662,4
F,30,35000.0,669,0
M,35,18000.0,686,0
M,27,12000.0,693,0
M,30,14800.0,668,0
M,37,50000.0,663,0
M,25,17000.0,675,0
M,33,60000.0,714,9
M,38,25000.0,677,20
M,28,25000.0,677,0
M,25,35000.0,665,0
M,38,45000.0,683,0
M,33,17000.0,679,0
M,49,52000.0,696,0
M,24,20000.0,678,1
M,27,39000.0,673,1
M,28,32000.0,676,0
M,34,33000.0,686,0
M,24,30000.0,671,0
M,42,30000.0,680,1
M,36,20500.0,668,0
M,33,25000.0,671,2
M,39,30000.0,681,0
M,31,50000.0,678,0
M,23,18000.0,659,1
F,36,28000.0,676,0
M,24,20000.0,670,0
M,46,15000.0,710,0
M,26,25000.0,600,0
M,23,28000.0,684,0
M,28,28000.0,676,3
M,22,16000.0,680,0
M,29,30000.0,674,3
F,33,50000.0,651,1
M,39,23000.0,690,0
M,28,16000.0,668,0
M,24,28000.0,692,0
M,50,15000.0,713,2
M,33,38000.0,657,1
M,34,13000.0,691,0
M,32,15000.0,686,0
M,50,30000.0,710,0
M,35,35000.0,696,0
M,39,27000.0,681,0
M,39,52000.0,689,0
M,56,30000.0,693,0
M,31,37900.0,693,0
M,29,28500.0,685,0
M,40,20300.0,666,0
M,35,20000.0,667,0
F,38,20000.0,670,8
M,48,30000.0,699,3
F,36,38000.0,678,0
M,46,20000.0,683,0
M,28,25000.0,671,0
F,27,10000.0,648,8
M,34,15000.0,673,0
M,39,35000.0,672,3
M,33,40000.0,679,0
M,43,51000.0,700,0
M,26,35000.0,681,0
M,41,11000.0,686,0
M,36,15000.0,691,0
M,31,22000.0,670,0
M,60,19000.0,639,0
M,29,20000.0,681,0
M,23,18700.0,676,0
M,28,15000.0,707,4
M,43,16000.0,730,0
M,33,16500.0,672,0
M,40,43500.0,640,3
M,37,30000.0,684,0
M,32,18500.0,659,3
M,26,20000.0,688,0
M,28,30000.0,686,0
M,21,25000.0,686,0
M,32,43000.0,696,0
M,31,22000.0,688,0
M,37,20000.0,659,3
M,30,25000.0,662,2
M,28,50000.0,674,0
M,42,25000.0,624,34
M,41,20000.0,678,2
M,35,30000.0,659,7
M,36,20000.0,652,1
M,21,10000.0,682,0
M,34,12000.0,677,14
M,36,18000.0,667,2
M,36,15000.0,682,0
M,21,14300.0,663,0
M,27,20000.0,652,0
M,31,11000.0,692,0
F,36,24000.0,687,0
M,29,42000.0,678,1
M,21,30000.0,689,0
M,29,16000.0,715,0
M,31,15000.0,685,0
M,35,13000.0,667,0
M,22,40000.0,660,0
M,21,28000.0,689,0
M,32,30000.0,717,0
M,36,15000.0,686,0
M,23,25000.0,669,0
M,41,22000.0,691,0
M,23,40000.0,667,0
M,35,35000.0,686,0
M,34,22000.0,673,0
M,36,30000.0,627,1
M,24,18000.0,698,0
F,50,10000.0,680,0
M,32,60000.0,670,0
M,31,22500.0,688,0
M,31,28000.0,676,0
M,40,18000.0,694,0
M,27,18500.0,676,0
M,25,17300.0,659,0
M,39,32500.0,671,0
M,33,18500.0,672,0
M,43,20000.0,696,0
M,45,30000.0,697,0
F,41,18500.0,713,0
M,41,32000.0,670,1
M,31,22500.0,659,0
F,29,15000.0,719,4
F,31,13000.0,687,0
M,27,50000.0,718,5
M,37,35000.0,676,0
M,34,42000.0,652,0
M,33,30000.0,709,5
M,36,20000.0,686,14
M,28,35000.0,670,0
M,34,75000.0,677,0
M,28,25000.0,664,0
M,25,25000.0,647,11
M,28,10000.0,685,0
M,37,34568.0,694,0
M,33,50000.0,677,0
M,38,15000.0,688,0
M,33,35000.0,709,14
M,23,15000.0,681,0
M,52,46000.0,710,0
M,37,45000.0,654,3
M,28,23000.0,691,0
M,32,25000.0,678,3
M,27,24000.0,661,4
F,44,25000.0,668,4
M,44,18000.0,710,0
M,38,18000.0,693,4
F,28,10000.0,685,0
F,34,11000.0,658,8
M,39,30000.0,713,0
M,39,22000.0,675,4
M,27,20000.0,681,0
M,22,15000.0,671,2
M,42,21000.0,693,0
M,52,22000.0,682,0
M,25,12750.0,667,0
M,24,19000.0,695,0
M,35,20000.0,693,0
F,25,11000.0,680,0
M,31,24000.0,636,0
M,28,20000.0,666,0
M,27,20000.0,649,1
M,33,20000.0,667,3
M,52,35000.0,671,0
M,60,28000.0,665,0
M,31,43000.0,648,2
M,27,29000.0,666,1
F,46,10500.0,686,0
M,28,25000.0,667,2
M,37,23000.0,658,0
M,48,35000.0,665,1
M,33,24000.0,677,0
M,35,19000.0,698,0
M,28,9500.0,685,0
M,22,18000.0,665,2
M,31,30000.0,678,2
M,28,12000.0,683,0
M,34,30000.0,698,0
M,29,11200.0,641,2
M,28,16000.0,689,0
M,36,10000.0,688,0
M,30,50000.0,667,0
M,22,30000.0,650,2
M,38,32000.0,691,0
M,45,25000.0,686,0
M,27,31000.0,667,2
M,37,55000.0,715,0
M,34,25000.0,694,2
M,29,22000.0,668,5
M,35,20000.0,713,0
F,43,25000.0,687,0
M,38,20000.0,681,0
M,40,48000.0,679,0
M,35,45000.0,690,0
M,29,25000.0,678,0
M,53,17000.0,676,0
M,38,40000.0,680,0
M,32,13500.0,684,0
M,53,15900.0,680,0
M,30,30000.0,678,1
M,29,35000.0,662,18
M,29,45000.0,690,0
M,35,15000.0,685,0
M,31,15000.0,684,0
M,31,25000.0,673,0
M,27,25000.0,675,0
M,52,40000.0,708,0
M,27,40000.0,669,0
M,33,10000.0,693,0
M,43,25000.0,658,2
M,53,18000.0,683,1
M,21,15000.0,660,1
M,58,17968.0,685,0
F,36,48000.0,700,0
M,34,35000.0,669,4
M,23,30000.0,674,1
F,26,15000.0,662,2
F,26,13000.0,667,0
M,43,12000.0,718,0
M,24,12000.0,683,0
M,26,35000.0,627,0
M,21,17000.0,650,0
M,43,20000.0,678,1
M,32,13000.0,678,0
F,25,36000.0,669,6
M,46,48500.0,690,5
M,33,16000.0,673,0
F,52,13000.0,677,0
F,35,16000.0,711,0
M,35,12000.0,688,0
F,31,25000.0,693,0
M,50,18000.0,670,1
M,33,15500.0,679,0
M,48,25000.0,706,0
M,37,13000.0,715,0
M,38,20000.0,677,0
M,23,12000.0,638,0
M,35,17000.0,696,0
M,35,28000.0,679,0
M,25,15000.0,689,1
M,26,18000.0,707,0
M,26,55000.0,652,0
M,41,30000.0,689,0
M,32,13000.0,680,0
M,22,15000.0,659,0
M,35,40000.0,675,0
M,36,25000.0,690,0
F,27,11000.0,673,16
M,22,30000.0,681,0
M,34,20000.0,688,0
F,26,18500.0,663,0
M,25,25000.0,635,0
M,34,16000.0,648,0
M,32,23000.0,648,1
M,30,45000.0,659,4
M,33,24000.0,653,1
M,33,62500.0,726,0
M,53,12000.0,717,0
M,38,25000.0,675,1
M,34,20500.0,710,0
M,26,26000.0,653,1
M,29,19900.0,685,0
M,26,20000.0,659,0
M,21,16000.0,671,0
M,27,29000.0,699,0
M,21,11000.0,691,0
M,34,25000.0,654,0
M,27,24000.0,671,0
M,35,25000.0,690,0
M,24,30000.0,670,0
M,42,23000.0,675,0
M,37,18000.0,677,0
M,35,85000.0,678,0
F,33,40000.0,686,0
M,34,20000.0,737,0
M,34,18500.0,682,0
M,31,27890.0,680,0
M,33,11000.0,677,0
M,34,23000.0,670,9
M,23,20000.0,650,1
M,49,30000.0,673,12
M,37,20000.0,672,0
M,27,50000.0,683,11
M,39,35000.0,675,0
M,27,13000.0,688,0
M,32,25000.0,686,0
F,34,8000.0,688,8
M,42,21000.0,683,13
M,24,16000.0,653,0
M,27,25000.0,695,1
F,28,16000.0,682,0
M,27,45000.0,684,0
M,52,12000.0,670,0
M,27,25000.0,686,0
M,27,20000.0,663,0
M,22,25000.0,652,0
M,26,25000.0,680,0
M,24,27500.0,678,0
M,23,150000.0,636,0
F,37,14650.0,698,0
M,27,23500.0,654,4
M,39,23000.0,673,0
M,38,45000.0,682,0
M,31,25000.0,675,0
M,25,13500.0,668,0
M,49,25000.0,664,0
F,24,20000.0,658,0
M,32,20000.0,710,0
M,29,20000.0,689,0
M,37,40000.0,692,3
M,23,35000.0,670,0
M,30,16000.0,691,0
M,34,32000.0,689,0
M,26,28000.0,648,0
M,21,10000.0,659,0
M,31,26000.0,679,1
M,26,21000.0,673,0
M,38,37000.0,724,0
M,24,50000.0,652,0
M,49,15750.0,678,4
M,57,5000.0,684,1
M,44,35000.0,687,0
M,23,13500.0,677,0
M,33,43000.0,645,5
M,31,14000.0,690,0
M,29,25000.0,687,0
M,44,15000.0,700,0
M,31,31000.0,693,0
M,28,20000.0,684,0
F,36,25000.0,689,0
M,39,22000.0,672,0
M,48,13500.0,730,0
M,23,24000.0,651,0
M,34,55000.0,657,1
M,33,65000.0,672,2
M,22,20000.0,640,0
M,31,40000.0,684,0
M,21,20000.0,673,0
M,52,13000.0,693,0
M,47,15000.0,683,0
M,29,35000.0,679,0
M,45,18000.0,688,0
M,27,13000.0,690,1
M,35,30000.0,662,1
M,52,70000.0,623,0
M,41,38400.0,694,11
M,30,30000.0,693,0
M,35,35000.0,697,0
M,37,30000.0,683,0
M,33,16000.0,682,0
M,33,17000.0,709,0
M,36,18000.0,677,0
M,34,16000.0,663,0
M,45,17000.0,665,0
M,40,18722.0,693,0
M,34,29500.0,688,0
M,37,17500.0,669,0
M,44,16000.0,699,3
M,24,16000.0,673,0
M,25,33000.0,690,0
M,41,20000.0,688,0
M,35,35000.0,676,9
M,28,9000.0,678,0
M,32,48500.0,696,0
M,21,45000.0,684,0
M,29,18000.0,675,0
M,25,22000.0,674,0
M,27,28000.0,679,8
M,23,20000.0,682,0
M,25,30000.0,656,2
M,33,20000.0,640,1
M,37,28000.0,652,1
F,30,14000.0,676,5
M,28,15000.0,681,11
M,27,17500.0,667,0
M,44,34000.0,713,0
M,26,20000.0,669,1
M,36,36000.0,671,0
M,32,52000.0,665,0
M,29,17000.0,672,3
F,32,30000.0,690,3
M,51,15000.0,694,17
M,24,16900.0,688,0
M,52,18000.0,723,0
M,26,12589.0,686,0
M,38,62000.0,695,0
M,41,36000.0,684,1
M,23,43500.0,660,0
M,37,18000.0,689,0
M,22,20000.0,654,0
M,26,25000.0,679,0
M,30,23000.0,677,0
M,35,12000.0,679,0
M,38,23000.0,726,0
M,35,65000.0,671,0
M,24,11000.0,676,0
M,31,10000.0,658,0
M,27,22000.0,662,0
M,30,20000.0,669,0
M,21,13500.0,679,0
M,49,20000.0,722,0
M,29,20000.0,678,0
M,32,52500.0,700,2
M,33,14800.0,682,0
M,29,25000.0,650,8
M,33,15000.0,715,0
M,25,26000.0,682,0
M,51,39000.0,680,0
M,41,70000.0,691,0
M,49,28000.0,738,0
M,22,50000.0,624,1
M,24,16000.0,671,0
M,34,26000.0,699,0
M,33,14500.0,639,3
M,46,45000.0,676,0
M,26,17000.0,677,0
M,23,33000.0,660,2
M,35,15000.0,674,0
M,37,40000.0,705,0
M,30,25000.0,708,0
M,36,42000.0,660,0
M,34,23500.0,681,5
M,30,11000.0,690,0
M,36,40000.0,688,0
M,27,32500.0,686,0
M,34,25000.0,660,0
M,25,20000.0,651,1
M,25,28000.0,672,0
M,40,18000.0,688,0
M,45,45000.0,678,1
F,35,42000.0,699,0
M,50,18500.0,713,0
M,25,20000.0,688,0
M,29,72500.0,669,0
M,24,22000.0,676,0
M,30,25800.0,654,5
M,24,13800.0,682,0
M,51,15000.0,704,0
M,27,20000.0,668,0
M,25,20000.0,661,0
M,31,17000.0,685,0
M,30,15000.0,685,0
M,32,25000.0,660,5
M,31,14000.0,685,0
M,39,18900.0,678,0
M,21,12000.0,685,0
M,59,25000.0,681,0
M,58,80000.0,726,0
M,35,25000.0,679,0
M,36,22000.0,664,6
M,26,18300.0,681,1
M,22,30000.0,658,0
M,40,29563.0,721,0
M,29,32456.0,683,0
M,27,65000.0,692,0
F,36,20000.0,700,0
M,37,28500.0,681,0
M,52,25000.0,722,0
M,36,19000.0,685,0
F,21,14000.0,672,1
F,49,20000.0,681,0
M,53,38000.0,704,0
M,23,60000.0,672,2
M,37,40000.0,657,3
M,36,18000.0,663,12
M,38,40000.0,724,0
M,39,30000.0,678,0
M,34,29000.0,676,0
M,50,24000.0,697,0
M,31,13000.0,706,0
M,31,20000.0,681,0
M,37,21000.0,669,0
M,40,30000.0,693,0
M,28,19000.0,680,0
M,33,25000.0,644,2
M,36,22000.0,700,4
M,24,15000.0,683,1
M,34,25000.0,691,0
M,32,25000.0,680,11
M,27,50000.0,674,0
M,41,13000.0,680,0
M,28,15000.0,666,0
M,26,30000.0,655,2
M,22,20000.0,687,0
M,32,23000.0,671,0
M,51,25000.0,687,0
M,40,25000.0,685,0
M,33,24000.0,673,12
M,34,17000.0,710,0
F,29,30000.0,655,0
M,48,38000.0,670,0
M,30,16200.0,697,17
F,23,18000.0,682,1
M,31,35000.0,661,1
F,28,60000.0,671,0
M,40,30000.0,642,12
M,30,22000.0,677,0
M,28,23000.0,690,0
M,22,25000.0,683,0
M,35,20000.0,672,5
M,51,16000.0,638,6
M,57,54000.0,690,0
M,41,30000.0,695,6
M,47,38000.0,688,1
F,32,10000.0,668,0
M,38,30000.0,660,0
M,40,22000.0,671,0
M,29,13000.0,698,0
M,33,37000.0,680,3
M,31,30000.0,683,0
F,35,15000.0,684,0
M,22,12000.0,675,0
M,28,30000.0,675,0
M,29,25000.0,676,1
M,26,17000.0,670,0
M,40,35400.0,706,2
M,33,12000.0,660,0
M,34,27000.0,681,9
F,39,16000.0,650,0
M,23,14200.0,676,1
F,35,13000.0,695,0
M,43,22000.0,669,0
F,56,29500.0,746,0
F,26,32000.0,659,4
M,30,14000.0,654,4
F,32,18000.0,692,0
M,28,21000.0,682,0
M,58,32000.0,685,31
M,23,26000.0,671,0
M,23,15000.0,671,0
M,50,25000.0,699,0
M,40,15000.0,687,0
M,40,25000.0,686,0
F,27,18500.0,684,0
F,38,10000.0,691,0
M,44,30000.0,687,0
M,25,35000.0,668,3
M,32,16950.0,717,0
M,28,30000.0,685,1
M,24,25000.0,676,0
M,21,13000.0,663,0
M,31,32000.0,722,0
M,32,18000.0,663,0
M,35,50000.0,700,0
M,40,42500.0,725,0
M,57,25000.0,686,0
M,34,50000.0,719,0
M,26,15000.0,686,0
M,32,20000.0,669,10
F,42,20000.0,698,0
M,29,20000.0,698,0
M,26,18055.0,701,0
M,43,12000.0,698,0
M,29,25000.0,676,1
M,39,50000.0,701,10
M,30,27900.0,631,14
M,30,13000.0,688,0
F,30,25000.0,673,0
M,38,40000.0,675,2
M,44,29000.0,701,0
M,23,25000.0,720,0
M,33,40000.0,693,0
M,41,21000.0,651,2
M,37,15000.0,696,0
M,42,85000.0,666,0
M,32,25000.0,685,2
M,23,10000.0,644,2
M,30,43000.0,709,0
M,37,55000.0,676,0
F,32,9000.0,670,0
M,33,27549.0,697,1
M,31,18500.0,652,0
M,45,35000.0,731,0
M,26,25000.0,640,1
M,29,20000.0,665,0
M,21,25000.0,669,0
M,40,17500.0,692,0
M,22,20000.0,680,0
M,27,18000.0,700,0
M,42,16000.0,689,0
M,28,25000.0,666,11
M,42,27000.0,684,0
M,24,25000.0,683,0
M,40,12000.0,687,0
M,47,16500.0,678,1
M,22,42000.0,681,0
M,33,35000.0,687,0
M,41,37000.0,714,1
F,40,35000.0,697,11
M,51,18000.0,673,3
M,45,40000.0,710,2
M,36,18000.0,681,0
M,29,25000.0,668,2
M,45,39000.0,677,0
M,26,30000.0,687,0
M,39,13000.0,688,4
F,28,28000.0,638,1
M,24,38000.0,688,0
F,29,20000.0,669,2
F,22,18000.0,661,4
M,27,25000.0,705,0
F,45,8000.0,698,0
F,34,40000.0,691,0
M,30,45000.0,686,0
M,33,15000.0,688,0
F,26,25000.0,682,0
M,40,20000.0,665,0
M,39,26056.0,656,0
F,30,23000.0,651,5
M,24,23000.0,666,12
M,26,30000.0,682,2
F,38,50000.0,680,2
M,39,20000.0,684,1
M,34,20000.0,680,0
F,25,18000.0,683,0
M,32,27400.0,689,0
M,37,40000.0,670,1
M,31,28000.0,695,0
M,36,40000.0,548,1
M,33,25000.0,661,6
F,22,20000.0,637,1
F,35,36000.0,672,4
M,47,20000.0,669,0
M,32,25000.0,658,2
F,28,16000.0,664,6
M,28,18000.0,685,0
M,29,19000.0,676,4
M,40,35000.0,686,0
M,33,18000.0,672,2
M,30,20000.0,678,0
M,28,22000.0,663,0
M,25,20000.0,672,0
M,42,46800.0,712,0
F,45,20000.0,672,0
M,34,20000.0,674,2
M,26,14000.0,648,2
M,41,20000.0,736,7
M,39,40000.0,685,0
M,32,28000.0,687,0
M,26,18000.0,682,8
M,41,25000.0,652,0
M,37,33000.0,688,0
F,47,32000.0,666,1
M,34,22000.0,662,0
M,27,48000.0,686,0
M,36,21500.0,673,4
M,42,35000.0,695,0
M,38,18000.0,696,0
M,40,30000.0,670,0
F,45,30000.0,679,3
F,46,18000.0,668,2
M,27,15000.0,693,0
M,34,35000.0,677,0
M,29,45000.0,700,0
F,31,25000.0,656,17
M,55,40000.0,671,0
M,52,30000.0,731,0
M,29,24000.0,687,7
F,36,37000.0,689,0
M,22,20000.0,695,12
F,36,35000.0,666,24
M,28,17000.0,692,0
M,22,27000.0,692,0
F,29,16000.0,684,0
F,41,20000.0,676,0
M,42,55000.0,661,0
F,22,15000.0,659,0
M,30,25500.0,695,0
M,28,35000.0,660,0
M,42,27000.0,672,0
M,40,22000.0,679,0
M,38,12000.0,723,2
M,24,30000.0,682,0
M,31,25000.0,693,0
M,31,30000.0,701,0
M,40,15000.0,699,0
F,27,20000.0,690,0
F,25,40000.0,658,0
M,27,18000.0,656,0
M,38,37000.0,648,9
M,35,28000.0,689,0
M,24,31000.0,671,0
M,29,13000.0,671,0
M,36,17500.0,674,0
M,35,40000.0,706,9
M,34,21500.0,685,0
M,24,25000.0,674,0
M,23,17500.0,686,0
M,60,23000.0,730,3
F,44,40000.0,671,4
M,29,28000.0,659,1
M,21,30000.0,696,0
M,22,30000.0,680,0
M,52,8000.0,685,0
M,26,12000.0,631,9
M,40,20000.0,690,0
F,43,13000.0,656,1
M,33,27000.0,646,0
M,38,18000.0,675,0
M,27,30000.0,664,5
M,48,18000.0,677,0
F,29,25000.0,665,0
M,28,35000.0,673,0
M,50,25000.0,683,0
M,23,15000.0,695,0
F,44,34000.0,684,0
M,25,65000.0,680,0
M,37,40000.0,689,0
M,29,15000.0,659,1
M,24,40000.0,670,0
M,34,20000.0,667,3
M,54,28000.0,691,0
M,27,8000.0,677,0
M,22,25000.0,633,2
M,32,23000.0,660,1
M,23,14500.0,677,0
M,37,30000.0,698,0
M,28,40000.0,628,0
M,28,16000.0,687,0
M,31,20000.0,698,0
M,24,11500.0,688,0
M,35,28000.0,701,2
M,42,45000.0,717,0
M,22,20000.0,643,0
M,42,13000.0,702,0
M,28,19000.0,689,0
F,34,15900.0,684,1
M,25,20000.0,669,2
M,46,19000.0,658,1
M,46,70000.0,687,2
M,21,12000.0,685,0
F,26,20000.0,688,0
F,29,15000.0,680,0
M,34,48000.0,687,0
M,22,30000.0,689,2
M,29,22500.0,671,1
M,41,11900.0,688,0
F,46,28000.0,692,0
M,21,15000.0,680,0
M,21,27000.0,664,0
M,29,26000.0,688,0
M,31,15500.0,701,0
M,44,22000.0,678,0
M,35,40000.0,638,2
M,46,29000.0,680,0
M,36,30000.0,687,0
M,34,23000.0,689,0
M,43,18400.0,737,1
M,51,55000.0,659,0
M,25,25000.0,648,0
M,36,40000.0,657,2
M,44,47000.0,692,2
M,26,25000.0,670,0
F,33,50000.0,657,2
M,23,25000.0,663,0
F,38,15000.0,682,0
M,31,30000.0,644,1
M,30,20000.0,680,0
M,26,18000.0,655,2
M,36,25000.0,683,0
M,51,18000.0,659,3
M,42,23500.0,690,1
M,40,18000.0,685,9
M,42,15000.0,710,0
M,35,25000.0,672,9
M,56,30000.0,671,0
M,31,19000.0,659,0
M,27,20000.0,638,11
M,31,15000.0,649,4
M,29,20000.0,662,0
M,43,25000.0,667,0
M,31,45000.0,683,0
M,31,10000.0,672,0
M,30,16000.0,676,0
M,26,13500.0,669,0
F,53,45500.0,704,19
M,34,45000.0,670,0
M,23,18000.0,667,0
M,31,22000.0,661,3
M,26,27000.0,660,1
M,35,71500.0,710,0
M,38,35000.0,694,0
M,36,22000.0,692,0
M,30,19000.0,689,0
M,36,20000.0,700,0
M,34,30000.0,656,0
M,30,15000.0,684,0
M,32,20000.0,677,0
M,38,42000.0,685,0
F,41,35000.0,685,0
M,29,15000.0,644,1
M,35,19000.0,707,10
F,46,15000.0,693,0
M,36,30000.0,665,3
M,42,38000.0,655,2
M,30,20000.0,705,0
M,33,18000.0,694,0
M,28,18000.0,658,4
M,35,18000.0,599,21
M,44,25000.0,672,0
M,41,28000.0,702,0
M,26,20000.0,664,1
M,38,14000.0,683,0
M,31,16097.0,656,18
M,53,34000.0,718,4
M,46,20000.0,670,1
M,52,25000.0,673,0
M,27,20000.0,620,0
M,26,12000.0,674,0
F,51,18000.0,664,1
M,47,11000.0,678,0
M,31,30000.0,690,0
F,37,30000.0,654,1
M,25,5000.0,674,1
F,51,16000.0,658,6
M,34,22680.0,699,3
M,26,12000.0,688,0
M,29,20000.0,618,1
M,29,15000.0,691,0
M,53,20000.0,675,0
M,51,40000.0,701,8
M,31,20000.0,678,4
M,28,17000.0,672,0
M,28,24000.0,688,1
M,42,35000.0,706,0
M,55,25000.0,670,0
M,24,30000.0,675,0
M,35,30000.0,706,0
M,38,13800.0,683,3
M,25,12000.0,679,2
M,25,21500.0,667,0
M,34,62500.0,684,4
M,37,30000.0,665,0
M,23,17000.0,682,0
M,28,26000.0,685,2
F,29,25000.0,680,1
M,32,26000.0,673,2
M,30,16000.0,673,0
F,38,25000.0,671,0
M,23,25000.0,674,0
F,40,20000.0,673,0
M,44,15000.0,722,0
M,33,30000.0,681,8
M,54,25000.0,710,0
M,28,40000.0,624,0
M,32,28000.0,669,0
M,37,17000.0,682,0
M,25,23000.0,680,0
M,39,80000.0,691,0
F,47,17000.0,668,0
M,25,31000.0,717,0
M,38,32000.0,679,0
M,32,19000.0,632,0
F,41,55000.0,667,0
M,59,30000.0,649,0
M,27,29000.0,682,0
M,27,50000.0,620,21
F,35,25000.0,670,0
M,26,13000.0,690,0
M,26,18500.0,653,8
M,24,10000.0,652,0
M,40,30000.0,710,0
M,33,13500.0,654,4
M,41,20000.0,695,5
M,27,20613.0,669,0
M,28,15000.0,690,12
M,26,35000.0,660,0
F,27,34000.0,685,0
M,23,20000.0,660,0
M,39,35000.0,691,0
M,27,15000.0,664,2
M,29,25000.0,687,7
F,45,35000.0,683,0
M,54,35000.0,670,0
M,23,24000.0,685,0
M,32,30000.0,671,0
M,35,20000.0,695,0
M,22,30000.0,652,0
M,35,25000.0,698,0
M,41,39999.0,663,1
M,24,18000.0,694,0
M,32,13500.0,700,0
F,44,15000.0,684,0
F,31,15000.0,682,0
M,38,29000.0,729,1
F,39,25000.0,681,0
M,58,20000.0,706,0
F,32,33000.0,641,1
M,31,23000.0,671,1
M,30,4500.0,659,1
M,33,20000.0,679,5
M,32,42000.0,668,0
M,46,28500.0,677,3
M,55,25000.0,671,1
M,31,30000.0,706,0
F,32,15000.0,677,0
M,42,40000.0,707,0
M,36,35000.0,691,0
M,32,34000.0,684,0
M,25,15000.0,675,0
M,41,35000.0,687,0
M,22,10000.0,683,0
M,31,30000.0,651,1
F,34,35000.0,646,0
M,22,12000.0,674,1
M,45,60000.0,677,1
M,23,18000.0,687,0
M,22,33000.0,685,0
M,22,19000.0,656,11
M,40,70000.0,721,9
M,33,36000.0,708,2
M,26,40000.0,691,0
M,21,25000.0,668,0
M,40,19500.0,697,0
M,44,70000.0,687,0
M,24,45000.0,680,0
M,22,25000.0,663,1
M,24,38990.0,628,6
M,34,22000.0,675,2
M,25,9500.0,665,0
M,32,12000.0,692,14
M,24,20000.0,688,0
M,21,25000.0,679,0
F,43,15000.0,699,1
M,24,28000.0,681,1
M,29,28000.0,681,0
M,28,15000.0,671,0
M,27,15000.0,655,1
M,37,80000.0,699,2
M,31,18000.0,655,4
M,45,18000.0,671,7
M,35,23000.0,717,0
M,57,36000.0,679,0
F,29,17100.0,669,0
M,29,15000.0,673,0
M,29,35000.0,668,0
M,44,14000.0,687,0
M,33,20000.0,689,0
M,26,25000.0,687,4
F,34,25000.0,669,0
M,24,15000.0,655,0
M,27,15000.0,669,0
M,30,23500.0,690,0
M,43,30000.0,695,0
M,32,15100.0,685,15
M,25,28000.0,673,0
M,36,28000.0,674,1
M,42,45000.0,697,3
M,22,24000.0,680,0
M,48,16000.0,672,0
M,30,14500.0,685,0
M,24,35000.0,672,0
M,21,24000.0,659,1
M,29,14000.0,669,1
F,28,30000.0,676,0
M,24,25000.0,649,0
M,24,26000.0,668,0
M,43,20000.0,688,0
M,25,30000.0,681,0
M,23,25000.0,668,0
M,31,25000.0,658,1
F,60,23000.0,677,0
M,35,33000.0,653,0
M,25,28000.0,682,0
M,30,15000.0,688,0
F,23,15000.0,671,0
M,41,20000.0,677,0
M,28,18000.0,686,0
M,33,30000.0,697,0
M,38,12000.0,671,23
M,28,18000.0,675,0
M,25,32000.0,675,0
M,46,20000.0,670,0
M,26,30000.0,674,0
M,32,20000.0,693,0
M,47,19000.0,696,0
M,28,26000.0,669,0
M,30,30000.0,669,2
M,50,35000.0,679,1
M,23,12000.0,700,0
M,55,26000.0,704,0
M,50,50000.0,650,10
M,32,23000.0,643,0
M,55,40000.0,690,0
M,26,18000.0,673,0
M,35,24000.0,697,0
M,30,18000.0,666,0
M,33,60000.0,715,0
M,30,25000.0,660,0
M,30,47000.0,673,0
M,29,30000.0,656,0
F,37,18000.0,661,9
M,23,12000.0,641,1
M,23,15000.0,659,1
M,33,20000.0,687,0
M,21,23000.0,682,0
F,34,12000.0,701,0
F,30,15000.0,681,0
M,29,13500.0,694,0
F,33,20000.0,650,0
M,26,25000.0,690,0
M,33,23864.0,661,1
M,45,18000.0,675,11
M,23,16000.0,670,0
M,42,20000.0,702,0
M,27,21000.0,668,0
M,24,17000.0,647,0
M,27,15000.0,635,0
M,27,18000.0,712,0
M,32,30000.0,711,0
M,44,22000.0,707,0
M,36,50000.0,684,0
M,24,22000.0,659,0
M,31,25000.0,707,0
M,32,28500.0,670,0
F,53,7000.0,695,0
M,23,30000.0,644,0
M,39,21000.0,680,2
M,30,25000.0,671,0
M,42,27000.0,693,3
M,25,18000.0,660,0
F,51,25000.0,697,8
M,45,25000.0,690,0
M,32,17000.0,657,0
M,40,27000.0,695,0
M,29,25500.0,705,5
F,34,55000.0,681,0
M,48,11000.0,700,0
F,43,65000.0,716,18
M,25,37000.0,659,0
M,37,23000.0,679,0
M,25,25000.0,681,0
M,32,18000.0,677,1
M,40,19500.0,696,0
M,35,50000.0,694,19
M,43,25000.0,701,0
M,24,18000.0,601,0
M,27,30000.0,679,0
M,27,12600.0,671,0
M,23,31000.0,671,0
M,25,20000.0,685,0
M,32,25000.0,705,0
M,44,20000.0,709,8
M,22,15000.0,687,2
M,32,18445.0,707,0
M,24,20000.0,662,1
M,29,32000.0,669,0
M,35,10000.0,693,0
M,28,30000.0,688,2
M,55,75000.0,679,0
M,36,30000.0,680,0
M,39,20000.0,678,0
M,21,15000.0,633,0
M,47,45000.0,698,2
M,32,18000.0,679,0
M,24,20000.0,676,2
M,24,30000.0,667,0
M,40,30000.0,665,3
M,26,23000.0,677,0
M,27,15000.0,671,13
M,34,10000.0,668,1
M,34,35000.0,696,0
M,35,18360.0,694,0
M,32,24000.0,689,0
M,30,35.0,680,0
F,39,28000.0,668,0
F,26,20000.0,697,0
M,28,20000.0,679,0
M,29,22000.0,677,4
M,30,20000.0,687,0
M,47,25000.0,683,0
M,22,20000.0,677,0
M,39,24000.0,686,0
M,46,20000.0,690,0
M,35,43000.0,669,1
M,35,30000.0,676,0
M,39,13500.0,685,0
M,28,30000.0,678,0
M,27,20000.0,667,0
M,23,20000.0,668,0
M,24,30000.0,680,0
F,50,25000.0,682,0
M,44,40000.0,711,2
F,38,50000.0,663,0
M,33,38500.0,661,0
M,46,19000.0,696,0
M,36,20000.0,643,0
M,24,30000.0,653,0
M,27,20000.0,676,0
M,23,18000.0,685,0
M,54,45000.0,669,0
M,32,30000.0,701,0
F,37,14000.0,692,0
M,26,30000.0,694,0
M,38,40000.0,678,0
M,27,12000.0,695,0
M,30,50000.0,696,0
M,32,10000.0,661,0
M,27,30400.0,690,0
M,45,25000.0,678,0
M,30,38000.0,682,0
M,35,20000.0,695,0
M,24,20000.0,675,0
M,32,22000.0,709,8
M,27,25000.0,669,1
M,41,26000.0,695,0
M,44,12000.0,688,0
M,25,18000.0,653,7
M,35,14000.0,686,0
M,45,35000.0,700,0
M,51,48900.0,704,0
M,24,20000.0,711,0
M,35,15000.0,673,0
M,44,25500.0,692,0
M,25,11000.0,695,0
M,30,16000.0,689,1
M,34,40000.0,722,0
M,49,18500.0,712,1
M,27,17000.0,667,0
M,30,21000.0,683,3
M,21,15000.0,674,7
M,22,35000.0,686,0
M,27,21000.0,677,9
M,29,25000.0,659,0
M,41,35000.0,677,2
M,33,15300.0,700,0
M,21,14000.0,685,0
M,32,30000.0,676,2
M,32,28000.0,664,0
M,44,17000.0,663,0
M,28,20000.0,714,0
M,25,15000.0,680,0
M,22,15900.0,693,4
M,31,24000.0,684,0
M,27,25000.0,650,3
M,29,19000.0,653,0
M,32,10.0,674,2
F,30,22000.0,660,0
F,35,35000.0,667,4
F,26,20000.0,649,1
M,34,14000.0,678,0
M,44,18000.0,669,0
M,37,30000.0,697,14
M,41,24000.0,675,0
M,38,18000.0,682,0
M,48,25000.0,676,0
M,57,75000.0,716,0
M,44,36000.0,665,0
F,36,11500.0,677,6
M,41,50000.0,678,0
M,37,16000.0,654,0
F,39,18000.0,686,0
M,39,19000.0,692,0
M,33,75000.0,663,1
M,32,16000.0,688,0
M,29,17000.0,662,0
M,24,13500.0,681,0
M,27,18000.0,665,0
M,31,42000.0,675,0
M,35,30000.0,666,31
M,56,35000.0,700,0
M,27,22000.0,654,1
M,32,30000.0,666,0
M,41,15000.0,728,1
M,40,35000.0,708,4
M,34,26000.0,684,0
M,24,25000.0,684,0
M,30,15000.0,683,0
M,36,25000.0,685,0
M,24,16000.0,669,0
M,58,20000.0,678,1
M,25,24000.0,671,0
M,28,12894.0,682,0
M,29,22000.0,676,1
M,43,26000.0,664,1
M,23,25000.0,681,0
M,40,25000.0,682,0
M,21,13000.0,686,0
M,34,15000.0,673,12
M,30,23200.0,697,0
M,27,30000.0,677,0
M,46,18000.0,684,0
M,37,40000.0,675,0
M,33,20000.0,662,0
M,28,25000.0,674,0
M,28,25000.0,654,0
F,34,50000.0,699,0
M,27,10000.0,697,0
F,40,15000.0,701,0
M,45,18000.0,679,0
F,35,20000.0,739,0
M,35,27000.0,676,0
M,24,35000.0,691,0
F,38,12000.0,699,0
M,25,14000.0,668,0
M,50,10000.0,699,0
M,32,35000.0,658,5
F,33,17000.0,684,0
M,36,35000.0,651,1
M,26,15000.0,674,0
M,25,20000.0,665,2
M,31,18000.0,679,0
F,35,35000.0,689,1
M,32,25000.0,695,0
M,47,20000.0,680,0
M,30,18000.0,681,0
M,38,20000.0,670,0
M,30,20000.0,651,0
M,29,25000.0,644,12
M,24,18500.0,694,0
M,41,25000.0,751,0
M,31,14000.0,682,0
M,34,28000.0,666,0
M,26,12000.0,688,0
M,35,25000.0,661,4
M,34,38000.0,689,3
M,43,30000.0,725,0
M,28,30000.0,664,15
M,36,36000.0,672,0
M,25,30000.0,657,0
M,36,33000.0,659,3
M,30,21000.0,667,0
M,44,20000.0,702,0
M,24,22000.0,628,5
M,26,25000.0,675,0
M,58,18000.0,701,3
M,43,12000.0,658,3
M,34,55000.0,705,7
M,34,20000.0,689,0
M,25,18000.0,660,0
F,36,18000.0,685,1
M,39,30000.0,711,0
M,21,45000.0,685,1
M,51,35000.0,689,0
M,25,12000.0,681,0
M,33,30000.0,667,5
F,36,30000.0,676,0
M,36,35000.0,713,0
M,49,17000.0,679,0
F,26,26500.0,663,1
M,24,25000.0,668,0
F,39,15000.0,714,0
M,41,28000.0,643,2
M,58,35000.0,658,1
M,31,12000.0,685,2
M,44,45000.0,691,0
M,46,30000.0,684,7
M,36,15000.0,673,0
M,27,24000.0,702,0
M,46,27000.0,739,0
M,28,19000.0,671,1
M,26,20000.0,670,15
M,21,18000.0,668,0
M,31,16000.0,660,3
M,28,40000.0,692,0
M,62,18500.0,687,0
M,25,23000.0,714,0
F,50,49000.0,708,5
F,44,25000.0,666,0
M,44,35000.0,696,0
M,35,11787.0,665,5
M,21,40000.0,666,2
M,35,20000.0,663,0
M,25,15300.0,668,0
F,43,28500.0,702,0
M,36,17000.0,687,0
M,38,12000.0,699,0
M,33,25000.0,675,0
M,36,30000.0,669,1
M,25,20000.0,685,0
M,26,12000.0,676,2
M,41,12000.0,680,0
M,28,30000.0,673,0
M,36,40000.0,658,0
M,29,40000.0,698,0
M,43,45000.0,681,0
M,42,14000.0,694,0
F,27,28000.0,697,0
M,34,40000.0,670,0
M,30,24000.0,657,1
M,32,50000.0,668,0
M,49,25000.0,692,1
M,27,18000.0,699,0
M,46,52000.0,673,0
M,30,22500.0,712,0
M,24,20000.0,685,0
M,39,25000.0,693,6
M,30,54000.0,665,4
M,36,12500.0,688,8
M,24,15000.0,657,4
M,23,20000.0,676,0
M,41,25000.0,724,0
M,32,35000.0,678,0
M,34,40000.0,697,0
M,38,20000.0,690,0
M,30,19000.0,674,0
M,45,29000.0,681,0
M,29,25000.0,677,0
M,51,40000.0,723,17
M,29,28000.0,658,4
M,54,18000.0,689,0
M,21,23000.0,654,0
M,27,21000.0,647,2
M,39,28000.0,678,0
M,28,29000.0,676,5
F,22,12000.0,681,0
M,44,60000.0,705,10
M,21,35000.0,676,0
F,49,50000.0,725,0
F,36,25000.0,679,0
M,36,32000.0,680,7
M,41,17500.0,697,0
F,29,30000.0,679,8
M,26,25000.0,666,2
M,24,13000.0,688,0
M,31,13000.0,667,5
M,29,38000.0,671,5
M,28,25000.0,665,0
M,29,48000.0,678,18
M,30,25000.0,680,0
M,27,19000.0,684,0
M,27,40000.0,663,0
M,36,15000.0,661,0
M,36,59500.0,702,0
M,28,25000.0,740,0
F,37,32000.0,679,0
M,40,50000.0,724,0
M,28,14000.0,635,0
F,41,22000.0,693,0
F,32,26000.0,674,0
M,29,36000.0,682,0
M,35,15000.0,673,0
M,28,16000.0,664,0
M,43,30000.0,668,1
M,43,9500.0,689,0
M,46,25000.0,691,2
M,49,18900.0,649,0
M,30,15000.0,676,0
M,40,35000.0,709,0
M,31,23000.0,621,0
M,36,14000.0,694,27
M,40,40000.0,674,0
M,44,40000.0,699,0
M,41,43000.0,697,0
M,25,25000.0,663,2
M,38,30000.0,692,0
M,34,51000.0,679,2
M,36,22000.0,711,0
M,27,22000.0,689,0
F,29,32000.0,688,0
M,31,25000.0,674,0
M,33,23500.0,676,17
M,29,65000.0,658,5
M,22,25000.0,682,0
M,26,14000.0,659,0
M,38,36000.0,659,0
M,41,25000.0,653,1
M,26,20000.0,682,0
M,28,22000.0,651,1
F,32,40000.0,713,2
M,24,15000.0,672,0
M,55,25000.0,698,2
M,44,25000.0,688,0
M,22,25000.0,624,0
M,41,35000.0,689,0
M,36,45000.0,688,7
M,51,30000.0,673,0
M,35,37.0,708,0
M,24,15000.0,652,3
M,21,20000.0,676,1
M,32,16000.0,668,2
M,31,18000.0,679,0
M,24,25000.0,692,0
M,33,26000.0,678,0
M,43,30000.0,693,0
M,22,13500.0,670,0
F,38,12000.0,690,0
M,26,13000.0,656,1
M,39,40000.0,546,3
M,34,30000.0,696,0
M,37,20000.0,697,0
M,43,15000.0,691,0
M,23,25000.0,689,0
M,49,45000.0,665,18
M,24,16500.0,677,0
M,36,15000.0,672,0
M,35,23000.0,678,0
M,43,23000.0,677,0
M,25,18000.0,676,0
M,29,13800.0,684,0
M,27,13000.0,676,10
M,37,28000.0,670,0
M,37,36000.0,658,0
F,32,15000.0,672,0
M,30,30000.0,669,0
M,32,16500.0,682,0
M,43,20000.0,661,1
M,28,25000.0,683,1
F,40,25000.0,660,0
M,23,13000.0,679,0
M,28,13000.0,704,0
M,34,24000.0,655,0
M,32,27800.0,709,0
M,44,25000.0,684,2
M,24,20000.0,672,0
M,36,13000.0,706,0
M,35,75000.0,701,0
M,34,12000.0,667,0
M,31,15000.0,678,0
M,29,22000.0,665,8
M,23,10000.0,675,1
M,36,25000.0,682,0
M,37,52900.0,660,17
M,24,11700.0,688,0
M,33,12000.0,679,0
M,32,40000.0,673,2
M,26,27000.0,685,3
M,37,25000.0,680,0
M,32,35000.0,676,0
M,37,20000.0,684,0
M,35,15000.0,683,0
M,32,10000.0,704,0
M,28,40000.0,684,0
M,45,35000.0,662,0
M,27,25000.0,675,0
M,43,20000.0,658,4
M,35,26500.0,652,4
M,24,25000.0,691,0
M,47,30000.0,678,0
M,42,40000.0,689,1
M,36,27000.0,713,0
F,21,20000.0,663,0
F,42,40000.0,685,8
F,53,21000.0,732,0
F,32,18000.0,623,0
F,41,18000.0,686,0
M,33,28000.0,682,9
M,25,11000.0,709,0
M,26,10500.0,679,0
M,34,25000.0,676,0
M,41,12000.0,663,1
M,37,40000.0,717,0
M,25,28000.0,654,0
M,24,26000.0,687,0
M,37,38000.0,672,0
M,39,28000.0,661,0
M,39,30000.0,707,1
F,38,19000.0,658,2
M,23,16000.0,677,0
F,31,12000.0,689,4
M,29,20000.0,676,0
M,25,16000.0,680,0
M,29,35000.0,674,17
M,31,42000.0,669,3
M,35,45000.0,671,2
M,28,22000.0,671,0
F,27,20000.0,661,0
M,47,30000.0,685,0
M,43,32000.0,660,5
M,41,24000.0,649,6
M,46,30000.0,698,0
M,37,25000.0,674,1
M,28,23000.0,671,0
M,26,45000.0,664,11
M,25,25000.0,658,5
M,32,27500.0,648,1
M,53,25000.0,675,0
M,26,18000.0,710,0
M,29,55000.0,675,0
M,28,20000.0,694,0
M,36,16000.0,743,0
M,41,20000.0,676,8
M,53,150000.0,754,0
M,22,30000.0,660,0
M,27,26000.0,675,0
F,41,12500.0,696,0
M,47,25000.0,681,6
M,41,12000.0,684,0
M,38,19500.0,631,0
M,31,25000.0,717,3
M,37,12937.0,694,0
M,35,14000.0,647,10
M,26,11200.0,680,0
M,28,25000.0,677,0
M,26,22000.0,664,0
M,58,40000.0,687,0
M,43,30000.0,683,0
M,41,16000.0,668,0
M,21,16000.0,678,0
M,21,12000.0,639,0
M,24,23543.0,680,0
M,28,18000.0,663,0
M,35,32000.0,728,0
M,35,22000.0,685,0
M,38,21000.0,684,0
M,26,24000.0,672,0
M,40,23000.0,699,0
F,27,10000.0,680,0
M,46,20000.0,717,0
M,32,15000.0,662,1
F,37,20000.0,680,0
F,36,45000.0,677,12
M,28,25000.0,676,2
M,30,18000.0,677,0
M,32,25000.0,666,1
M,33,20000.0,667,0
M,59,27400.0,683,0
M,47,15000.0,668,0
M,24,25000.0,687,0
M,24,18000.0,643,1
M,49,29000.0,688,0
M,41,8000.0,678,0
M,34,30000.0,688,0
M,29,26000.0,689,0
F,53,5.0,713,0
M,25,20000.0,656,1
M,52,19800.0,687,0
M,57,45000.0,687,0
M,43,20000.0,668,8
M,30,21000.0,665,4
M,30,25000.0,687,0
M,28,30000.0,671,6
F,24,18000.0,656,1
M,23,25000.0,663,0
M,22,12000.0,668,0
M,39,16000.0,674,1
M,30,25000.0,634,0
M,29,24000.0,701,0
M,34,20000.0,678,0
M,26,22000.0,685,0
M,44,20000.0,676,0
M,28,27000.0,671,0
M,40,35000.0,707,0
M,33,25000.0,668,0
M,32,35000.0,684,0
M,35,25000.0,655,0
M,25,18000.0,659,2
M,32,23500.0,722,0
M,37,45000.0,674,0
M,26,25000.0,658,0
F,55,20000.0,721,0
M,32,25000.0,691,0
M,52,40000.0,683,0
M,24,33000.0,663,0
F,46,12000.0,680,0
M,29,20000.0,704,0
M,34,15000.0,667,3
M,31,19000.0,684,0
M,44,20000.0,708,0
M,37,20000.0,678,0
M,40,12000.0,684,0
M,28,28000.0,668,0
M,46,20000.0,679,15
F,33,15000.0,732,0
F,29,21000.0,683,0
M,25,20000.0,657,1
M,40,28000.0,672,0
M,30,23000.0,687,0
M,27,15000.0,679,0
F,24,17000.0,670,2
M,54,17000.0,676,0
M,44,25000.0,667,0
M,25,30000.0,682,0
M,38,35000.0,681,0
M,31,29500.0,660,25
M,45,20000.0,681,2
M,28,17000.0,684,0
M,26,25000.0,679,0
F,32,40000.0,682,11
M,57,24250.0,734,0
M,39,50000.0,712,0
F,23,15000.0,693,0
M,25,20000.0,678,0
F,33,30000.0,670,0
M,27,6000.0,688,0
M,39,53000.0,706,0
M,37,40000.0,661,0
M,28,20000.0,668,0
M,41,18000.0,688,0
M,27,16030.0,679,0
M,39,30000.0,693,0
M,24,15000.0,685,0
M,36,55000.0,678,8
M,40,17000.0,665,0
M,24,19000.0,677,0
M,36,15000.0,677,15
M,26,20000.0,663,0
M,27,23000.0,688,0
M,29,24000.0,673,0
M,28,30000.0,665,3
M,37,18500.0,687,1
F,24,20000.0,679,2
M,38,20000.0,691,3
M,42,20000.0,650,13
M,25,18500.0,687,3
M,46,40000.0,693,0
M,38,21000.0,705,2
M,36,38000.0,684,0
M,24,12000.0,674,0
M,28,28000.0,655,0
M,21,15500.0,692,0
M,23,50000.0,661,2
F,44,4500.0,680,10
M,49,26000.0,676,0
M,50,27500.0,688,0
M,28,18000.0,674,0
M,46,35000.0,678,1
M,44,23000.0,675,0
M,31,28000.0,689,1
M,24,30000.0,679,0
M,21,15000.0,656,0
M,37,20000.0,684,0
M,27,18000.0,658,0
M,39,13000.0,690,0
M,22,14000.0,678,0
M,36,50000.0,673,0
F,46,20000.0,696,0
M,21,18000.0,683,0
F,44,50000.0,680,0
M,33,20000.0,683,0
M,34,16800.0,651,2
M,44,22000.0,730,0
M,32,20000.0,694,0
M,56,25000.0,693,4
M,39,25000.0,657,0
M,23,16500.0,707,0
F,56,25000.0,724,0
M,43,40000.0,695,0
M,22,18000.0,672,2
M,24,30000.0,670,3
M,40,30000.0,689,0
M,33,25000.0,717,0
M,42,20000.0,694,10
M,26,13500.0,661,1
M,31,15000.0,664,0
M,38,20000.0,675,0
M,30,18000.0,699,0
F,40,18000.0,712,0
M,24,30000.0,673,0
M,32,40000.0,692,0
F,43,25000.0,674,0
M,24,30000.0,676,0
M,26,19000.0,657,0
M,21,27500.0,677,0
F,49,35000.0,685,0
M,48,14000.0,664,2
F,39,15000.0,685,0
F,39,26000.0,671,0
M,48,30000.0,683,0
M,47,30000.0,706,0
M,31,11500.0,722,0
M,29,15000.0,685,0
M,31,32800.0,703,0
M,41,35000.0,696,0
F,24,22000.0,666,3
M,47,18000.0,663,2
M,50,22000.0,694,0
M,46,25000.0,707,0
M,31,16000.0,669,0
M,27,24800.0,632,0
M,24,28000.0,674,8
M,26,30000.0,693,0
M,24,15000.0,656,0
M,27,20000.0,631,8
M,41,50000.0,639,1
F,40,12000.0,691,0
M,35,20000.0,701,0
M,52,25000.0,725,0
F,44,16000.0,688,3
M,24,17600.0,605,0
M,32,40000.0,636,16
M,40,39000.0,695,0
M,29,15850.0,658,0
F,27,25000.0,590,0
M,29,27000.0,687,5
M,25,24000.0,664,0
F,47,20000.0,714,9
M,27,17000.0,685,16
M,34,18000.0,650,0
M,27,20000.0,663,0
M,41,15000.0,675,0
M,35,50000.0,680,0
M,28,12000.0,661,1
M,47,30000.0,679,0
M,27,15000.0,675,1
F,33,28000.0,686,0
M,26,22500.0,703,0
M,45,14000.0,687,0
M,37,21000.0,674,0
F,44,32000.0,697,0
M,32,5000.0,669,1
M,36,20000.0,690,0
M,48,16000.0,663,5
M,36,25100.0,671,0
M,44,22000.0,711,10
M,22,25000.0,655,2
M,37,16000.0,705,2
M,27,20000.0,685,0
M,27,60000.0,679,0
M,29,18000.0,670,0
M,32,45000.0,686,0
M,32,19000.0,697,10
M,34,30000.0,679,8
M,27,22000.0,685,0
M,25,16500.0,662,0
F,32,19470.0,691,0
F,28,28000.0,680,0
M,35,15000.0,640,0
M,25,19200.0,676,0
M,52,35000.0,703,0
M,24,44000.0,662,0
M,28,15000.0,689,0
F,27,17000.0,677,0
M,33,35000.0,679,0
M,58,27000.0,740,0
M,47,15000.0,712,17
M,36,52000.0,719,0
F,35,43500.0,688,0
M,33,33000.0,698,0
M,31,25000.0,681,0
M,22,20000.0,649,1
M,31,18000.0,689,0
M,33,23000.0,685,0
M,48,19000.0,710,2
M,29,25000.0,644,0
M,25,13500.0,677,1
M,21,10000.0,670,1
M,40,20000.0,670,1
M,37,10000.0,716,0
M,54,13000.0,704,0
M,24,26000.0,667,0
M,22,17000.0,681,2
M,26,38000.0,680,0
M,56,18000.0,649,0
M,27,11000.0,702,0
M,46,89000.0,687,0
M,26,15000.0,657,3
M,33,25000.0,697,1
M,36,14000.0,673,1
F,25,12000.0,662,0
F,22,20000.0,674,0
M,32,19000.0,659,0
M,31,25000.0,655,12
M,41,22000.0,663,1
M,45,16000.0,669,2
M,23,24600.0,647,0
M,32,26000.0,719,0
F,46,55000.0,700,0
M,32,16000.0,673,0
M,34,42300.0,656,12
M,26,50000.0,676,0
M,30,16000.0,637,4
F,30,25000.0,693,0
F,41,51000.0,695,11
M,23,20000.0,689,0
M,30,20000.0,678,0
M,34,29000.0,692,0
M,47,18000.0,684,0
F,47,25000.0,684,0
M,22,13000.0,673,0
M,31,45000.0,678,0
M,33,15000.0,689,0
M,22,40000.0,658,0
M,27,15000.0,687,0
M,27,20000.0,693,0
M,24,20000.0,692,0
M,26,11.0,662,2
M,28,62000.0,668,2
F,23,33000.0,667,0
M,25,15000.0,705,0
M,27,30000.0,674,0
M,26,25000.0,673,0
M,37,36000.0,679,18
M,25,29000.0,688,0
M,22,35000.0,664,1
M,30,18000.0,677,0
M,41,25000.0,739,0
F,31,16600.0,672,0
M,36,28000.0,675,1
M,27,50000.0,606,8
M,23,25000.0,668,0
M,24,15000.0,675,0
M,59,16000.0,680,0
M,42,29000.0,693,2
M,38,30000.0,682,2
M,32,10000.0,671,0
M,22,9126.0,680,0
M,37,20000.0,674,11
F,32,15500.0,690,0
M,27,15000.0,685,0
M,39,20000.0,685,0
M,34,20000.0,677,10
M,33,28000.0,681,0
M,29,20000.0,669,0
M,24,19500.0,687,5
M,33,15000.0,688,0
F,24,45000.0,692,0
M,26,45000.0,680,16
M,39,24000.0,666,7
M,28,20000.0,692,0
M,38,48000.0,683,0
F,29,20000.0,689,0
M,26,40000.0,669,0
M,35,16500.0,623,12
F,36,10000.0,693,0
F,30,15000.0,678,0
M,24,15000.0,718,0
M,34,16000.0,703,0
M,52,30000.0,700,0
M,25,18000.0,679,0
M,31,30000.0,689,0
M,45,13500.0,678,9
M,41,28000.0,668,0
M,50,18000.0,664,0
M,47,18000.0,699,0
M,41,15000.0,687,0
M,34,25000.0,665,10
F,44,15000.0,700,0
M,34,35000.0,662,5
M,52,32500.0,736,0
M,36,30000.0,685,0
M,39,27000.0,654,1
F,43,25000.0,661,1
F,31,25000.0,662,0
M,29,45000.0,686,0
M,32,25000.0,703,2
M,24,18000.0,687,0
M,22,34000.0,667,0
M,24,22000.0,680,0
M,33,24000.0,680,0
M,25,35000.0,677,0
M,33,18000.0,676,0
M,36,25000.0,680,2
M,27,50000.0,685,0
M,23,16000.0,685,0
M,25,15000.0,680,0
M,33,20000.0,691,3
F,32,18000.0,687,0
M,35,25000.0,683,0
M,33,38000.0,713,0
M,21,15000.0,677,0
M,41,40000.0,679,0
M,29,25000.0,658,5
M,25,22000.0,667,0
M,31,32000.0,674,7
M,31,25000.0,679,2
M,31,20000.0,689,0
M,28,25000.0,690,16
F,42,23000.0,658,2
M,29,25000.0,662,0
M,29,23000.0,669,0
F,50,30000.0,667,0
M,23,37000.0,679,0
M,23,18000.0,660,2
M,26,25000.0,667,1
M,38,63000.0,666,3
F,33,16000.0,670,0
M,29,24000.0,694,0
F,23,18000.0,683,0
M,24,13000.0,672,0
M,29,20000.0,703,0
M,29,15000.0,681,0
M,33,25000.0,685,0
M,28,25000.0,695,0
M,36,25000.0,710,0
F,40,80000.0,697,0
M,38,16000.0,694,0
F,47,25000.0,667,0
M,38,25000.0,683,0
M,30,17000.0,665,0
F,23,20000.0,671,0
M,45,34000.0,695,0
M,32,22000.0,672,1
M,26,25000.0,680,0
M,24,30000.0,661,0
M,43,22000.0,647,5
F,34,22000.0,664,0
F,37,10000.0,650,0
M,54,55000.0,738,3
M,33,15000.0,670,0
M,27,25000.0,682,0
M,36,20000.0,681,1
M,50,20000.0,724,3
M,26,12000.0,679,0
M,38,19000.0,684,0
M,37,42000.0,681,0
M,35,32000.0,678,6
M,22,20000.0,658,4
M,31,18000.0,681,0
M,41,80000.0,673,24
M,38,11500.0,676,7
M,40,40000.0,705,1
M,28,30000.0,653,2
M,25,22000.0,679,0
M,26,19000.0,675,0
M,34,20000.0,666,3
M,26,20000.0,664,0
M,27,12000.0,655,12
M,27,25000.0,666,0
M,24,30000.0,662,0
M,39,15000.0,657,2
M,21,50000.0,662,0
M,40,32500.0,692,0
M,26,15000.0,688,0
F,48,17000.0,734,0
M,36,80000.0,694,0
M,39,17000.0,702,0
M,47,30000.0,677,1
M,27,25000.0,664,11
M,41,45000.0,674,0
M,34,75000.0,664,4
M,36,12000.0,680,0
M,23,22000.0,676,0
M,22,27000.0,672,0
M,40,17500.0,684,0
M,34,29000.0,693,3
M,29,18000.0,670,0
M,40,26000.0,701,0
M,25,18000.0,669,3
M,21,20000.0,681,0
M,21,19000.0,670,1
M,32,25000.0,679,8
M,25,25000.0,698,0
M,55,48000.0,692,10
M,27,20000.0,677,0
M,25,23000.0,627,0
M,21,12000.0,690,0
M,27,25000.0,658,0
M,35,40000.0,677,0
M,27,32000.0,650,3
M,28,23000.0,675,0
M,26,35000.0,667,0
M,56,30000.0,693,12
M,42,48000.0,669,0
F,34,20000.0,680,0
M,34,35000.0,688,3
M,34,25000.0,651,15
M,54,12500.0,716,0
M,28,100000.0,655,1
M,21,15000.0,673,0
M,23,13000.0,683,0
M,45,35000.0,711,9
M,49,18000.0,724,0
M,34,30000.0,702,0
M,23,16000.0,645,8
F,44,28000.0,690,0
F,25,20000.0,673,0
M,25,27500.0,681,0
F,47,75000.0,683,0
M,30,25000.0,670,3
M,27,18000.0,699,0
M,46,20000.0,703,0
M,30,20000.0,674,5
M,33,20000.0,650,1
M,44,25000.0,681,0
M,25,9300.0,700,1
M,55,28000.0,682,2
M,34,20000.0,695,0
F,47,16500.0,689,0
M,30,40000.0,644,0
M,40,35000.0,697,0
F,47,18000.0,667,1
M,39,22000.0,661,2
F,47,40000.0,710,1
M,39,20000.0,674,0
M,40,20000.0,661,7
F,29,25000.0,686,0
M,29,25000.0,673,0
M,41,35000.0,695,0
M,29,17000.0,675,0
M,37,35000.0,703,0
M,43,15000.0,663,3
M,26,20000.0,676,0
M,25,15000.0,666,5
M,22,15000.0,695,0
M,30,13500.0,694,0
M,34,95000.0,678,1
M,36,25000.0,676,0
M,24,24000.0,686,0
M,29,28000.0,682,0
F,33,20000.0,689,0
M,30,30000.0,692,0
M,42,19000.0,662,0
F,38,20000.0,691,0
M,45,38500.0,691,0
M,27,30000.0,684,0
M,29,48000.0,690,0
M,51,48000.0,671,0
M,26,40000.0,683,3
M,34,25000.0,721,2
M,46,23000.0,643,1
M,32,30000.0,703,18
M,47,45000.0,663,3
M,28,30000.0,697,0
M,25,25000.0,645,2
M,43,15000.0,694,0
M,55,20000.0,694,0
M,44,24000.0,663,11
F,47,25000.0,695,0
M,28,20000.0,607,5
M,45,28000.0,637,6
F,39,18000.0,668,0
M,31,18500.0,678,0
M,27,25000.0,611,1
M,38,35000.0,678,0
F,44,15000.0,673,0
M,28,30000.0,668,3
M,31,30000.0,681,0
M,26,18000.0,689,0
M,30,10200.0,668,0
M,37,38000.0,703,0
F,31,40000.0,743,0
M,39,35000.0,707,0
M,38,25000.0,682,0
M,33,17000.0,630,0
M,26,12000.0,677,0
M,24,14000.0,680,0
M,27,43000.0,642,7
M,47,30000.0,686,0
M,32,25000.0,712,0
M,32,35000.0,706,0
M,31,22000.0,680,0
M,26,25000.0,688,0
M,36,25000.0,677,6
M,36,13000.0,683,0
M,31,16000.0,689,0
M,22,61000.0,668,0
M,59,43500.0,721,0
M,28,12000.0,678,0
M,42,20000.0,663,0
M,36,30000.0,681,1
M,38,15000.0,708,0
M,36,20000.0,678,1
F,35,18000.0,640,0
M,24,12951.0,683,0
M,30,9000.0,666,0
M,21,16000.0,665,0
M,49,27000.0,667,0
M,27,35000.0,595,0
M,23,28000.0,641,0
M,50,49000.0,679,3
M,30,15800.0,687,0
M,22,18000.0,675,1
M,33,110000.0,660,2
F,37,20000.0,711,0
M,27,18000.0,655,2
M,22,25000.0,685,0
M,22,30000.0,667,0
M,34,33000.0,701,6
M,27,20000.0,671,0
M,29,13000.0,666,1
M,21,25000.0,665,1
M,21,14900.0,651,0
M,32,25000.0,685,0
M,41,25000.0,690,1
M,40,20000.0,709,4
M,30,20000.0,650,3
F,52,25000.0,690,0
M,34,45000.0,677,25
M,41,20000.0,666,2
M,28,18000.0,656,2
M,26,15000.0,675,0
M,38,28000.0,704,0
M,38,21000.0,704,0
M,34,35000.0,676,9
M,39,12.0,683,1
M,28,18500.0,686,0
M,35,20000.0,614,0
M,39,60000.0,719,12
F,27,8000.0,677,13
M,37,30000.0,689,1
M,43,32000.0,645,2
M,35,11500.0,680,0
M,32,22000.0,690,0
M,32,27000.0,677,6
M,38,15000.0,659,0
M,38,25000.0,665,5
M,35,20000.0,681,0
M,57,38000.0,664,1
M,33,27000.0,715,0
M,41,28000.0,703,2
M,29,17000.0,680,0
M,36,48000.0,686,7
F,45,15000.0,700,0
M,38,32000.0,662,14
M,44,30000.0,647,3
M,26,18000.0,685,0
M,37,18000.0,682,0
M,38,16000.0,678,0
M,24,32000.0,697,0
M,30,18000.0,674,1
M,49,29000.0,693,0
M,32,40000.0,672,0
M,29,24500.0,652,0
M,26,13500.0,738,0
M,44,28900.0,668,0
M,23,28500.0,631,0
M,38,65000.0,686,5
F,44,13000.0,702,0
M,43,18000.0,663,0
M,36,10000.0,718,0
M,28,18000.0,685,2
M,46,28345.0,681,0
M,30,34000.0,647,5
M,34,30000.0,681,0
M,22,12000.0,686,0
M,37,25000.0,653,12
M,31,18000.0,698,0
M,34,60000.0,668,1
M,26,26000.0,687,2
M,30,15000.0,676,0
F,33,18000.0,668,0
M,26,40000.0,680,0
F,50,17500.0,679,0
M,26,60000.0,669,0
M,29,23000.0,662,2
M,44,30000.0,684,0
M,57,45000.0,681,0
M,27,25000.0,688,0
M,36,20000.0,696,0
M,24,35000.0,662,0
M,59,20000.0,663,0
M,47,28000.0,676,0
M,26,22000.0,676,10
M,34,15000.0,696,0
M,55,75000.0,702,33
M,30,25000.0,686,1
M,34,26000.0,689,16
M,58,25000.0,734,6
M,42,22000.0,679,0
M,37,22000.0,693,0
M,37,18000.0,677,0
M,30,30000.0,675,0
M,39,53560.0,704,1
M,34,22000.0,686,0
M,22,15000.0,670,0
M,40,20000.0,707,0
M,35,30000.0,650,0
M,24,14500.0,671,0
M,51,32000.0,724,51
F,47,20000.0,706,0
M,54,20000.0,664,0
M,56,25000.0,705,0
M,33,16000.0,705,0
F,36,18000.0,683,0
M,35,14000.0,680,0
M,27,13500.0,669,1
M,40,25000.0,674,0
M,30,16000.0,698,0
M,23,18000.0,662,0
M,37,25000.0,681,0
M,23,25000.0,670,4
M,24,20000.0,660,0
M,28,40000.0,707,0
M,52,600.0,686,0
M,27,27000.0,683,0
M,24,19043.0,738,0
M,44,34500.0,658,2
F,39,51000.0,691,0
M,27,19500.0,684,0
M,38,34000.0,656,3
M,43,20000.0,691,1
F,33,22000.0,673,0
F,32,25000.0,703,10
M,48,30000.0,680,18
M,53,20000.0,676,0
M,28,75000.0,671,39
M,43,30000.0,709,1
M,49,40000.0,651,0
F,31,42500.0,702,9
F,29,12500.0,674,0
M,28,15000.0,676,2
M,37,25000.0,682,0
M,26,40000.0,672,0
M,26,18000.0,663,1
M,24,25000.0,657,0
M,33,40000.0,687,10
M,34,18000.0,676,0
M,26,40000.0,680,0
M,25,21000.0,665,0
M,47,45000.0,684,3
M,26,22000.0,661,1
M,34,48000.0,683,1
M,25,20000.0,663,0
M,30,15000.0,695,0
M,23,22000.0,654,0
M,30,20000.0,674,0
M,28,29000.0,677,0
M,24,18000.0,671,0
M,52,30000.0,687,1
M,42,30000.0,669,6
F,42,19500.0,747,0
M,50,20000.0,711,0
M,26,27000.0,682,0
M,39,32000.0,731,0
M,58,36500.0,687,0
M,33,25000.0,670,0
M,23,35000.0,666,1
M,38,28000.0,662,1
M,29,32000.0,691,0
M,25,20000.0,691,0
F,27,40000.0,659,0
M,28,29000.0,660,4
M,33,11000.0,665,0
M,23,85000.0,698,0
M,40,25000.0,695,0
M,40,18000.0,690,0
M,34,12990.0,678,0
M,31,30000.0,678,2
M,28,21000.0,689,2
M,32,34000.0,666,1
M,28,28000.0,678,0
M,45,30000.0,735,0
M,46,30000.0,656,8
M,27,13000.0,668,1
F,46,20000.0,689,1
M,31,24000.0,702,0
F,49,15000.0,691,0
M,22,40000.0,636,1
M,48,12000.0,674,3
M,33,25000.0,686,0
M,30,45000.0,694,0
M,44,13000.0,684,0
M,24,12000.0,691,0
M,36,15000.0,686,0
M,41,35000.0,721,0
M,21,18000.0,685,0
M,45,25000.0,719,0
M,24,17132.0,648,1
M,37,28000.0,682,0
M,32,15000.0,657,2
M,50,30000.0,695,0
F,34,25000.0,682,0
M,38,38000.0,683,1
M,33,25000.0,672,0
M,39,31000.0,678,0
M,28,12000.0,692,0
M,22,16000.0,640,1
M,37,20000.0,676,0
M,46,17000.0,678,0
M,35,35500.0,703,0
M,39,25000.0,729,1
M,33,30000.0,696,0
M,22,35000.0,672,0
M,29,30000.0,713,0
M,26,17000.0,694,0
M,46,26000.0,702,0
M,42,25000.0,715,0
F,52,43000.0,687,0
F,51,19000.0,674,0
M,27,16500.0,678,0
M,29,35000.0,672,0
M,31,30000.0,675,0
M,61,15000.0,694,0
M,45,17000.0,695,0
M,30,18000.0,655,0
M,42,28500.0,687,0
M,28,30000.0,655,0
M,38,18000.0,683,3
M,37,25000.0,703,0
M,33,17000.0,687,0
M,30,13000.0,706,2
M,50,32000.0,712,3
M,45,25000.0,681,0
M,28,18000.0,695,0
M,39,29000.0,691,0
M,34,25000.0,696,0
M,25,28000.0,674,0
M,35,32000.0,682,1
M,42,30000.0,688,0
M,23,32000.0,707,0
M,32,18000.0,703,0
M,24,9500.0,687,0
M,30,18000.0,726,0
M,31,22000.0,654,0
M,22,20000.0,684,0
M,27,19000.0,718,0
F,36,15000.0,671,3
M,27,16000.0,635,4
F,42,15000.0,689,0
M,23,12000.0,674,0
M,24,31000.0,678,0
M,31,66000.0,681,0
M,55,34000.0,692,3
M,35,18000.0,674,0
M,22,15000.0,676,0
M,23,54000.0,687,0
M,29,15000.0,673,5
M,46,24000.0,665,3
M,46,40000.0,736,0
M,27,22500.0,679,15
M,31,15000.0,673,0
M,32,24800.0,673,0
M,37,25000.0,683,0
M,26,17500.0,678,0
M,35,20000.0,679,2
M,32,10000.0,691,0
M,32,15000.0,686,0
F,42,50000.0,677,0
M,26,22000.0,692,0
F,32,40000.0,699,1
F,46,6400.0,692,0
M,43,50000.0,648,0
F,27,15000.0,638,0
M,44,45000.0,679,0
F,33,15000.0,692,0
F,26,25000.0,662,0
M,35,30000.0,700,1
M,46,30000.0,708,0
M,26,21000.0,662,7
F,41,26000.0,655,0
M,31,40000.0,655,1
M,39,30900.0,740,0
M,54,18000.0,682,1
M,28,15000.0,657,1
M,37,28500.0,690,0
M,48,25000.0,727,0
M,24,18000.0,688,13
M,25,29000.0,683,0
M,38,19500.0,692,0
M,44,9000.0,681,0
M,28,13000.0,658,0
M,29,24000.0,683,9
M,42,25000.0,649,10
M,41,20000.0,707,4
M,28,30000.0,691,0
M,38,30000.0,716,0
M,22,40000.0,691,0
M,28,33300.0,657,0
M,25,11500.0,698,0
M,29,40000.0,671,3
M,28,45000.0,679,0
M,26,15000.0,667,1
M,26,45000.0,666,0
M,39,20000.0,738,0
M,34,19000.0,690,0
M,48,32000.0,712,1
F,25,15000.0,649,0
M,34,16000.0,684,0
M,28,18000.0,649,1
M,25,20500.0,669,9
M,38,35000.0,713,0
M,41,28000.0,633,0
M,42,29000.0,672,0
F,38,20000.0,703,0
M,28,35000.0,697,0
M,30,25000.0,691,0
M,48,22000.0,678,1
M,29,15000.0,684,0
M,36,50000.0,659,1
M,25,15000.0,662,0
M,34,29000.0,696,9
M,24,16000.0,681,1
M,27,32000.0,692,0
M,37,26000.0,681,0
M,35,35000.0,664,12
M,22,20000.0,684,0
F,36,8000.0,705,0
M,22,28000.0,680,0
M,48,15000.0,709,0
M,33,12000.0,675,11
F,40,30000.0,677,5
M,30,18000.0,703,0
F,32,13000.0,694,0
F,40,30000.0,674,0
M,49,20000.0,687,0
M,50,25000.0,740,0
M,56,11000.0,664,0
M,30,41000.0,657,0
M,22,9800.0,682,0
M,28,25000.0,699,0
F,34,15000.0,683,0
F,41,20000.0,699,0
M,23,45000.0,671,0
M,29,35000.0,688,0
M,22,18750.0,682,0
M,34,25000.0,701,0
M,35,20000.0,665,1
F,33,15000.0,717,0
F,22,15500.0,671,3
M,26,30000.0,666,0
M,56,55000.0,750,0
M,42,17000.0,678,0
F,42,25000.0,701,0
M,26,12000.0,670,5
M,56,30000.0,694,5
M,24,34000.0,677,0
M,31,14000.0,708,0
M,38,25000.0,671,2
M,45,48000.0,691,20
M,22,40000.0,670,1
M,48,25000.0,675,0
M,23,28000.0,665,0
M,29,50000.0,666,4
M,31,25000.0,680,0
M,29,33000.0,655,0
F,49,50000.0,691,0
M,37,29000.0,686,0
M,39,77000.0,729,15
M,22,30500.0,676,0
M,51,15000.0,689,0
M,32,23590.0,679,0
M,22,17000.0,660,0
M,31,20000.0,717,12
M,23,15000.0,672,0
F,28,15000.0,668,0
M,27,18500.0,684,0
M,59,25000.0,688,0
M,41,25000.0,711,9
M,30,13800.0,682,0
M,42,25000.0,685,7
F,36,20000.0,677,1
F,38,25000.0,692,0
M,41,30000.0,675,0
M,35,10000.0,711,0
M,36,42000.0,680,0
M,38,28000.0,668,1
M,27,25000.0,650,0
M,30,14000.0,713,0
M,23,19000.0,663,1
M,31,17000.0,688,0
M,36,30000.0,675,0
M,24,25000.0,691,0
F,23,25000.0,662,0
M,47,26500.0,708,15
F,35,23000.0,688,0
M,27,30000.0,701,0
M,24,18000.0,677,0
M,24,20000.0,664,2
M,26,35000.0,657,2
M,28,31000.0,567,10
M,35,15000.0,677,4
F,46,20000.0,648,2
M,25,12500.0,667,0
F,24,28000.0,686,0
F,33,13000.0,684,0
M,30,30000.0,663,0
F,24,11025.0,666,5
M,44,29000.0,677,0
M,31,35000.0,683,0
M,28,5000.0,673,0
M,31,30000.0,663,0
M,27,35000.0,671,0
M,36,75000.0,679,4
M,35,37000.0,710,1
M,29,17000.0,705,7
F,34,55000.0,698,0
M,29,15000.0,684,0
F,53,15000.0,677,5
M,21,15000.0,692,0
M,27,20000.0,679,0
M,33,35000.0,692,0
M,33,25000.0,686,1
M,50,35000.0,688,0
M,21,18000.0,682,0
M,40,18000.0,700,0
M,24,26000.0,675,0
F,50,39000.0,632,1
M,28,55000.0,672,0
F,31,35000.0,684,0
M,33,13200.0,674,1
M,26,30000.0,674,0
M,22,15000.0,648,0
F,36,25000.0,707,0
M,23,24000.0,668,0
M,27,28000.0,649,0
M,25,18200.0,691,0
M,24,22000.0,662,0
M,30,25000.0,678,0
M,28,45000.0,632,1
M,31,22000.0,667,1
M,52,45000.0,667,0
F,29,20000.0,672,0
M,30,30000.0,682,0
M,41,45700.0,714,3
M,33,52000.0,573,0
M,25,22000.0,678,1
M,27,30000.0,691,0
M,49,20000.0,694,0
M,24,23000.0,674,7
M,46,10000.0,688,0
F,27,28000.0,684,0
M,27,32000.0,651,2
M,24,25800.0,683,0
M,43,25000.0,679,2
M,30,18500.0,671,0
M,22,23000.0,676,4
F,46,10000.0,675,0
F,40,40000.0,668,0
M,25,23000.0,597,0
M,22,16000.0,642,2
M,38,15000.0,690,0
M,53,40000.0,681,0
M,31,20000.0,670,0
M,34,28000.0,652,1
M,28,25000.0,668,0
F,22,18000.0,649,0
M,40,30000.0,663,8
M,26,40000.0,698,5
M,28,20000.0,680,0
M,27,25000.0,679,9
M,28,30000.0,673,0
M,26,42000.0,666,0
M,35,27000.0,638,0
M,39,50000.0,723,0
F,31,28000.0,687,0
M,41,65000.0,642,0
M,25,30000.0,649,1
M,37,20000.0,683,0
M,35,21900.0,680,0
F,39,15000.0,694,2
M,30,15000.0,680,0
M,24,32000.0,691,0
M,37,30000.0,672,0
M,42,51000.0,667,1
M,23,25000.0,679,4
M,26,20000.0,672,0
F,59,40000.0,670,0
M,21,15000.0,671,0
M,28,18000.0,686,0
M,21,24000.0,672,0
F,25,35000.0,655,0
F,35,25000.0,649,3
M,27,35000.0,674,0
M,33,30000.0,689,24
M,30,24000.0,691,3
M,31,75000.0,685,0
M,41,35000.0,683,0
M,51,14000.0,699,0
M,22,30000.0,689,0
M,34,42000.0,638,1
M,27,25000.0,673,0
M,21,30000.0,661,0
M,23,25000.0,686,0
M,24,16000.0,685,0
M,44,15000.0,681,0
M,37,45000.0,682,0
M,28,20000.0,707,1
M,36,35000.0,667,0
M,23,23500.0,671,0
M,24,18000.0,683,0
M,29,20000.0,676,0
F,48,22000.0,709,0
M,22,20000.0,682,0
M,25,12000.0,681,0
M,43,25000.0,687,0
M,30,16000.0,677,0
M,32,18200.0,673,0
M,32,40000.0,706,10
M,25,45000.0,663,0
F,30,28000.0,630,5
M,25,35000.0,667,0
M,29,17000.0,686,0
M,30,35000.0,695,0
M,47,35000.0,746,1
M,22,16000.0,669,0
M,25,48000.0,669,2
F,33,24000.0,654,4
M,24,22000.0,677,5
M,42,35000.0,668,5
M,27,18000.0,660,1
M,28,20000.0,678,1
M,36,32500.0,669,8
F,39,32790.0,663,1
M,30,20000.0,656,1
M,40,40000.0,724,0
M,47,29000.0,692,0
M,26,25000.0,673,0
M,26,15000.0,694,1
F,25,33500.0,669,0
M,27,15000.0,649,0
M,25,15000.0,660,0
M,27,14000.0,678,19
M,24,34000.0,673,0
M,47,32000.0,656,4
M,29,20000.0,703,11
M,27,32500.0,664,0
M,32,25000.0,693,0
M,31,12000.0,674,0
M,41,15500.0,683,0
M,25,21000.0,666,2
M,41,20000.0,675,26
M,29,10.0,670,2
M,32,45000.0,685,0
M,36,20000.0,654,2
M,32,20000.0,665,0
M,27,20000.0,648,1
F,38,20000.0,654,2
F,38,13500.0,678,5
M,35,23000.0,685,0
M,23,20000.0,675,0
M,40,2500.0,708,0
F,42,9000.0,686,0
M,22,22000.0,676,0
M,24,14000.0,694,0
M,22,30000.0,652,0
M,42,40000.0,706,0
M,53,19000.0,672,8
M,31,17000.0,642,0
M,39,33000.0,672,0
M,35,24000.0,677,0
M,46,37000.0,687,0
F,41,44000.0,716,0
M,44,34000.0,701,5
M,31,21000.0,697,0
M,46,56000.0,697,36
M,29,12000.0,674,12
M,22,18000.0,680,1
M,26,28000.0,687,0
M,51,20000.0,676,0
M,26,15000.0,669,0
M,37,30000.0,687,0
M,33,20000.0,687,0
M,27,50000.0,667,0
M,29,23000.0,683,7
M,38,38000.0,699,42
F,43,11000.0,708,0
M,24,42000.0,673,0
M,34,23000.0,676,0
M,32,15000.0,668,0
M,36,19000.0,656,0
M,45,17000.0,651,3
M,32,25000.0,695,0
M,30,20000.0,686,0
M,34,30000.0,684,0
M,27,12000.0,696,0
M,38,17500.0,729,0
M,56,30000.0,753,0
M,30,30000.0,691,5
F,26,25000.0,662,0
M,33,20000.0,669,6
M,28,33000.0,661,2
M,25,14000.0,672,7
M,31,24000.0,642,0
F,55,32000.0,686,6
F,38,18000.0,666,4
M,27,25000.0,709,0
M,35,30000.0,668,1
M,50,50000.0,678,2
M,32,18000.0,674,3
M,25,14000.0,686,0
M,21,17000.0,668,11
M,33,28000.0,661,0
M,34,40000.0,721,0
M,35,22000.0,696,0
M,26,25000.0,678,5
M,28,11000.0,684,0
F,28,15000.0,682,8
M,44,24000.0,709,8
F,25,22000.0,694,0
M,51,18000.0,726,0
M,46,45000.0,695,0
M,22,26000.0,682,0
M,41,24500.0,665,1
M,35,30000.0,655,0
M,41,20000.0,696,0
M,36,20000.0,702,0
M,29,20000.0,681,0
M,27,13000.0,686,0
F,52,20000.0,714,2
M,47,15000.0,692,0
F,21,14000.0,664,0
M,27,25000.0,688,0
M,31,16500.0,706,0
M,21,16000.0,655,0
M,43,35000.0,702,1
M,32,18000.0,687,0
M,44,30000.0,638,2
M,47,25000.0,670,0
M,32,25000.0,650,0
M,33,21700.0,686,0
M,36,15000.0,728,0
M,25,15000.0,668,0
F,24,35000.0,657,0
M,41,20000.0,719,6
M,35,27000.0,736,0
M,30,40000.0,692,0
M,38,18000.0,741,0
M,28,29000.0,675,0
M,21,22000.0,665,0
M,50,45000.0,731,0
M,26,10000.0,695,3
M,39,32000.0,680,0
M,55,28000.0,683,1
M,33,14000.0,668,0
M,23,33000.0,628,4
M,27,35000.0,671,0
M,29,15000.0,698,0
M,22,28000.0,685,0
M,29,32500.0,689,0
F,37,18000.0,701,0
F,58,8000.0,679,0
M,21,15000.0,652,0
M,30,18000.0,667,2
M,34,22560.0,650,1
M,34,26000.0,672,0
M,41,15000.0,680,0
M,47,16000.0,680,0
M,47,30800.0,673,2
M,28,20000.0,703,0
M,28,30000.0,639,2
M,26,18500.0,665,3
M,26,13250.0,678,0
M,44,60000.0,631,0
M,48,16000.0,740,0
M,35,40000.0,691,0
M,30,30000.0,674,14
M,28,2100.0,671,0
M,57,52000.0,684,0
M,45,12000.0,681,0
F,28,45000.0,675,0
M,26,12000.0,658,1
M,25,16000.0,685,0
M,36,20000.0,657,3
M,39,60000.0,671,0
M,23,25000.0,705,0
M,23,14000.0,695,0
M,42,25000.0,673,0
F,48,6000.0,733,0
M,39,40000.0,675,0
M,25,15000.0,631,0
F,37,18200.0,697,0
M,29,22000.0,637,5
M,26,24000.0,691,0
F,35,12000.0,679,0
M,52,70000.0,695,4
M,43,38000.0,668,0
M,21,25000.0,684,1
M,30,18200.0,652,3
M,32,21980.0,652,0
M,24,16850.0,678,0
M,24,12000.0,671,0
M,36,18000.0,679,0
M,24,14500.0,681,0
M,31,16500.0,720,0
M,27,35000.0,644,0
M,25,23200.0,675,6
M,47,15000.0,651,1
M,31,23000.0,671,2
M,24,30000.0,660,2
M,32,40000.0,690,12
M,32,30000.0,650,0
F,46,17452.0,690,0
M,43,18500.0,695,0
M,33,14900.0,701,0
M,50,30000.0,728,0
M,58,25000.0,687,0
M,27,25000.0,670,0
M,33,20000.0,639,6
F,24,12550.0,680,0
M,34,20000.0,672,0
M,34,15000.0,681,0
M,26,25000.0,666,1
M,29,15000.0,689,0
M,22,20000.0,651,0
M,29,35000.0,680,0
M,25,35000.0,668,0
F,38,27000.0,677,0
M,31,13500.0,676,0
M,36,15000.0,690,0
M,38,18000.0,682,0
M,27,30000.0,685,6
M,27,37000.0,595,0
M,34,24000.0,701,0
F,33,18500.0,672,0
M,36,55000.0,678,0
M,36,35000.0,644,1
M,41,30000.0,709,0
F,26,20000.0,671,0
M,26,25000.0,678,0
M,59,18000.0,687,0
M,26,36200.0,674,0
M,33,27000.0,703,0
M,28,15000.0,667,0
M,25,25000.0,670,0
M,28,26000.0,686,0
M,32,30000.0,654,3
M,26,16000.0,638,4
M,30,15000.0,674,0
M,36,30000.0,674,0
M,47,21000.0,735,0
M,38,18000.0,679,0
M,22,20000.0,653,2
F,24,20000.0,690,0
F,32,35000.0,704,0
M,42,32500.0,696,3
M,57,40000.0,708,0
M,30,28000.0,683,0
M,34,15000.0,693,0
F,32,15000.0,668,1
M,22,20000.0,674,1
M,27,15000.0,680,0
M,39,39000.0,719,0
M,42,23000.0,675,0
M,22,18000.0,674,0
M,30,20000.0,682,1
M,55,35000.0,732,0
M,32,55000.0,685,0
F,40,20000.0,714,0
M,35,35000.0,676,0
M,22,15000.0,685,0
M,40,19000.0,673,0
M,29,20000.0,689,0
M,26,15000.0,672,0
M,38,18000.0,652,13
M,42,28000.0,716,7
M,48,29000.0,707,0
M,43,26000.0,705,1
M,30,19500.0,675,0
F,30,25000.0,667,4
M,33,17000.0,731,8
M,39,29000.0,681,2
M,47,48000.0,700,0
M,29,25000.0,685,0
M,26,12500.0,706,0
F,27,25000.0,673,9
M,30,15000.0,683,1
M,31,40000.0,719,0
M,28,18000.0,673,8
M,48,18000.0,689,15
M,28,28000.0,701,0
M,22,10.0,681,0
F,34,20000.0,674,0
M,28,10500.0,681,0
F,48,12000.0,687,0
M,36,30000.0,680,0
M,34,25000.0,573,1
M,42,25000.0,699,0
M,32,18000.0,766,0
M,24,16000.0,652,3
M,22,18000.0,669,0
M,47,23000.0,718,0
M,29,25000.0,676,15
M,23,20000.0,673,0
F,35,20000.0,691,18
M,43,15000.0,674,2
M,34,18000.0,698,3
M,27,28000.0,635,3
F,26,35000.0,671,4
F,34,12000.0,666,0
M,34,30000.0,675,3
M,34,35000.0,659,0
M,28,15000.0,675,0
M,26,18000.0,679,0
M,35,35000.0,699,0
F,40,9500.0,683,0
M,31,20000.0,677,0
M,41,18000.0,684,3
M,34,37000.0,676,0
M,47,25000.0,709,1
M,23,30000.0,674,0
M,56,25000.0,692,0
M,28,23000.0,661,2
M,26,30000.0,678,0
M,22,20000.0,677,0
M,46,18000.0,691,0
M,24,16000.0,661,0
M,33,18500.0,670,0
M,26,40000.0,646,2
M,26,18990.0,666,0
F,33,18000.0,703,0
M,34,31000.0,682,4
M,30,8000.0,649,3
M,43,40000.0,679,1
F,40,20000.0,664,0
M,36,40000.0,683,0
M,32,20000.0,705,0
M,27,10000.0,676,0
M,42,25000.0,667,0
M,24,21500.0,673,0
M,30,35000.0,686,0
M,28,28000.0,693,0
M,46,32000.0,701,2
M,32,45000.0,668,2
M,29,18000.0,674,0
M,40,80000.0,671,1
F,44,35000.0,706,2
M,33,40000.0,671,1
M,40,45000.0,680,0
M,41,52000.0,661,8
F,26,35000.0,672,1
M,24,29000.0,685,0
M,30,21000.0,708,0
M,50,21000.0,678,0
M,25,19000.0,678,0
M,36,20000.0,683,0
M,26,20000.0,671,0
M,28,15000.0,662,0
M,36,50000.0,688,1
M,27,25000.0,656,3
M,37,14000.0,668,0
M,34,40000.0,696,0
M,35,10000.0,664,11
M,28,25000.0,655,0
M,36,25000.0,660,0
M,23,18000.0,667,0
F,51,30000.0,682,0
M,33,35000.0,693,0
M,36,31547.0,699,0
F,31,24000.0,682,0
M,32,14500.0,682,6
M,28,12500.0,679,0
M,34,40000.0,705,0
F,24,20000.0,681,0
M,27,40000.0,677,0
M,28,17000.0,671,0
M,36,15000.0,679,0
M,42,26000.0,713,0
M,35,22000.0,676,0
M,25,25000.0,663,2
M,32,25000.0,788,0
M,30,30000.0,669,0
M,39,50000.0,665,2
M,36,25000.0,661,1
F,31,30000.0,688,0
M,26,20000.0,657,2
M,42,18900.0,679,0
M,36,15000.0,685,0
M,27,23000.0,682,0
M,28,29500.0,687,0
F,48,38500.0,672,17
M,36,20000.0,659,3
M,27,15000.0,674,0
M,27,12000.0,661,23
M,23,17000.0,661,0
M,37,40000.0,699,0
M,41,90000.0,654,0
M,43,23000.0,714,0
M,36,18000.0,679,0
M,50,36000.0,685,0
M,35,20000.0,681,0
M,39,15000.0,687,0
M,44,12000.0,688,0
M,31,50000.0,685,20
M,36,30000.0,664,11
M,28,15000.0,675,0
M,36,33000.0,637,3
M,23,30101.0,667,0
M,25,95000.0,636,0
M,21,35000.0,667,0
F,35,25000.0,674,1
M,33,15000.0,655,4
M,31,30000.0,669,0
M,29,12000.0,708,0
M,21,12000.0,671,0
M,24,23500.0,676,0
M,45,21000.0,685,0
M,33,15000.0,661,0
M,36,15000.0,676,0
M,26,18500.0,676,0
M,60,18000.0,699,0
M,25,26000.0,677,0
M,27,19000.0,655,1
M,31,20000.0,676,3
F,30,23000.0,693,0
M,25,15000.0,686,0
M,37,17000.0,715,0
M,24,18000.0,679,0
M,29,11000.0,663,1
M,31,80000.0,699,0
M,29,35000.0,695,0
M,30,18000.0,719,0
M,33,20000.0,665,0
M,32,80000.0,635,7
F,40,34000.0,718,0
M,31,43000.0,695,0
M,23,16000.0,665,0
M,29,17000.0,684,11
M,34,7800.0,686,0
M,33,38500.0,661,7
M,35,8000.0,704,0
M,33,13000.0,678,0
M,27,20000.0,698,0
M,25,28000.0,683,0
M,22,15000.0,668,1
M,32,25000.0,689,35
M,26,33000.0,697,0
M,35,27000.0,683,0
M,27,25000.0,657,2
M,37,22000.0,683,0
M,47,20000.0,710,0
M,27,17000.0,660,1
M,23,12000.0,684,0
M,32,20000.0,668,4
M,38,13000.0,683,0
M,32,30000.0,691,0
M,31,22000.0,647,0
M,27,12000.0,675,0
M,34,13000.0,686,4
M,32,19000.0,675,0
M,43,18000.0,702,0
M,30,35000.0,689,0
M,26,16000.0,665,1
M,38,48000.0,674,0
M,25,18000.0,624,1
M,25,17000.0,666,2
M,29,30000.0,688,0
M,36,40000.0,686,1
M,33,28000.0,687,0
M,31,20000.0,703,0
M,44,10000.0,720,0
M,26,100000.0,635,0
M,29,20000.0,661,0
M,22,18000.0,661,1
M,38,43000.0,684,1
M,40,30000.0,672,0
M,36,21000.0,663,0
M,27,18000.0,667,0
M,25,18000.0,657,3
M,35,20000.0,682,0
M,23,20000.0,649,0
M,59,12000.0,763,6
M,32,15000.0,669,0
M,28,14000.0,689,0
M,28,17000.0,682,0
M,33,35000.0,681,3
M,24,20000.0,670,0
M,26,8000.0,690,0
M,25,12000.0,671,2
M,30,39000.0,679,0
M,39,45000.0,673,0
M,31,20000.0,683,0
M,43,34890.0,703,0
M,25,24000.0,695,0
M,35,20000.0,666,4
M,54,15000.0,723,0
M,26,31000.0,673,0
M,36,50000.0,670,0
M,42,14500.0,681,0
M,30,18000.0,661,0
M,31,40000.0,676,0
M,25,9000.0,665,3
M,26,20000.0,693,0
M,44,20000.0,710,0
M,29,18000.0,667,0
M,36,11000.0,677,0
M,30,15600.0,652,0
F,31,46000.0,660,5
M,27,20000.0,653,1
M,52,50000.0,728,0
M,49,22000.0,699,14
M,28,12000.0,699,0
M,56,14000.0,703,0
M,24,30000.0,680,0
M,39,20000.0,699,0
M,40,23000.0,677,0
M,33,31600.0,676,0
M,24,35000.0,651,2
M,23,21500.0,655,0
M,37,19650.0,667,2
M,37,22000.0,674,9
M,59,32000.0,661,0
M,23,20000.0,654,0
M,32,30000.0,677,0
M,29,32000.0,685,7
M,44,25000.0,680,8
M,32,25000.0,689,0
M,40,13000.0,725,0
M,24,15000.0,688,0
M,28,15000.0,690,0
M,42,32000.0,686,0
M,34,34500.0,709,0
M,31,13000.0,692,1
F,35,28000.0,677,0
M,23,20000.0,691,0
M,54,23000.0,725,0
M,40,25000.0,691,0
M,40,23000.0,680,0
M,21,18000.0,679,0
M,61,25000.0,648,1
M,23,23000.0,658,0
M,21,18000.0,675,0
M,29,19500.0,679,0
F,56,41000.0,685,0
M,35,12000.0,682,0
M,40,53000.0,723,0
M,23,40000.0,655,7
M,26,9.0,686,0
M,44,32000.0,701,0
M,58,35000.0,664,0
M,23,12000.0,669,0
F,35,30000.0,692,7
M,28,24000.0,679,0
M,21,15000.0,653,1
F,24,18000.0,671,0
M,29,17000.0,679,2
M,23,13500.0,692,0
M,34,50000.0,668,0
M,31,30500.0,676,6
M,38,20000.0,697,0
M,23,40000.0,662,0
M,48,28000.0,686,0
M,39,32500.0,656,1
M,27,28000.0,672,0
F,36,25000.0,679,1
M,42,33500.0,713,0
M,24,25000.0,695,0
M,32,36000.0,702,2
M,31,22000.0,677,0
M,24,25000.0,673,0
M,25,35000.0,671,0
F,21,16000.0,678,0
M,38,31750.0,685,0
M,29,12000.0,684,0
M,23,20000.0,668,0
M,29,23000.0,682,0
M,29,18000.0,660,1
M,39,19750.0,694,0
M,34,30000.0,676,0
M,29,70000.0,661,28
M,55,16000.0,688,0
M,30,35000.0,687,0
M,31,15000.0,686,0
M,51,14500.0,688,0
M,49,38000.0,714,1
M,38,25000.0,687,0
M,45,20000.0,690,0
M,32,50000.0,664,0
M,28,20000.0,673,1
M,24,17000.0,663,0
M,44,60000.0,696,1
M,42,18000.0,712,0
M,41,20000.0,658,1
M,32,35000.0,687,0
M,23,12000.0,681,0
M,39,25000.0,666,0
M,51,16000.0,682,0
M,59,29000.0,714,0
M,37,20000.0,666,16
M,30,18000.0,675,0
M,27,18000.0,688,0
M,54,23000.0,699,0
F,39,12000.0,677,0
M,23,40000.0,673,0
M,43,30000.0,716,0
M,33,23000.0,696,3
M,34,10000.0,683,0
F,45,20000.0,681,0
M,38,55000.0,692,0
M,23,16900.0,652,0
M,42,40000.0,660,0
M,32,23000.0,662,0
M,29,20000.0,681,4
M,29,31000.0,700,0
M,53,24000.0,687,0
M,28,33500.0,660,2
M,37,20000.0,670,0
F,43,30000.0,684,0
M,26,45000.0,679,0
M,24,40000.0,640,0
M,30,15000.0,680,0
M,41,22000.0,697,4
M,29,15000.0,689,0
F,30,20000.0,698,0
M,35,18000.0,709,0
M,39,20000.0,676,9
M,25,18000.0,619,0
M,35,17000.0,669,7
F,31,40000.0,685,0
M,25,17000.0,677,0
M,22,12500.0,670,0
M,28,55000.0,668,0
M,33,23000.0,691,3
M,29,53500.0,659,0
M,24,48000.0,685,0
F,21,25000.0,691,1
M,31,12000.0,701,0
M,33,11000.0,692,0
M,26,32000.0,681,0
M,23,15000.0,683,6
M,41,34000.0,677,0
M,21,25000.0,639,14
M,32,30000.0,688,0
M,28,15000.0,689,0
M,43,45000.0,645,2
M,28,12000.0,665,8
M,27,23000.0,680,2
M,30,14000.0,667,4
M,38,14000.0,694,0
M,24,30000.0,681,0
M,33,20000.0,676,0
M,40,11800.0,670,0
M,34,80000.0,634,1
M,39,10000.0,665,2
M,27,25000.0,666,0
M,54,23000.0,733,0
M,29,18500.0,664,4
M,25,22500.0,662,0
M,36,27000.0,710,15
M,30,38000.0,685,0
M,38,14000.0,677,0
M,32,30000.0,687,0
M,29,15000.0,681,0
M,52,58000.0,669,2
M,28,22850.0,672,0
M,30,20000.0,683,0
F,27,12000.0,649,0
M,33,22500.0,693,6
M,55,35000.0,766,0
M,35,30000.0,675,0
M,26,17000.0,659,3
M,55,17000.0,670,0
M,33,23500.0,707,0
F,51,46000.0,683,1
M,32,25000.0,661,3
M,34,15000.0,674,0
M,54,15000.0,679,0
M,34,18000.0,703,0
M,24,23000.0,661,4
M,29,14000.0,692,0
M,39,20000.0,689,0
M,26,30000.0,669,4
M,24,48500.0,659,0
M,26,25000.0,673,0
F,29,28000.0,720,0
M,21,30000.0,692,0
M,35,20000.0,685,0
M,27,15000.0,685,0
M,25,27500.0,675,0
M,21,23000.0,662,0
M,22,28000.0,681,0
M,32,21000.0,679,0
M,30,14500.0,661,13
M,51,20000.0,677,0
M,32,23000.0,708,0
M,34,23000.0,675,0
M,32,9500.0,680,0
M,40,18000.0,681,13
M,58,50000.0,698,3
M,41,13000.0,693,0
M,26,25000.0,669,0
M,23,29000.0,660,3
F,43,40000.0,684,0
M,21,12000.0,680,2
M,29,25000.0,671,0
M,46,25000.0,683,0
M,29,13000.0,659,0
M,21,24000.0,665,0
F,34,20000.0,678,0
M,33,22000.0,675,0
M,31,23000.0,624,1
M,25,20000.0,672,0
M,30,20000.0,662,0
F,27,12000.0,698,0
F,34,18000.0,733,1
M,33,25000.0,675,0
M,44,40000.0,674,32
M,28,15000.0,700,0
M,24,20000.0,667,1
M,49,14000.0,684,0
M,29,60000.0,693,0
M,46,30000.0,669,1
M,40,18000.0,671,0
M,26,40000.0,654,0
M,42,25000.0,685,0
M,39,32000.0,727,0
M,31,22000.0,682,2
M,31,18000.0,684,0
F,25,30000.0,661,0
M,26,28000.0,677,2
M,39,7000.0,678,0
M,30,20000.0,676,12
M,43,32000.0,695,6
M,37,35000.0,682,0
M,26,15000.0,681,0
M,26,25000.0,682,0
M,32,23000.0,677,0
M,43,25000.0,679,3
M,24,40000.0,659,3
M,32,18800.0,676,0
M,26,30000.0,657,1
F,23,35000.0,682,0
M,31,13000.0,703,0
M,38,22000.0,698,2
M,25,5060.0,693,0
M,22,20000.0,682,0
M,26,60000.0,686,0
M,30,18000.0,671,0
M,33,25000.0,713,12
M,34,18000.0,682,0
M,28,40000.0,669,0
M,27,13000.0,706,0
M,25,25000.0,657,0
M,21,35000.0,679,1
F,43,12000.0,705,0
M,31,23800.0,676,0
M,24,30000.0,678,1
M,47,30000.0,675,1
M,42,19000.0,693,0
M,31,40000.0,717,0
M,29,18000.0,692,3
M,33,25000.0,725,0
M,23,25000.0,600,0
M,33,25000.0,656,14
M,45,16000.0,702,0
M,30,25000.0,628,0
M,36,53000.0,687,0
M,30,50000.0,687,0
M,33,21000.0,679,0
M,30,15000.0,699,0
M,27,48000.0,650,21
M,60,40000.0,708,0
M,25,18000.0,686,0
M,36,22500.0,707,0
M,32,25000.0,641,13
M,46,19000.0,725,0
M,42,12000.0,695,0
M,50,30000.0,688,0
M,27,20000.0,671,0
M,50,80000.0,706,10
F,27,45000.0,673,0
M,36,45000.0,697,0
M,29,19000.0,673,0
M,27,16000.0,661,25
M,42,18000.0,689,0
M,48,27000.0,670,1
M,33,14000.0,673,0
M,36,27000.0,667,1
M,21,35000.0,667,0
M,31,38000.0,680,0
M,46,35000.0,694,13
F,29,22500.0,697,0
M,30,40000.0,687,0
F,37,12000.0,673,0
M,27,22500.0,652,0
M,56,50000.0,655,6
M,32,45200.0,694,21
M,27,22000.0,688,0
M,30,27000.0,669,0
M,39,60000.0,701,0
F,50,63000.0,724,0
M,23,20500.0,664,0
M,37,20000.0,683,0
M,26,44000.0,675,0
F,27,18000.0,681,0
F,35,20000.0,674,0
M,29,21000.0,677,0
M,43,20000.0,665,0
M,25,15600.0,696,0
M,25,12000.0,676,0
M,37,25000.0,683,0
F,40,15000.0,670,0
M,30,12500.0,687,0
M,22,18500.0,679,0
M,23,60000.0,669,2
M,30,20000.0,653,2
M,30,40000.0,668,0
M,40,33000.0,649,1
M,38,15000.0,692,3
M,37,19800.0,669,0
M,30,18000.0,699,0
M,23,30000.0,666,0
F,32,30000.0,703,2
M,50,50000.0,625,5
M,26,15000.0,658,0
M,32,25000.0,674,0
M,40,10000.0,703,0
M,33,15000.0,690,0
M,34,14000.0,676,0
M,37,35000.0,688,0
M,45,10000.0,677,0
F,57,55000.0,677,0
M,35,25000.0,690,0
M,31,18000.0,690,0
M,25,30000.0,669,0
M,26,18000.0,683,0
M,24,25000.0,686,17
M,33,22000.0,680,0
M,49,16000.0,708,0
M,23,18000.0,685,0
M,32,23000.0,717,1
M,29,30000.0,675,4
F,24,20000.0,673,0
M,54,18231.0,805,0
M,28,18000.0,665,0
M,31,25000.0,687,4
M,40,23000.0,708,0
M,38,25900.0,689,0
F,23,22000.0,662,0
M,30,18000.0,703,0
F,28,30000.0,660,0
M,29,18000.0,673,0
M,29,16000.0,677,4
M,37,25000.0,671,0
M,21,20000.0,656,0
M,35,15000.0,697,0
F,29,25000.0,702,1
M,28,15000.0,689,0
F,34,18500.0,693,3
M,39,40000.0,690,0
M,52,20000.0,729,0
M,33,50000.0,675,1
M,30,24000.0,685,0
M,28,16000.0,675,0
M,31,16000.0,708,0
F,44,65000.0,722,0
M,26,13000.0,687,0
M,22,57000.0,684,0
F,41,45000.0,684,0
M,45,15000.0,674,0
F,43,12000.0,685,0
F,40,45000.0,671,3
M,45,7000.0,686,0
M,44,20500.0,656,1
M,28,20000.0,689,0
M,35,18000.0,674,0
M,36,20000.0,690,0
M,32,13000.0,658,18
M,40,20000.0,709,0
M,33,35000.0,685,0
M,24,20000.0,684,0
M,55,23500.0,736,0
M,31,31000.0,699,2
M,40,25000.0,742,1
M,32,25000.0,687,0
M,31,23000.0,699,0
M,25,23000.0,671,6
M,36,20000.0,676,0
M,42,27000.0,709,0
M,43,30000.0,672,20
F,50,15000.0,707,0
M,24,18000.0,664,0
M,46,13000.0,700,0
M,29,25000.0,665,11
F,28,30000.0,674,0
M,36,22000.0,688,2
M,29,22000.0,690,0
M,28,31000.0,733,0
M,21,23000.0,677,0
M,30,20000.0,660,3
M,44,30000.0,681,2
M,55,30000.0,688,0
M,43,16000.0,688,0
M,32,45000.0,672,0
M,21,35000.0,675,0
M,31,16000.0,677,0
M,34,18000.0,677,11
M,24,40000.0,676,0
M,27,22000.0,677,0
M,42,40000.0,725,0
M,26,25000.0,680,0
M,55,28000.0,703,0
M,26,34000.0,706,0
F,35,33000.0,693,2
M,50,79000.0,708,0
M,59,35000.0,646,3
M,28,15000.0,674,0
M,29,10500.0,710,3
M,23,15000.0,656,0
M,24,37000.0,690,0
M,50,40000.0,682,0
M,23,25000.0,665,4
M,36,32000.0,681,0
M,47,75000.0,701,0
M,33,30000.0,678,0
M,32,20000.0,723,0
M,38,50000.0,727,0
M,40,35000.0,671,10
M,55,20000.0,690,0
F,24,16000.0,706,0
M,35,24000.0,671,12
F,38,28000.0,692,0
F,29,18000.0,661,0
M,25,25000.0,681,0
F,38,20000.0,676,0
M,25,30000.0,619,1
M,28,18000.0,680,5
M,28,28700.0,688,9
F,44,35000.0,670,6
M,23,30000.0,666,1
M,27,15000.0,678,0
M,33,15000.0,661,2
M,24,35000.0,672,0
F,29,35000.0,676,0
M,53,18000.0,692,0
M,51,50000.0,666,0
M,29,23000.0,711,0
M,24,12000.0,675,0
M,22,25000.0,655,2
M,23,8500.0,670,0
M,30,35000.0,675,0
M,24,27000.0,669,0
M,37,18000.0,687,0
M,31,19000.0,689,0
M,55,28000.0,633,0
M,29,19500.0,627,4
M,32,22000.0,670,4
F,59,17000.0,689,0
M,46,20000.0,725,26
M,37,20000.0,689,0
M,33,22000.0,710,0
F,48,55000.0,677,1
M,35,50000.0,706,0
M,51,18000.0,675,0
M,25,25000.0,671,0
M,32,16000.0,695,0
M,37,30000.0,696,0
M,34,53000.0,679,0
M,30,45000.0,642,0
M,41,12000.0,665,9
M,26,15000.0,638,9
M,27,14000.0,671,0
M,23,18000.0,628,0
M,28,18000.0,681,0
M,27,20500.0,664,0
M,28,30000.0,673,5
F,41,30000.0,694,0
M,29,18000.0,664,2
M,53,15000.0,663,0
M,41,37500.0,699,0
F,42,30000.0,692,4
M,39,50000.0,714,0
M,36,17000.0,706,0
M,40,35000.0,653,6
M,39,23000.0,671,2
M,53,20000.0,689,0
M,52,25000.0,733,0
M,52,62000.0,724,27
F,58,35000.0,673,0
M,37,25000.0,697,0
M,28,30000.0,681,1
M,24,20000.0,650,0
M,32,35000.0,702,12
M,36,11000.0,688,0
M,23,20000.0,677,0
M,26,10000.0,686,0
M,28,60000.0,718,0
M,31,27300.0,698,0
M,39,21000.0,667,0
M,29,28450.0,673,13
M,40,16000.0,720,0
M,37,50000.0,662,0
F,36,13000.0,646,3
M,26,20000.0,675,0
M,43,22000.0,719,0
M,49,23000.0,651,0
M,29,25000.0,674,10
M,59,100000.0,701,0
M,57,32000.0,694,0
M,41,30000.0,663,0
M,22,30000.0,670,0
M,37,23000.0,674,0
M,34,12500.0,669,1
M,22,25000.0,692,0
M,32,35000.0,677,0
M,32,25000.0,680,17
M,32,13000.0,684,0
M,35,48000.0,722,0
F,43,25000.0,682,0
M,33,25000.0,664,0
M,26,15000.0,691,3
M,27,22000.0,668,8
M,29,16000.0,709,2
M,24,18000.0,667,31
M,36,35000.0,690,0
M,25,30000.0,684,1
M,24,15000.0,671,2
M,28,15000.0,667,1
M,33,25000.0,718,2
M,46,45000.0,673,0
M,40,15000.0,700,0
M,21,33000.0,646,0
M,34,10000.0,652,11
M,36,25000.0,703,0
M,27,30000.0,670,6
M,36,40000.0,701,0
M,26,18000.0,665,1
M,46,60000.0,706,2
M,37,150000.0,672,13
M,41,20000.0,709,0
M,25,3800.0,685,0
M,31,16500.0,651,1
M,23,19500.0,678,0
M,23,16000.0,671,1
M,38,60000.0,694,0
M,43,20000.0,677,0
M,22,25000.0,664,0
M,41,20000.0,739,0
M,43,58600.0,692,8
F,39,39000.0,676,0
F,29,15000.0,684,0
M,51,23291.0,701,0
M,22,17000.0,688,0
M,30,20000.0,680,0
M,26,25000.0,663,0
M,32,15000.0,674,2
M,49,18000.0,671,1
F,33,13000.0,676,0
F,25,12000.0,693,0
M,29,15000.0,640,1
M,29,14000.0,677,1
M,27,14807.0,661,6
M,31,60000.0,680,0
F,36,17500.0,642,0
M,22,15000.0,650,3
M,34,20000.0,670,0
M,41,60000.0,685,0
M,23,32000.0,690,0
M,43,20000.0,691,0
M,34,18000.0,688,2
M,41,30000.0,701,4
M,34,20000.0,673,0
M,48,37424.0,694,0
M,33,18000.0,677,0
M,25,24000.0,657,0
M,25,28000.0,672,0
M,35,17000.0,667,0
M,26,15000.0,681,0
M,25,17000.0,659,0
M,39,15000.0,687,0
F,37,60000.0,690,0
M,29,20800.0,665,0
M,29,20000.0,670,0
M,24,18000.0,677,0
M,41,35000.0,693,1
M,22,30000.0,681,0
F,37,11000.0,683,0
M,28,25000.0,640,0
M,41,23000.0,692,0
F,29,7500.0,689,0
M,22,20000.0,665,0
M,32,25000.0,667,0
M,45,17500.0,666,0
M,47,26800.0,700,0
M,28,19000.0,633,0
M,41,30000.0,689,0
M,46,18000.0,686,0
M,46,13000.0,694,0
M,26,15000.0,677,0
M,34,18000.0,692,0
F,41,10000.0,684,0
M,33,15000.0,675,0
M,30,50000.0,681,6
M,26,34000.0,677,0
F,30,19000.0,667,0
M,23,28000.0,686,0
M,33,22000.0,636,0
M,40,35000.0,667,1
M,23,20000.0,661,0
M,41,17000.0,692,0
M,27,25000.0,673,0
M,39,50000.0,678,4
M,28,18000.0,646,0
F,42,22000.0,677,0
M,27,24500.0,657,2
M,30,18000.0,676,1
M,23,12000.0,636,1
M,41,25000.0,697,21
M,27,15000.0,657,0
M,44,20000.0,650,0
M,36,12000.0,669,0
F,31,8500.0,687,0
M,21,18000.0,675,0
F,51,47000.0,712,0
M,35,35000.0,665,9
M,47,3000.0,708,0
F,40,36000.0,718,0
M,30,18000.0,692,0
M,22,11000.0,679,0
M,52,58000.0,703,0
M,39,40000.0,723,0
M,28,25000.0,672,3
M,38,19000.0,667,0
M,27,50000.0,697,0
M,24,400000.0,672,0
M,39,18000.0,685,4
M,38,35000.0,677,0
M,25,18000.0,670,0
M,30,18000.0,652,4
M,28,50000.0,688,0
M,29,25000.0,683,5
M,38,60000.0,709,0
M,22,16000.0,674,0
M,24,12000.0,674,0
M,33,70000.0,686,0
M,32,19000.0,678,0
M,34,40000.0,696,5
M,37,20000.0,700,1
M,28,14000.0,691,0
M,24,20000.0,685,0
M,22,54000.0,673,1
M,25,20000.0,684,0
M,26,45000.0,683,0
M,23,22000.0,682,0
M,21,18000.0,678,0
M,40,18000.0,709,0
M,26,18000.0,671,0
M,22,9000.0,654,0
F,40,15000.0,704,0
M,24,19000.0,686,0
M,31,40000.0,686,1
M,33,23000.0,683,3
M,22,26700.0,677,0
F,35,20000.0,680,0
F,26,17000.0,690,0
M,33,25000.0,709,0
M,49,20000.0,715,25
M,24,25000.0,642,0
M,53,42000.0,713,0
M,24,7500.0,692,0
M,24,25000.0,681,0
M,23,30000.0,669,1
M,27,35000.0,673,0
M,36,65000.0,705,0
M,24,36000.0,701,0
F,35,11000.0,694,0
M,22,25000.0,682,0
M,43,52000.0,667,0
M,47,25000.0,700,0
M,48,35000.0,672,4
M,43,22000.0,683,0
M,30,23500.0,681,0
F,48,15000.0,671,0
M,37,30000.0,679,2
M,40,45000.0,659,0
M,36,15000.0,682,11
M,26,26000.0,680,0
M,30,15500.0,671,0
M,23,16800.0,662,0
M,25,25000.0,674,0
M,29,21000.0,686,6
M,43,35000.0,696,0
M,53,50000.0,665,0
M,51,32000.0,696,1
M,26,40000.0,680,0
M,29,15000.0,694,0
M,37,39000.0,642,0
M,37,25000.0,691,8
M,24,33000.0,669,0
M,26,15000.0,679,0
M,47,14700.0,719,4
M,34,12000.0,677,0
F,37,25000.0,655,0
M,25,35000.0,686,0
F,56,15000.0,666,0
M,27,15000.0,677,0
M,21,52000.0,687,0
M,24,16200.0,668,0
M,48,30000.0,704,0
M,23,26000.0,670,0
M,26,20000.0,667,0
F,33,16000.0,695,0
M,44,25000.0,684,2
M,31,10000.0,695,0
M,28,43500.0,690,0
M,29,23800.0,671,2
M,52,60000.0,733,0
M,28,40000.0,692,0
M,34,30000.0,696,0
M,39,22000.0,669,6
F,51,7500.0,676,1
M,35,30000.0,664,10
M,32,5000.0,672,10
M,25,16000.0,678,0
M,59,25000.0,743,0
M,23,21000.0,691,0
M,32,20000.0,704,0
M,28,15000.0,693,8
M,31,48000.0,683,0
F,22,40000.0,666,1
F,29,35000.0,651,0
M,29,65000.0,674,0
F,37,15000.0,652,1
M,25,26500.0,663,3
M,35,50000.0,672,3
M,47,15500.0,674,0
M,36,20000.0,694,0
M,40,33000.0,666,1
M,36,20000.0,676,0
M,32,20000.0,680,0
F,36,35000.0,694,0
M,39,30000.0,661,3
M,41,23500.0,701,0
M,39,15000.0,667,3
M,36,34000.0,661,7
M,28,22500.0,711,0
M,23,20000.0,677,0
F,37,50000.0,665,0
M,22,85000.0,651,1
M,34,54000.0,682,0
F,35,15000.0,684,0
M,24,15000.0,668,0
M,44,15000.0,681,0
M,40,30000.0,687,0
M,35,22000.0,701,0
M,33,15000.0,682,3
M,47,19999.0,689,0
M,25,20000.0,697,8
M,32,15400.0,686,0
M,31,15000.0,633,0
M,28,16000.0,678,2
M,44,18800.0,680,0
M,29,48000.0,667,0
F,31,17500.0,681,0
M,40,15000.0,679,1
M,38,21000.0,689,3
M,30,20000.0,700,0
M,22,18000.0,674,1
M,32,45000.0,696,0
M,45,49000.0,690,0
M,26,25000.0,683,0
M,23,30000.0,685,0
F,33,22000.0,651,0
F,34,20000.0,655,0
F,45,30100.0,690,0
M,29,50000.0,657,3
M,37,9500.0,683,0
M,53,26000.0,685,18
M,25,12450.0,654,5
M,41,40000.0,667,2
M,26,38000.0,661,0
M,22,35000.0,678,0
M,25,100000.0,691,0
M,29,15000.0,684,0
M,37,17500.0,658,2
M,45,16000.0,683,9
F,39,35000.0,676,0
M,33,50000.0,668,6
M,25,16800.0,708,0
M,52,30000.0,730,0
M,37,15000.0,715,22
M,40,29000.0,655,1
F,21,14400.0,685,0
M,41,15000.0,690,0
M,28,8000.0,683,0
M,28,17000.0,660,1
M,37,30000.0,742,0
F,46,11000.0,673,0
M,41,30000.0,687,0
M,35,15000.0,694,0
M,45,15000.0,686,2
M,40,50000.0,743,3
M,25,25000.0,671,0
M,31,20000.0,678,0
M,33,250000.0,693,0
M,28,16000.0,668,0
M,34,23000.0,700,0
M,31,28000.0,669,0
M,38,70000.0,657,1
F,33,20000.0,668,3
M,33,28000.0,682,0
M,36,22000.0,691,0
M,34,22500.0,658,0
M,27,15000.0,674,0
M,34,30000.0,689,0
M,22,19000.0,680,0
M,34,18500.0,653,1
M,27,28000.0,665,0
M,30,19800.0,675,2
M,30,24500.0,690,0
M,44,32000.0,679,0
M,44,35000.0,724,0
M,42,28500.0,695,0
M,27,18000.0,686,0
M,29,12000.0,697,10
M,51,20000.0,668,2
M,23,21000.0,687,0
M,27,18000.0,694,0
M,37,52000.0,668,8
M,27,8000.0,662,1
M,27,30000.0,661,0
M,44,20000.0,719,0
M,24,25000.0,683,0
M,24,27000.0,695,0
F,23,35000.0,680,0
M,26,21500.0,667,0
M,40,25000.0,683,9
M,23,55000.0,691,0
M,29,28000.0,685,4
M,28,16850.0,693,2
M,43,44000.0,673,0
M,24,90000.0,653,7
M,40,10000.0,674,0
M,37,17500.0,699,0
M,38,20000.0,695,27
M,24,21000.0,680,0
M,27,15000.0,638,2
M,40,40000.0,682,0
M,30,18000.0,657,0
M,35,15000.0,681,0
F,21,12000.0,669,1
M,38,12000.0,646,3
M,21,32000.0,692,0
F,30,40000.0,699,0
M,34,30000.0,685,1
M,23,30000.0,662,0
M,25,35000.0,684,10
M,29,40000.0,687,26
M,22,84000.0,697,0
M,26,45000.0,678,0
M,22,32500.0,686,0
M,26,15000.0,679,0
M,26,5000.0,687,0
F,41,65000.0,668,1
M,27,14500.0,655,5
M,26,20000.0,664,0
F,31,8633.0,679,1
M,30,25000.0,678,0
M,32,25000.0,688,0
M,28,30000.0,694,2
M,24,23000.0,668,0
M,39,25000.0,700,0
F,23,26000.0,690,9
M,48,30000.0,671,1
F,35,40000.0,686,0
M,33,18000.0,714,0
M,41,70000.0,694,0
M,27,18000.0,670,0
M,42,10000.0,682,0
M,29,20000.0,685,0
M,47,28000.0,680,0
M,25,20000.0,687,0
M,36,32000.0,679,0
M,37,30000.0,666,39
F,24,15000.0,672,4
F,30,25000.0,670,0
M,35,14000.0,695,0
M,42,20000.0,729,0
M,26,15000.0,664,0
M,25,13500.0,669,0
M,30,18000.0,660,6
M,26,28000.0,644,0
M,33,13000.0,661,15
M,37,16000.0,735,0
F,27,25000.0,681,0
M,25,22000.0,679,0
M,25,20000.0,701,0
M,33,35000.0,708,0
M,40,45000.0,648,2
M,23,13500.0,662,0
M,27,30000.0,699,0
M,36,29000.0,670,0
M,26,12000.0,719,0
M,26,16000.0,676,0
M,33,35000.0,664,2
M,38,15000.0,685,0
F,37,12000.0,663,0
M,54,100000.0,711,2
M,40,15000.0,703,1
M,28,28000.0,660,20
F,38,15000.0,684,0
F,33,18000.0,668,1
M,40,27000.0,645,1
M,26,17200.0,658,1
M,23,30000.0,685,3
F,45,20000.0,693,0
M,30,18000.0,665,0
F,54,22200.0,682,1
F,38,10000.0,671,6
M,27,19500.0,664,0
M,24,20000.0,691,0
M,41,50000.0,684,0
M,30,50000.0,654,1
M,31,40000.0,676,0
M,38,30000.0,650,1
M,39,1650.0,671,0
M,31,2000.0,669,0
M,38,32000.0,685,0
F,32,25000.0,688,0
M,28,18000.0,694,2
M,31,15000.0,665,0
M,29,19000.0,659,0
M,39,70000.0,695,5
M,31,18000.0,668,13
M,28,35000.0,671,0
M,26,48000.0,635,10
M,29,25000.0,650,9
M,38,18000.0,682,0
M,44,23000.0,665,0
M,24,35000.0,648,0
F,23,37000.0,682,0
M,48,14000.0,679,0
F,38,15000.0,691,0
M,32,48000.0,690,6
M,33,30000.0,681,9
F,27,15000.0,663,0
M,35,30000.0,652,3
F,37,20000.0,657,1
M,29,24000.0,607,3
M,26,17000.0,687,11
M,33,35000.0,664,7
M,39,20000.0,658,0
M,58,28000.0,681,0
M,28,35000.0,670,4
M,25,29000.0,670,0
M,47,20000.0,707,0
M,25,15000.0,646,17
M,27,80000.0,662,2
M,25,20000.0,662,0
F,32,18000.0,672,0
F,33,15000.0,700,0
M,30,20000.0,702,0
M,49,35000.0,683,0
F,43,32000.0,678,10
M,26,15000.0,687,4
M,29,16000.0,714,0
M,32,24000.0,693,0
M,24,30000.0,699,0
M,28,23000.0,706,0
M,39,55000.0,677,0
M,28,98000.0,682,3
M,44,25000.0,700,13
M,32,24336.0,671,0
M,24,19000.0,673,0
M,40,24250.0,693,0
F,32,14500.0,675,0
M,36,20000.0,698,0
M,36,18000.0,697,0
M,37,42500.0,680,0
M,57,60000.0,729,2
M,25,25000.0,666,0
M,30,50000.0,674,0
M,34,30000.0,671,1
M,53,28500.0,686,0
M,35,45000.0,687,0
M,61,34000.0,680,6
M,37,20000.0,666,2
M,21,13500.0,653,3
M,23,23500.0,665,0
M,30,25000.0,680,2
M,28,27000.0,675,6
M,47,32000.0,716,0
M,21,14000.0,671,0
M,21,42000.0,688,1
M,34,15000.0,653,1
F,23,19000.0,566,0
M,25,12000.0,651,0
M,21,20000.0,685,0
M,25,15000.0,697,0
M,32,20000.0,671,0
M,27,19000.0,677,1
M,26,20000.0,674,2
M,31,38000.0,635,1
M,53,33452.0,641,1
M,56,22000.0,689,0
F,38,54000.0,718,0
F,38,15000.0,672,1
F,43,20000.0,675,0
M,27,35000.0,622,0
M,50,18000.0,689,0
M,33,15000.0,683,0
M,58,35000.0,680,0
M,40,25000.0,679,8
M,57,30000.0,710,0
M,51,25000.0,693,0
M,37,19100.0,704,0
F,38,48000.0,666,0
M,29,40000.0,679,3
F,42,31500.0,684,19
M,24,24000.0,688,0
M,23,25000.0,663,0
M,25,18500.0,657,0
M,32,15000.0,668,2
M,30,36000.0,674,12
M,59,30000.0,704,0
M,23,50000.0,648,0
M,23,30000.0,667,0
M,22,30000.0,651,0
M,33,23000.0,690,0
M,26,25000.0,659,1
M,24,42000.0,659,15
M,32,10000.0,695,2
M,33,30000.0,687,0
M,26,13000.0,678,1
M,39,25000.0,682,0
M,35,20000.0,688,12
M,26,25000.0,691,0
M,42,14000.0,670,1
F,29,24000.0,629,2
M,39,35000.0,694,2
M,25,30000.0,665,8
M,21,19000.0,654,0
M,52,18000.0,700,0
F,36,18000.0,706,0
M,29,29000.0,691,6
M,34,22500.0,679,0
M,37,18000.0,742,3
M,31,62000.0,657,0
F,59,14500.0,694,0
M,34,22500.0,691,0
M,27,40000.0,679,0
M,28,23000.0,675,0
M,61,19000.0,747,0
M,47,32500.0,677,16
M,34,17500.0,679,10
M,29,16000.0,696,0
M,34,35000.0,595,0
F,59,30000.0,675,1
M,22,13500.0,683,0
M,47,30000.0,655,3
M,34,40000.0,686,0
M,27,20000.0,676,0
M,22,40000.0,690,0
M,35,18000.0,692,0
M,35,40000.0,705,2
M,47,28900.0,718,0
F,30,20000.0,668,20
F,22,35000.0,680,0
M,30,25000.0,647,1
M,31,45000.0,677,0
M,30,19000.0,683,0
M,43,18000.0,720,0
M,24,13500.0,669,1
M,24,23000.0,650,0
M,33,10000.0,661,3
M,32,40000.0,731,0
M,30,19500.0,705,0
M,23,23000.0,597,0
M,47,40000.0,661,0
M,42,24000.0,679,0
M,24,20000.0,699,0
M,42,36500.0,643,2
M,37,37000.0,671,0
M,38,14000.0,685,0
M,28,35000.0,672,0
M,30,25000.0,641,1
M,37,25000.0,690,0
M,45,13000.0,651,0
M,22,74000.0,665,1
M,54,22000.0,719,0
M,29,16000.0,664,0
M,28,10000.0,661,2
M,50,20000.0,654,1
M,44,44000.0,716,9
M,21,13000.0,691,0
M,43,25000.0,659,0
M,37,14500.0,675,3
F,37,12500.0,690,0
M,29,12000.0,669,6
M,38,40000.0,677,9
M,27,33000.0,658,0
M,34,45000.0,708,0
M,40,20000.0,677,1
M,25,9000.0,675,0
M,22,20000.0,653,1
M,23,22000.0,677,0
F,28,13500.0,683,0
M,34,30000.0,668,0
M,26,16000.0,677,0
M,25,20000.0,674,0
M,37,35000.0,661,3
M,44,34000.0,703,12
M,31,32000.0,659,2
M,24,18000.0,678,0
M,37,60000.0,686,0
M,54,30000.0,663,1
M,35,42600.0,658,3
M,29,20000.0,670,0
M,48,12000.0,712,0
M,27,24000.0,674,0
M,27,13500.0,689,0
M,28,32000.0,659,6
M,34,25000.0,672,0
M,28,40000.0,695,0
M,25,55000.0,660,0
M,24,25300.0,694,0
M,25,20000.0,669,1
M,26,20000.0,684,0
M,36,30000.0,674,14
M,44,30000.0,718,3
F,44,25000.0,691,0
M,23,30000.0,646,0
M,45,22500.0,693,0
M,27,23000.0,690,0
M,53,36013.0,680,0
M,46,25000.0,658,0
M,28,14000.0,657,7
M,22,12500.0,672,0
F,47,25500.0,683,0
M,33,26000.0,674,0
M,24,30000.0,673,3
M,32,48000.0,685,0
M,38,15000.0,696,1
M,34,22000.0,680,0
M,43,35000.0,682,0
M,32,45000.0,673,0
M,29,15000.0,671,2
F,23,15000.0,682,0
M,26,36000.0,660,0
M,25,15000.0,682,0
M,34,24500.0,666,1
M,48,90000.0,705,0
M,31,29000.0,725,0
M,27,100000.0,695,17
M,29,40000.0,694,0
M,29,6570.0,683,18
M,35,20000.0,711,4
M,27,18000.0,668,3
M,41,32900.0,679,0
M,29,22800.0,677,0
F,45,20000.0,719,0
M,26,13500.0,675,11
M,38,29500.0,670,2
M,24,11000.0,676,0
F,38,20000.0,666,0
M,28,12000.0,668,2
M,32,24500.0,691,0
M,47,35000.0,676,0
M,34,33500.0,668,0
M,33,29000.0,655,0
M,38,25000.0,671,6
M,35,35000.0,680,0
F,34,15000.0,677,0
F,34,30000.0,725,1
M,50,50000.0,691,0
M,25,26000.0,677,1
M,36,15000.0,686,0
M,22,12000.0,678,0
F,31,28000.0,670,0
F,25,25000.0,664,0
F,50,5000.0,676,8
M,50,43000.0,700,1
F,25,16000.0,676,0
M,35,25000.0,665,2
M,34,30000.0,692,0
F,44,13000.0,675,1
M,34,55000.0,642,1
M,43,25000.0,676,0
M,34,70000.0,668,0
F,36,13500.0,660,0
M,25,20000.0,681,0
F,48,15000.0,691,14
M,48,57000.0,701,8
M,30,25000.0,660,0
M,22,18000.0,678,1
M,32,30000.0,717,0
M,28,23000.0,696,0
F,38,23000.0,665,0
M,26,36000.0,671,0
M,25,25000.0,694,0
M,35,38000.0,681,1
M,25,30000.0,647,1
M,25,20000.0,691,0
M,33,20000.0,676,0
F,32,25000.0,671,8
M,22,45000.0,672,1
M,44,25000.0,686,0
F,26,28000.0,644,0
F,38,25000.0,647,1
M,33,30000.0,657,1
M,33,25000.0,699,0
M,36,20000.0,735,0
M,32,18000.0,671,0
M,41,28000.0,677,0
M,42,29000.0,682,0
M,60,20000.0,678,0
M,36,18000.0,708,2
M,32,35000.0,682,0
M,32,15000.0,694,5
M,39,35000.0,673,3
M,48,22000.0,693,11
M,56,27000.0,694,0
M,32,50000.0,677,0
M,48,18500.0,672,0
M,29,20000.0,674,0
M,23,12000.0,680,0
M,30,35000.0,683,0
M,26,12000.0,697,0
M,26,34000.0,674,0
M,50,19000.0,691,0
M,37,38000.0,695,7
M,39,20000.0,687,0
F,45,16000.0,704,15
M,44,25000.0,692,0
M,34,16670.0,670,0
M,57,24000.0,690,0
F,31,12000.0,679,0
M,21,15000.0,654,2
M,23,28000.0,687,0
M,27,18495.0,673,0
M,22,15000.0,669,0
M,42,45000.0,694,1
M,28,20000.0,676,6
M,58,30000.0,686,19
M,26,27400.0,673,2
M,43,40000.0,702,3
F,29,45000.0,687,0
M,42,25000.0,708,0
M,23,25000.0,685,0
M,21,15000.0,652,1
M,24,20000.0,672,0
M,33,28000.0,669,4
M,38,20000.0,680,2
M,33,28500.0,652,6
M,28,13500.0,679,1
F,32,13000.0,680,0
M,57,35000.0,728,3
M,35,28000.0,679,0
M,26,30000.0,688,0
M,27,15000.0,673,0
M,24,32500.0,642,1
M,27,34000.0,651,0
F,22,22000.0,675,0
M,23,12000.0,660,0
M,41,42000.0,666,0
M,40,30000.0,662,3
M,40,20000.0,646,1
M,25,23000.0,610,0
M,26,50000.0,636,0
M,31,24000.0,659,1
M,31,18000.0,716,0
M,29,23500.0,663,16
M,26,9500.0,672,0
M,29,18000.0,636,4
F,53,12000.0,688,0
M,29,12000.0,705,0
M,32,30000.0,673,5
M,34,35000.0,691,0
M,27,23500.0,707,0
M,28,18000.0,684,0
M,37,25000.0,677,0
M,37,18500.0,672,0
M,49,28000.0,664,10
M,39,32000.0,698,0
M,37,28000.0,653,9
M,36,25000.0,682,1
M,28,22000.0,664,3
M,56,70000.0,717,7
M,52,89500.0,690,0
M,21,22000.0,683,0
M,30,15000.0,700,2
M,28,19000.0,655,0
M,28,20500.0,647,4
M,23,9.0,668,1
M,25,35000.0,637,3
M,33,14000.0,685,0
M,28,27000.0,712,0
M,31,14000.0,663,0
M,28,23000.0,672,0
M,38,18000.0,679,3
M,28,20000.0,672,0
M,43,20000.0,680,0
F,42,15000.0,689,0
M,30,20000.0,679,0
M,23,35000.0,594,1
M,28,15000.0,674,0
F,30,42200.0,701,0
M,36,20000.0,689,0
M,34,25000.0,717,30
M,24,15500.0,664,0
M,33,35000.0,667,0
M,31,10000.0,688,0
M,43,10000.0,724,0
M,25,23000.0,668,0
M,34,28000.0,723,4
F,40,55000.0,683,0
M,62,42000.0,716,0
M,49,19500.0,690,0
M,51,30000.0,687,0
F,48,22000.0,681,4
F,45,30000.0,664,0
M,21,13000.0,695,0
M,28,16000.0,664,1
M,42,20000.0,685,0
M,44,12000.0,710,0
F,35,13000.0,669,0
M,35,25000.0,687,0
M,24,16000.0,694,0
M,21,18000.0,671,0
M,39,22000.0,681,0
M,27,38000.0,686,0
M,29,20000.0,681,0
M,27,33000.0,658,1
F,34,22000.0,687,0
M,31,28500.0,657,0
M,29,23800.0,689,2
M,32,23000.0,701,7
M,39,30000.0,701,0
M,37,20000.0,678,0
M,24,24990.0,674,1
M,33,22000.0,631,1
M,34,25000.0,687,0
M,24,50000.0,669,0
M,46,16000.0,669,4
M,28,30000.0,698,0
M,31,35000.0,681,0
M,34,50000.0,679,0
M,25,20000.0,672,0
M,40,25000.0,686,1
M,33,19500.0,674,0
M,42,18200.0,679,2
M,44,25000.0,712,5
F,37,15000.0,698,0
M,28,60000.0,685,0
M,28,22000.0,696,0
M,22,13000.0,685,0
M,25,30000.0,658,3
M,46,55000.0,652,0
M,22,25000.0,663,0
M,39,25000.0,671,0
M,28,26000.0,691,0
M,29,20000.0,683,0
M,51,25000.0,712,0
M,27,20000.0,650,0
M,36,25000.0,664,8
M,27,15000.0,678,0
M,29,15000.0,693,0
M,38,30000.0,704,0
F,27,13000.0,675,7
M,33,15000.0,686,11
M,28,22700.0,676,0
M,45,19000.0,714,4
M,30,45000.0,682,0
M,44,52000.0,666,12
M,27,11000.0,641,0
M,30,40000.0,656,8
M,35,20000.0,676,0
M,55,40000.0,693,0
M,35,30000.0,684,0
F,32,69000.0,689,0
M,21,50000.0,696,0
M,32,19580.0,691,0
F,32,13500.0,690,2
F,26,24000.0,683,0
M,47,25000.0,689,0
M,23,18000.0,662,0
M,42,30000.0,730,1
M,32,24600.0,714,0
M,33,27000.0,683,0
M,28,14000.0,705,0
M,30,28000.0,680,0
M,30,20000.0,678,1
M,37,25000.0,706,0
M,32,30000.0,673,0
M,28,23500.0,664,0
M,31,23999.0,657,1
M,21,25000.0,641,0
M,32,23000.0,679,2
M,33,25000.0,671,0
M,21,28000.0,671,0
M,40,23000.0,644,0
M,32,20000.0,684,0
M,25,20000.0,611,2
M,43,45000.0,716,2
M,24,45000.0,683,0
M,36,33000.0,686,1
F,35,20000.0,677,0
M,36,45000.0,656,0
M,29,30000.0,656,14
M,28,20000.0,678,0
M,33,50000.0,708,0
F,28,35000.0,686,1
M,29,35000.0,703,0
M,35,30000.0,670,0
F,38,20000.0,684,0
M,29,11000.0,680,3
M,25,20000.0,662,0
M,29,15000.0,672,0
M,21,40000.0,686,0
M,36,24000.0,693,0
M,24,20000.0,688,1
M,28,75000.0,683,0
F,32,50000.0,663,1
M,37,15000.0,694,0
M,40,20000.0,689,0
M,21,18500.0,683,0
M,37,27000.0,706,0
F,27,45000.0,653,0
M,44,18000.0,683,0
M,37,30000.0,642,0
M,27,15000.0,663,7
M,41,30000.0,662,0
M,28,18000.0,691,0
M,36,23000.0,666,0
M,29,16600.0,665,0
M,27,9000.0,682,0
M,22,9500.0,682,0
M,34,43000.0,676,8
M,24,23000.0,673,4
M,50,20000.0,706,0
M,47,28000.0,672,42
M,27,18000.0,691,0
M,38,30000.0,675,0
M,27,20000.0,702,0
M,32,29000.0,672,0
M,39,64000.0,675,0
M,30,35000.0,682,3
M,25,19500.0,669,0
F,49,13400.0,704,0
M,24,22000.0,681,0
M,49,18000.0,701,0
F,58,18500.0,689,0
M,25,20500.0,679,0
M,23,19000.0,656,0
F,47,18000.0,639,1
M,28,30000.0,623,13
M,25,35000.0,676,0
F,29,27000.0,707,0
M,44,35000.0,682,4
M,33,12000.0,675,0
M,23,15000.0,646,2
F,26,36000.0,660,4
M,32,14000.0,691,0
M,26,21000.0,675,0
M,31,25000.0,701,0
M,48,18000.0,695,0
M,24,29000.0,677,0
M,23,20000.0,693,0
M,35,35000.0,679,0
M,25,35000.0,694,0
M,25,70000.0,688,0
M,46,35000.0,733,0
M,22,7500.0,679,0
M,33,28000.0,685,7
M,30,25000.0,629,34
M,29,15000.0,677,0
M,34,23000.0,685,0
M,34,40000.0,692,2
M,22,30000.0,656,2
M,32,25000.0,685,0
M,41,28500.0,767,11
M,31,21000.0,700,0
M,44,40000.0,671,0
M,29,14000.0,696,0
F,44,48000.0,660,0
M,29,78000.0,671,0
M,23,20000.0,663,4
M,31,27500.0,692,0
M,28,23000.0,675,0
F,37,25000.0,674,0
M,27,25000.0,683,0
M,56,30000.0,659,1
M,40,20000.0,681,6
M,36,21500.0,668,0
M,47,25000.0,736,0
M,32,24500.0,669,2
M,26,32000.0,699,0
M,22,15000.0,682,0
M,47,17000.0,702,3
M,60,70000.0,761,0
M,30,30000.0,680,0
M,38,30000.0,686,0
M,52,35000.0,676,3
M,35,25000.0,667,0
M,25,49000.0,662,2
M,30,35000.0,656,0
F,43,35000.0,687,0
M,31,25000.0,671,0
M,27,24508.0,717,0
M,27,21000.0,665,0
M,44,25000.0,650,5
M,24,25000.0,683,0
M,26,35000.0,650,5
M,23,15000.0,687,0
F,34,10000.0,711,0
M,31,20000.0,687,0
M,24,18500.0,684,0
M,39,30000.0,665,16
M,30,35000.0,678,1
M,26,30000.0,662,2
M,38,16000.0,690,0
M,46,65000.0,649,0
M,21,34000.0,650,2
M,34,35000.0,686,0
M,33,20000.0,650,1
M,25,37000.0,674,0
M,38,60000.0,652,0
M,35,15000.0,678,0
M,27,10500.0,689,10
M,28,62000.0,658,0
M,56,20000.0,675,0
M,45,18000.0,665,7
M,31,20000.0,669,4
M,33,40000.0,687,0
M,28,21000.0,648,5
M,28,24000.0,692,0
M,33,25000.0,677,0
M,28,24180.0,681,0
M,41,18000.0,678,0
M,23,17542.0,686,0
M,26,18000.0,689,0
M,35,48000.0,688,0
M,47,36000.0,703,0
M,54,22000.0,704,0
M,24,45000.0,657,0
M,29,39000.0,677,0
M,29,18000.0,644,1
M,53,26000.0,672,0
M,39,25000.0,682,14
M,25,35000.0,637,0
F,27,15800.0,675,0
M,28,29000.0,678,1
F,34,60000.0,672,0
M,26,25000.0,674,0
M,37,38000.0,663,1
M,34,20000.0,637,5
M,36,20000.0,702,0
M,26,19000.0,670,0
M,44,30000.0,695,0
M,38,29000.0,684,0
M,25,14000.0,668,0
M,24,19000.0,683,0
M,50,45000.0,661,0
M,41,15000.0,663,0
M,32,15000.0,679,0
M,35,20000.0,636,0
M,29,14000.0,688,0
M,45,40000.0,685,6
F,58,20000.0,629,34
M,36,80000.0,666,8
M,35,23000.0,657,3
M,26,16000.0,674,0
M,36,45000.0,678,2
M,23,15000.0,675,0
M,37,22000.0,649,0
M,36,50000.0,707,0
M,41,40000.0,694,0
M,30,26000.0,679,0
F,36,20000.0,673,1
M,39,18000.0,654,19
M,27,30000.0,646,1
M,25,12500.0,673,0
M,38,30000.0,694,0
M,51,30000.0,662,4
M,38,29742.0,697,0
F,35,16000.0,652,0
F,50,26000.0,736,0
F,42,25000.0,707,9
M,39,32000.0,676,0
M,23,80000.0,646,0
M,22,20000.0,669,0
M,29,36000.0,693,0
M,28,10000.0,685,0
F,29,35000.0,675,0
M,35,42500.0,706,5
M,29,12000.0,689,0
M,23,30000.0,669,0
M,44,60000.0,703,0
M,39,33000.0,710,17
M,33,32000.0,671,6
M,23,18800.0,669,0
M,29,35000.0,670,0
M,35,30000.0,668,17
M,28,20000.0,693,1
M,41,26000.0,685,0
M,27,18000.0,678,0
M,34,30000.0,737,5
M,24,18000.0,695,0
M,23,22000.0,671,0
M,38,19500.0,678,0
M,43,30000.0,727,0
F,47,40000.0,684,3
M,46,16000.0,658,10
M,45,18000.0,709,0
M,39,25000.0,696,0
M,32,20000.0,670,0
M,49,30500.0,704,0
M,41,20000.0,677,0
F,40,25000.0,662,2
M,21,19000.0,670,0
M,46,50000.0,745,0
M,38,25000.0,682,8
M,33,25000.0,668,0
M,40,25000.0,686,0
F,37,40000.0,640,0
F,40,18500.0,693,0
M,46,40000.0,623,1
M,25,10000.0,662,0
M,35,20000.0,678,0
M,38,24000.0,690,4
M,29,20000.0,674,4
M,43,12000.0,694,0
M,26,20000.0,700,0
M,36,19000.0,605,0
M,34,19000.0,671,0
M,34,20000.0,665,0
M,26,35000.0,670,0
M,24,20000.0,672,3
M,48,14000.0,669,1
M,23,17000.0,673,0
M,38,15000.0,687,0
M,30,32500.0,680,20
M,49,30000.0,707,14
F,40,18000.0,683,0
M,39,35000.0,685,0
M,27,25000.0,694,0
M,26,30000.0,665,0
M,26,20000.0,664,2
M,30,30000.0,687,2
M,29,25000.0,660,1
M,31,15000.0,673,0
M,55,29000.0,686,0
F,25,18500.0,682,0
M,42,24000.0,769,10
M,25,25000.0,666,1
M,36,24000.0,672,9
M,28,19000.0,688,0
M,42,25000.0,665,0
M,30,17000.0,688,0
M,34,30000.0,696,0
M,52,25000.0,704,0
M,52,13000.0,672,13
M,29,26000.0,645,0
F,38,15500.0,685,0
M,27,18000.0,666,0
M,40,20000.0,666,5
M,24,16000.0,663,8
M,35,32000.0,688,5
M,42,22500.0,689,0
M,24,18000.0,636,10
M,24,15000.0,652,1
M,31,35000.0,696,0
M,31,45000.0,664,1
M,31,30000.0,681,3
M,27,18000.0,641,8
M,33,14000.0,685,0
M,35,24000.0,671,3
M,22,18000.0,657,1
M,49,12000.0,681,0
M,26,25000.0,679,0
F,24,40000.0,670,3
F,48,17000.0,674,0
M,33,25000.0,687,0
M,34,16500.0,659,0
M,28,10000.0,685,0
M,22,15000.0,688,0
F,52,40000.0,699,0
F,33,19000.0,711,0
M,55,18000.0,677,0
M,24,17000.0,658,8
F,22,14000.0,675,0
M,25,25000.0,668,0
F,34,10200.0,671,0
M,31,15600.0,663,1
M,26,2200.0,668,1
M,36,13000.0,685,0
M,36,35000.0,689,0
M,25,32500.0,664,0
M,37,39999.0,673,0
M,33,18000.0,659,0
M,21,18000.0,688,0
M,28,25000.0,679,0
M,35,16000.0,680,0
M,29,35000.0,669,0
M,61,32000.0,720,0
M,27,30000.0,688,0
M,29,18000.0,671,0
M,31,20000.0,673,0
M,25,10000.0,681,10
M,43,43500.0,689,0
M,50,22000.0,710,4
M,35,32000.0,665,4
F,35,18000.0,692,0
M,28,15000.0,673,0
M,25,30000.0,644,0
M,36,26000.0,684,2
M,29,20000.0,633,2
M,43,25000.0,672,1
M,39,15000.0,724,0
M,29,15000.0,638,0
M,24,15000.0,662,0
M,22,11500.0,677,2
M,44,30000.0,675,0
M,23,19200.0,639,0
M,28,25000.0,691,0
M,26,22000.0,665,2
M,24,30000.0,688,0
F,33,20000.0,720,1
M,33,35000.0,706,0
M,24,12000.0,695,0
M,26,27000.0,656,0
M,36,48500.0,704,1
M,40,40000.0,615,2
M,22,30000.0,670,0
M,34,20000.0,682,0
M,41,30000.0,712,0
M,37,11000.0,704,0
M,31,23000.0,672,9
M,41,25000.0,693,3
M,30,50000.0,697,1
M,47,50000.0,693,0
F,30,18000.0,676,0
F,51,32000.0,645,19
M,29,45000.0,716,0
M,23,17500.0,643,0
M,30,45000.0,704,0
M,31,25000.0,705,0
F,35,15000.0,685,0
M,25,15000.0,691,0
M,22,19000.0,687,0
M,29,18000.0,683,0
M,22,18000.0,661,0
M,36,45000.0,647,0
M,31,15500.0,680,0
M,34,17500.0,675,3
M,32,25000.0,709,0
M,40,30000.0,660,1
M,26,15000.0,690,0
M,27,15000.0,723,0
M,26,12800.0,693,0
M,35,15000.0,697,4
M,53,45000.0,664,4
M,44,28000.0,704,0
M,25,48000.0,669,0
M,28,27000.0,674,5
M,30,28000.0,676,0
M,57,25000.0,687,7
M,28,30000.0,682,0
M,22,16000.0,662,0
M,26,17000.0,653,0
F,50,35000.0,669,0
M,39,28000.0,667,1
M,28,30000.0,678,0
M,31,20000.0,684,0
M,31,35000.0,658,0
M,34,30000.0,701,0
M,40,45000.0,658,9
M,24,30000.0,638,0
M,25,20000.0,679,0
M,37,18000.0,691,0
M,44,25000.0,660,18
M,37,13000.0,681,0
F,56,30000.0,679,0
M,28,13000.0,669,3
M,22,22000.0,588,0
M,45,15000.0,678,0
F,32,19500.0,665,5
M,36,28000.0,679,0
M,42,20000.0,707,0
M,27,26400.0,702,0
M,28,17000.0,673,0
M,25,24500.0,680,0
M,32,29000.0,668,10
M,39,50000.0,681,32
M,29,25000.0,640,0
M,22,70000.0,679,0
F,42,20000.0,657,2
F,35,19500.0,697,0
M,32,28000.0,682,0
M,36,15000.0,676,0
M,25,28000.0,687,0
M,45,40000.0,661,0
M,30,15800.0,676,0
M,35,35000.0,691,0
M,43,25000.0,698,0
M,30,50000.0,687,0
M,52,19500.0,683,0
M,23,16000.0,678,0
M,26,10000.0,677,0
M,42,27400.0,699,0
F,37,14500.0,664,2
M,24,15000.0,676,0
M,21,18000.0,682,0
M,47,40000.0,688,0
M,33,14000.0,675,0
M,53,15000.0,685,1
M,58,30000.0,675,0
M,39,14000.0,692,0
M,31,28000.0,696,0
F,32,35000.0,676,0
M,34,21000.0,672,1
M,46,20000.0,679,2
M,21,25000.0,691,0
F,25,35000.0,657,0
M,50,30000.0,686,0
M,22,38000.0,651,0
M,29,20000.0,702,0
M,21,15000.0,664,0
M,45,40000.0,670,0
M,28,22000.0,680,0
M,22,12000.0,677,1
M,29,20000.0,672,0
M,22,32000.0,678,4
M,22,16000.0,685,0
M,28,35000.0,718,0
F,23,30000.0,663,2
M,33,67000.0,708,0
M,45,20000.0,740,0
M,36,32000.0,712,0
M,30,27000.0,679,0
M,25,14800.0,681,0
F,28,25000.0,693,0
F,36,12000.0,658,2
M,28,15000.0,678,4
M,27,30000.0,685,5
F,48,25000.0,683,1
M,24,24000.0,644,0
M,28,15000.0,662,0
M,42,12000.0,672,0
M,36,22000.0,679,0
M,27,15000.0,669,1
M,28,24000.0,680,0
M,21,28000.0,668,0
M,29,43000.0,694,1
M,50,15000.0,669,0
M,49,25000.0,715,8
M,40,18000.0,684,0
M,41,145000.0,698,0
M,34,25000.0,670,1
M,34,23000.0,695,11
M,44,40000.0,691,2
M,30,38000.0,698,5
M,32,35000.0,637,2
M,21,20000.0,672,0
M,28,25000.0,673,0
M,56,20000.0,694,5
M,34,22000.0,723,0
M,24,12000.0,664,0
M,25,25000.0,675,0
M,43,20000.0,668,0
M,21,11000.0,656,1
M,27,61000.0,684,0
M,55,85000.0,713,0
M,41,25000.0,656,1
M,29,30000.0,669,0
M,37,23000.0,712,0
M,29,16000.0,677,0
M,33,25000.0,697,0
M,41,30000.0,697,3
M,45,25000.0,743,0
M,46,30000.0,655,1
M,30,65000.0,688,0
M,43,12000.0,713,0
M,29,22000.0,669,0
M,34,40000.0,710,0
M,26,18000.0,703,0
M,38,50000.0,661,0
M,25,23500.0,660,1
M,28,15000.0,678,0
M,30,26000.0,681,0
M,25,13000.0,677,0
M,44,25000.0,678,0
M,29,14000.0,675,0
M,41,60000.0,584,2
M,30,30000.0,687,0
M,45,20000.0,696,0
M,27,65000.0,624,1
M,24,7000.0,706,0
M,32,30000.0,679,0
M,36,15000.0,688,5
F,21,10000.0,689,0
M,37,26000.0,711,0
M,36,25000.0,687,0
M,30,69000.0,713,0
M,25,30000.0,688,0
M,50,18500.0,665,5
M,22,10000.0,672,2
M,32,12000.0,662,1
M,36,15000.0,666,0
M,40,40000.0,683,8
M,39,27000.0,690,2
M,43,60000.0,676,7
M,33,22000.0,674,1
M,39,25000.0,661,0
M,26,12000.0,646,0
M,39,20000.0,678,0
M,44,30000.0,659,5
M,56,45000.0,726,17
F,25,30000.0,684,0
M,31,20000.0,679,0
M,26,23000.0,677,0
M,27,20000.0,649,0
M,34,55000.0,666,3
M,32,22000.0,699,0
M,43,20000.0,684,0
M,25,15000.0,682,0
M,29,25000.0,701,1
M,30,15000.0,671,6
M,40,45000.0,699,0
M,23,20000.0,680,0
M,49,18000.0,672,5
M,24,15000.0,659,0
F,54,30000.0,687,0
M,21,40000.0,674,0
M,57,33000.0,711,0
M,49,35000.0,662,0
M,27,15000.0,685,0
F,38,17000.0,675,0
M,38,15000.0,684,0
M,31,15000.0,664,8
M,32,16000.0,702,0
M,56,60000.0,703,1
M,54,22000.0,671,5
M,32,18000.0,668,0
M,33,43500.0,690,0
M,37,24000.0,704,0
M,24,30000.0,664,1
M,22,18000.0,695,0
M,31,12000.0,670,0
M,23,12000.0,682,4
M,50,30000.0,693,0
M,38,40000.0,660,7
M,25,20000.0,694,0
M,27,20000.0,671,0
M,41,34000.0,672,0
M,24,12000.0,672,0
M,51,35000.0,681,0
M,51,30000.0,719,19
M,22,44000.0,664,1
M,42,57000.0,679,0
M,28,24000.0,673,0
M,27,35000.0,677,0
M,27,13000.0,685,4
M,44,16000.0,658,14
M,37,30000.0,696,5
M,38,40000.0,697,0
M,26,30000.0,650,8
M,33,25000.0,674,0
M,28,14000.0,680,0
M,36,22000.0,669,0
F,56,20000.0,689,0
M,34,55000.0,686,0
F,55,65000.0,734,0
M,22,18000.0,666,0
M,39,15000.0,681,0
M,28,30000.0,664,1
M,55,19500.0,678,15
M,30,35000.0,694,0
M,27,32000.0,671,0
M,58,30000.0,715,4
M,34,15000.0,681,2
M,46,30000.0,734,1
M,54,27000.0,679,1
M,35,27000.0,684,2
M,32,25000.0,691,0
M,24,70000.0,691,0
M,48,27500.0,722,0
M,30,18000.0,738,5
M,28,40000.0,693,0
M,36,25000.0,686,0
M,40,28000.0,646,0
M,30,40000.0,713,0
M,27,18000.0,683,0
M,33,15000.0,667,1
M,33,18000.0,617,0
M,29,25000.0,676,0
M,62,40000.0,685,0
M,37,195000.0,677,7
M,25,40000.0,661,0
M,55,25000.0,666,0
M,27,18000.0,684,0
M,30,35000.0,675,0
M,37,42500.0,706,9
M,43,22900.0,691,0
M,24,18000.0,678,0
M,25,100000.0,689,3
M,56,35000.0,704,0
M,24,14000.0,676,0
M,51,33000.0,682,0
M,28,14700.0,685,0
F,29,22000.0,673,0
M,26,50000.0,648,0
M,31,28000.0,676,8
F,25,10800.0,673,0
M,22,25000.0,665,0
F,36,15000.0,693,0
M,36,22000.0,680,0
M,43,20000.0,690,0
M,32,21000.0,696,0
M,35,22000.0,688,2
M,46,62000.0,669,0
M,26,38000.0,688,0
M,34,20000.0,639,0
F,25,35000.0,682,2
M,23,26000.0,671,0
M,46,17000.0,669,1
M,27,20000.0,673,4
M,40,30000.0,726,0
M,31,25000.0,690,0
M,30,31000.0,673,0
M,30,14000.0,686,0
M,34,20000.0,673,11
M,37,35000.0,714,0
M,23,22000.0,682,1
M,27,22000.0,672,0
M,40,25000.0,639,13
F,32,18000.0,683,0
F,40,18000.0,678,0
M,30,32000.0,699,1
M,36,15000.0,647,3
F,37,18000.0,705,0
F,49,29500.0,673,0
M,42,15500.0,699,2
M,37,20000.0,695,0
M,35,15000.0,676,18
M,34,17000.0,679,1
M,35,21210.0,707,4
F,22,15000.0,686,0
M,26,35000.0,673,0
M,35,23000.0,739,0
M,24,23000.0,659,2
M,54,15000.0,688,0
M,38,25000.0,694,0
M,42,18125.0,689,0
M,23,18000.0,659,0
M,47,21841.0,733,6
M,33,23700.0,666,4
M,42,25000.0,695,0
M,24,31000.0,636,0
F,34,28000.0,670,0
M,26,23000.0,666,2
M,26,35000.0,677,0
M,23,19000.0,652,2
M,21,18000.0,676,3
M,42,33000.0,693,1
F,36,18000.0,681,0
F,30,20000.0,656,4
F,25,16800.0,650,7
F,35,38000.0,654,8
M,22,16000.0,688,0
M,39,25000.0,705,0
M,41,25000.0,684,0
M,46,11000.0,696,6
M,31,11500.0,677,0
M,50,35000.0,713,0
M,27,22000.0,673,0
M,32,20000.0,693,1
M,52,24000.0,685,12
F,31,250000.0,689,0
M,45,23500.0,687,2
M,29,29000.0,679,0
M,30,32000.0,697,0
F,44,20000.0,686,0
M,40,10000.0,689,0
M,26,40000.0,694,0
M,43,25000.0,723,0
M,29,28800.0,695,0
M,44,24000.0,697,0
M,42,40000.0,678,4
M,28,15000.0,689,0
M,38,25000.0,713,0
M,42,30000.0,658,9
M,31,26000.0,676,0
M,22,21000.0,687,0
M,22,14000.0,680,0
M,35,22000.0,682,0
M,39,35000.0,711,0
M,40,40000.0,691,0
M,24,40000.0,678,4
M,50,120000.0,683,2
M,27,22500.0,682,1
M,26,15000.0,652,0
M,37,60000.0,688,0
M,36,20000.0,678,0
M,36,14000.0,672,0
F,27,50000.0,665,0
M,48,35000.0,702,6
M,27,35000.0,642,9
M,21,40000.0,688,0
F,37,30000.0,658,2
M,28,15000.0,697,0
F,50,28500.0,720,1
M,22,23600.0,675,0
M,30,19000.0,695,1
M,25,25000.0,696,0
F,26,15000.0,687,0
M,28,27000.0,664,1
F,40,25000.0,698,2
M,22,25000.0,690,0
M,28,16000.0,709,0
M,23,30000.0,648,3
M,27,25000.0,677,2
M,23,32500.0,655,0
F,26,30000.0,612,5
M,32,55000.0,665,1
M,21,20000.0,671,1
M,26,12452.0,706,0
M,21,14500.0,682,0
M,45,25000.0,675,10
M,30,85000.0,675,0
M,21,25000.0,686,0
M,37,30000.0,691,0
M,49,27000.0,674,0
M,35,26000.0,694,0
M,32,25000.0,679,0
M,24,15000.0,701,0
M,35,23000.0,687,1
M,56,32000.0,745,0
F,33,19000.0,702,0
M,34,13200.0,670,0
M,28,15000.0,688,0
F,30,10000.0,672,0
M,25,26000.0,686,0
F,28,25000.0,680,1
M,24,25000.0,679,0
M,57,26000.0,737,4
M,26,20000.0,649,0
M,32,15200.0,676,0
F,56,13000.0,673,1
M,28,15000.0,673,0
M,32,15000.0,669,12
M,30,17000.0,670,3
M,39,40000.0,664,0
M,29,23000.0,698,0
M,36,35000.0,733,6
M,24,18000.0,667,4
M,36,15000.0,697,0
M,35,19500.0,688,11
M,29,34000.0,672,0
F,38,20000.0,686,16
F,31,21000.0,675,0
M,33,32000.0,682,0
M,36,35000.0,700,0
M,26,20000.0,657,0
F,45,24000.0,688,0
M,28,9000.0,676,0
M,24,30000.0,686,2
M,24,20000.0,669,1
M,46,16000.0,711,19
M,35,17000.0,676,0
M,39,27000.0,716,0
M,22,15490.0,673,0
M,27,48900.0,649,0
M,23,15000.0,666,5
M,27,40000.0,683,0
F,38,12000.0,670,2
M,31,50000.0,677,3
M,25,25000.0,703,0
M,32,25000.0,675,0
M,23,21000.0,656,0
M,40,20000.0,683,0
M,43,35000.0,664,2
M,56,39000.0,678,14
F,45,42000.0,668,1
M,34,25000.0,697,0
M,30,30000.0,659,1
M,54,15000.0,677,1
F,29,40000.0,615,0
M,26,19000.0,675,0
M,41,40000.0,714,0
M,37,20000.0,677,1
M,50,48500.0,688,0
M,39,13500.0,726,0
M,29,28000.0,703,12
M,32,35000.0,686,0
M,38,50000.0,690,0
M,29,24000.0,680,0
M,30,15000.0,680,0
F,23,33000.0,681,0
M,43,18000.0,675,0
M,40,42000.0,685,0
M,22,30000.0,661,0
M,27,28000.0,666,1
M,50,50000.0,661,10
M,39,38000.0,667,0
M,48,45000.0,702,0
M,42,24000.0,696,2
M,35,8000.0,674,0
M,38,16000.0,663,2
M,41,20000.0,701,0
M,44,18000.0,673,11
M,28,30000.0,683,0
M,44,20000.0,684,2
M,27,15000.0,680,0
M,41,40000.0,706,16
M,38,35000.0,677,0
M,36,16000.0,669,5
M,31,36000.0,704,0
M,32,16000.0,679,0
M,52,23000.0,683,0
M,24,18500.0,689,0
M,34,30000.0,663,0
M,25,15000.0,675,1
M,45,40000.0,707,0
M,31,18000.0,660,1
M,44,24000.0,683,0
M,48,26000.0,690,0
M,51,60000.0,710,0
M,29,55000.0,685,7
M,40,30000.0,710,3
M,27,15000.0,659,10
M,23,28000.0,637,1
M,28,15000.0,682,0
M,35,22000.0,676,1
M,26,15000.0,663,2
M,22,17000.0,671,0
M,25,24000.0,686,0
M,43,10000.0,685,0
M,28,28000.0,689,0
M,44,50000.0,671,0
M,31,30000.0,686,0
M,21,33000.0,681,0
M,43,23000.0,653,0
M,29,22000.0,686,0
M,44,30000.0,676,0
M,39,15000.0,697,0
M,22,25000.0,675,2
M,28,22000.0,661,0
M,40,13500.0,682,0
F,36,30000.0,696,0
M,31,38000.0,682,0
M,32,28000.0,696,0
F,33,30000.0,706,0
M,25,14000.0,677,0
M,21,33000.0,632,0
M,42,45000.0,712,0
F,43,9000.0,688,0
M,34,40000.0,662,2
M,28,30000.0,683,0
M,44,52000.0,668,0
M,30,20000.0,685,0
M,23,25000.0,683,0
F,42,15000.0,710,0
M,58,40000.0,677,4
M,25,40000.0,671,0
M,21,30000.0,685,0
M,29,30000.0,634,0
M,41,33000.0,669,0
M,29,15000.0,649,1
M,28,15000.0,671,6
M,29,55000.0,677,0
M,27,35000.0,685,30
M,45,25000.0,689,3
F,29,12000.0,680,0
M,25,48000.0,658,0
M,46,15000.0,661,4
M,36,18000.0,642,19
M,44,12000.0,681,0
M,53,28000.0,675,11
M,22,44000.0,679,0
M,33,40000.0,674,0
M,29,35000.0,651,0
M,36,20000.0,652,0
M,35,30500.0,687,1
M,31,16000.0,668,2
M,62,44500.0,661,2
M,27,10000.0,694,0
M,28,80000.0,653,4
M,28,62000.0,697,0
M,40,60000.0,673,1
M,44,25000.0,685,0
M,27,45000.0,661,0
M,36,45000.0,670,1
M,34,13000.0,689,0
F,46,55000.0,734,0
M,28,20000.0,687,3
M,31,23000.0,675,0
M,47,20000.0,705,0
M,30,25000.0,694,0
M,32,16000.0,681,0
M,27,25000.0,671,11
F,54,10000.0,679,0
M,27,30000.0,694,0
M,26,31000.0,640,6
M,36,15000.0,706,0
M,40,28000.0,689,0
F,44,30000.0,661,0
M,29,60000.0,670,4
F,33,15600.0,664,0
M,28,17500.0,640,1
F,29,13300.0,713,0
F,36,25000.0,624,1
M,31,18000.0,629,0
M,39,12000.0,693,0
F,60,20000.0,693,0
M,30,21000.0,671,1
M,34,25000.0,649,1
M,44,18500.0,689,0
M,26,40000.0,676,0
M,36,50000.0,678,0
M,50,12000.0,708,0
M,30,50000.0,681,0
M,23,12500.0,697,0
M,41,40000.0,690,0
M,22,15000.0,681,0
M,22,26000.0,669,0
M,26,12000.0,686,0
M,24,45000.0,650,4
M,30,30000.0,704,2
M,34,25000.0,645,1
M,29,40000.0,691,27
M,48,23000.0,735,0
M,51,22000.0,702,0
M,33,30000.0,700,0
M,29,18000.0,695,0
M,43,20700.0,681,0
M,22,18000.0,672,0
M,46,54000.0,689,0
M,38,60000.0,718,0
M,25,4500.0,700,0
M,31,15000.0,677,0
M,30,15000.0,682,5
M,39,25000.0,745,8
M,29,33000.0,712,0
M,47,40000.0,727,0
F,50,28500.0,680,0
M,42,35000.0,681,0
M,31,18000.0,675,4
F,26,30000.0,749,0
M,31,17000.0,658,2
M,25,22000.0,668,0
M,22,40000.0,690,0
M,31,30000.0,668,0
M,26,10800.0,672,0
M,48,12000.0,680,0
M,26,28000.0,668,1
M,35,10000.0,680,0
M,38,30000.0,683,0
M,28,9500.0,649,0
M,26,10000.0,658,0
F,26,50000.0,712,0
M,30,20000.0,683,1
M,36,70000.0,659,16
M,27,18000.0,647,0
F,41,20000.0,656,2
M,24,50000.0,670,0
M,32,45000.0,656,0
M,48,20000.0,692,0
M,37,23000.0,689,2
M,31,12000.0,695,0
M,27,30000.0,672,0
M,36,11000.0,745,22
M,31,20000.0,676,0
M,54,20000.0,692,46
F,26,18500.0,688,0
F,34,14000.0,656,1
M,27,25000.0,692,0
M,32,29713.0,689,0
M,23,18000.0,712,0
F,37,30000.0,687,0
M,34,20000.0,705,1
M,38,30000.0,724,4
M,28,29000.0,689,0
M,27,48000.0,700,0
F,27,10000.0,677,0
M,24,28000.0,692,0
M,31,33000.0,697,0
M,40,16500.0,689,0
M,28,15000.0,672,1
M,50,9200.0,665,0
M,30,44000.0,651,1
M,40,20000.0,711,0
M,23,10000.0,666,0
M,25,30000.0,671,5
M,23,17500.0,678,0
M,29,20000.0,677,0
M,35,25000.0,669,0
M,31,18500.0,673,0
F,43,15000.0,702,0
M,49,100000.0,673,0
M,59,18000.0,724,0
M,32,22000.0,673,0
M,28,26000.0,686,1
F,25,17000.0,685,0
M,28,60000.0,664,0
M,28,20000.0,658,9
M,34,13500.0,677,0
F,41,20000.0,703,0
M,30,18000.0,687,0
M,34,28000.0,685,0
M,21,25000.0,664,0
F,24,30000.0,675,0
M,24,23000.0,655,0
F,39,69000.0,704,0
M,52,12000.0,687,1
M,23,29600.0,652,0
M,22,35000.0,681,0
M,22,18000.0,673,0
M,27,14000.0,651,4
M,25,15000.0,672,0
M,22,25000.0,681,0
M,45,20000.0,683,0
M,25,30000.0,672,5
F,39,16000.0,683,0
M,27,23000.0,684,0
M,27,25000.0,686,0
M,31,20000.0,695,0
M,32,35000.0,669,2
M,30,15000.0,646,0
M,32,32000.0,691,17
M,33,8000.0,718,0
M,47,25000.0,698,0
M,21,21500.0,690,0
M,29,25000.0,682,3
F,35,17500.0,697,0
M,21,7492.0,687,0
M,40,29500.0,714,6
M,22,28000.0,679,0
M,24,12000.0,678,0
M,28,25000.0,684,0
M,41,45000.0,682,0
M,30,35000.0,684,0
M,23,50000.0,672,0
M,24,16000.0,675,1
M,21,12.0,678,0
M,38,21000.0,693,0
F,27,25000.0,685,0
M,45,18000.0,668,11
F,45,25000.0,679,0
M,24,22000.0,673,0
F,28,18500.0,686,5
M,30,20000.0,680,0
M,35,45000.0,667,0
M,33,45000.0,683,3
M,50,17990.0,657,5
M,33,20000.0,697,0
M,21,20000.0,692,0
M,33,24000.0,678,0
M,39,40000.0,683,0
M,28,25000.0,651,3
M,55,51000.0,687,0
M,49,40000.0,699,7
M,41,12000.0,675,1
F,40,15000.0,691,1
F,40,10000.0,670,3
M,28,25000.0,648,0
M,38,58000.0,661,15
M,29,25000.0,641,12
M,26,15500.0,665,1
F,53,20000.0,672,0
M,36,28000.0,686,0
M,25,20000.0,695,0
M,25,30000.0,675,0
M,35,30000.0,689,0
M,36,18000.0,700,0
M,32,25000.0,685,0
M,26,15000.0,658,0
M,34,28000.0,680,0
M,25,42000.0,657,0
M,31,28500.0,684,0
M,28,15000.0,668,0
M,34,60000.0,694,5
M,37,16000.0,701,0
M,39,20000.0,676,0
M,55,50500.0,670,1
F,30,30000.0,656,0
M,45,17000.0,683,0
M,27,12000.0,687,0
M,36,40000.0,683,0
M,41,30000.0,670,0
M,33,29000.0,675,0
F,45,22000.0,702,0
F,53,30000.0,668,0
M,33,15630.0,685,0
M,27,16000.0,669,0
M,42,30000.0,709,0
M,30,22500.0,696,0
M,29,20000.0,693,0
F,38,35000.0,690,5
F,24,18000.0,693,0
M,28,20000.0,655,0
M,26,9400.0,658,3
M,30,30000.0,668,0
M,36,25000.0,692,4
M,33,8500.0,696,0
M,35,25000.0,673,0
M,38,25000.0,694,4
M,30,17000.0,666,0
F,44,14000.0,689,5
M,26,55000.0,682,0
M,46,28000.0,697,7
F,50,22500.0,704,0
M,35,21000.0,691,0
M,21,18460.0,668,0
M,28,32000.0,672,0
M,23,21000.0,671,0
M,33,25000.0,693,0
M,60,22000.0,681,0
M,30,36000.0,653,0
M,36,19800.0,687,0
M,32,25000.0,665,5
M,33,20000.0,671,0
M,45,25000.0,709,1
M,28,14000.0,677,0
F,31,20000.0,678,15
M,29,25000.0,672,0
M,49,35000.0,695,0
F,46,13000.0,695,2
M,28,250000.0,686,0
M,31,28000.0,676,0
M,39,24000.0,657,0
M,41,15000.0,688,0
M,37,12500.0,687,0
M,40,49000.0,688,7
M,27,20000.0,662,1
M,32,18000.0,648,0
F,34,15000.0,674,0
M,28,20000.0,679,0
M,32,14200.0,677,0
M,23,18000.0,666,0
M,47,30000.0,671,19
M,38,20000.0,664,0
M,33,16000.0,714,0
M,36,18000.0,676,0
M,27,12000.0,643,1
M,54,16000.0,653,7
F,39,42500.0,666,2
M,37,30000.0,725,0
M,43,21000.0,672,1
M,29,21000.0,685,0
M,26,36000.0,689,0
M,36,35000.0,681,0
M,24,29000.0,657,1
F,46,10000.0,706,0
M,47,15.0,672,0
M,37,32000.0,672,0
M,39,23800.0,651,0
M,43,25000.0,669,0
M,38,30000.0,700,0
M,28,75000.0,672,7
M,34,32000.0,679,0
M,30,26000.0,646,0
M,28,18000.0,679,0
M,29,20000.0,661,0
M,23,13000.0,689,0
M,30,10000.0,692,0
M,33,22000.0,672,0
M,28,35000.0,656,0
M,49,30000.0,655,0
M,32,15000.0,697,0
M,24,15000.0,673,0
M,41,40000.0,679,0
F,33,20000.0,681,0
M,43,10000.0,687,0
M,40,60000.0,700,24
M,51,60000.0,695,0
M,44,20000.0,679,0
M,24,55000.0,665,1
M,40,21815.0,702,1
F,34,28000.0,680,3
M,31,18000.0,663,4
M,35,35000.0,685,1
M,27,30000.0,673,0
F,50,42000.0,682,0
M,29,20000.0,662,0
M,36,28500.0,677,2
M,28,25000.0,675,8
M,30,30000.0,671,0
M,35,29000.0,682,0
M,38,25000.0,686,10
M,34,32800.0,661,5
M,25,15000.0,681,0
M,33,22000.0,687,0
M,40,18000.0,676,0
F,25,13000.0,647,12
M,50,34000.0,678,0
F,22,40000.0,681,0
M,29,17000.0,682,0
M,43,15000.0,685,0
M,22,25000.0,663,0
M,24,18000.0,673,0
M,38,10000.0,669,4
M,37,35000.0,719,3
M,29,45000.0,661,3
M,32,20000.0,663,0
M,24,14000.0,657,0
M,46,22000.0,685,0
M,23,22000.0,675,0
M,59,11479.0,670,7
M,27,5000.0,678,0
M,32,12000.0,659,2
M,59,30000.0,678,0
M,41,16000.0,677,7
M,39,30000.0,675,1
M,26,18000.0,682,0
M,24,16500.0,680,0
M,21,17000.0,680,0
M,30,18000.0,689,3
M,32,16000.0,684,0
M,46,50000.0,687,2
M,29,30000.0,665,1
M,35,20000.0,685,0
M,22,10000.0,665,0
M,21,14000.0,688,0
M,24,20000.0,670,0
M,23,25000.0,669,9
M,23,74000.0,651,1
M,30,23200.0,676,0
M,31,13500.0,699,0
M,29,23670.0,670,0
M,44,35000.0,727,0
M,31,25000.0,692,0
M,29,15000.0,670,0
M,40,40000.0,682,0
M,28,18000.0,667,0
M,22,13000.0,661,0
M,35,20000.0,688,0
M,26,35000.0,642,0
M,28,18000.0,688,0
F,46,40000.0,688,12
M,30,20000.0,653,3
M,43,45000.0,690,0
F,31,15000.0,695,1
M,30,22000.0,684,0
M,28,45000.0,678,0
M,42,26000.0,668,2
F,32,12000.0,710,0
M,31,30000.0,672,2
M,24,14500.0,685,0
M,32,29500.0,640,6
M,33,22000.0,687,0
M,22,12000.0,668,2
M,21,15000.0,668,0
M,47,28000.0,693,0
M,47,37000.0,692,0
F,39,25000.0,674,3
M,27,23000.0,694,0
M,36,32000.0,682,1
M,42,24000.0,696,0
M,23,20000.0,684,0
M,31,25000.0,661,3
M,30,11000.0,656,4
M,33,15000.0,685,0
M,26,21000.0,678,0
M,38,21000.0,680,13
M,33,40000.0,682,0
M,26,40000.0,651,3
M,43,30000.0,723,0
M,44,13500.0,690,0
M,58,40000.0,681,0
M,30,28000.0,687,0
M,33,35000.0,671,0
M,27,65000.0,558,0
M,24,25000.0,673,0
M,30,15000.0,697,0
M,21,10000.0,661,0
M,41,12000.0,679,0
M,23,30000.0,694,0
M,24,12000.0,676,0
M,48,17000.0,724,2
F,26,35000.0,686,2
M,53,29000.0,705,6
M,47,90000.0,710,9
M,27,30000.0,666,0
M,25,18000.0,681,0
M,30,29000.0,696,2
M,33,15000.0,692,0
M,27,10000.0,658,0
M,22,12000.0,664,0
M,38,15000.0,647,0
F,32,30000.0,677,5
M,24,12500.0,674,0
M,22,25000.0,637,1
M,25,19000.0,673,0
M,44,26000.0,686,0
M,38,20000.0,675,1
M,28,25000.0,682,0
M,31,14300.0,685,0
M,27,17400.0,692,0
M,24,25000.0,672,2
M,24,20000.0,689,0
M,32,13000.0,696,0
M,37,20000.0,638,5
M,33,18000.0,684,0
M,32,38000.0,670,0
M,54,20000.0,676,0
M,28,18600.0,680,0
M,25,35000.0,681,0
M,29,22000.0,682,12
M,43,20000.0,678,0
F,47,38000.0,695,0
M,32,16500.0,671,0
M,37,64000.0,693,6
M,29,3000.0,684,0
M,34,50000.0,682,4
F,40,13000.0,674,0
M,22,14000.0,674,0
M,28,15000.0,661,2
M,31,22500.0,669,3
M,31,30000.0,678,0
M,26,33500.0,673,0
F,40,18000.0,677,0
M,43,40000.0,670,0
F,43,25000.0,688,9
M,23,20000.0,679,0
M,49,25000.0,709,0
M,33,13500.0,667,14
M,55,18000.0,669,0
M,37,25000.0,689,0
M,27,18000.0,680,13
M,25,19000.0,670,0
M,42,18000.0,709,0
M,24,20000.0,673,2
M,29,27400.0,589,0
M,25,20000.0,666,0
M,28,65000.0,676,8
M,43,25000.0,720,2
M,36,18000.0,689,0
M,36,23000.0,692,1
M,28,13000.0,671,0
M,29,13000.0,662,0
M,23,40000.0,672,0
M,33,23500.0,656,1
M,30,42000.0,671,0
M,30,26000.0,685,0
M,42,42890.0,709,18
M,25,30000.0,699,0
M,29,15200.0,663,0
M,22,20000.0,677,0
F,35,20000.0,699,0
M,25,20000.0,652,1
M,43,25000.0,675,0
M,33,43000.0,712,1
M,33,20000.0,700,0
M,21,22000.0,674,1
M,35,18500.0,676,0
M,32,18000.0,688,0
M,23,13000.0,640,0
M,29,20000.0,677,0
M,28,21000.0,691,0
M,30,30000.0,704,0
M,26,17000.0,667,0
M,26,25000.0,673,0
M,40,38000.0,694,0
F,31,11000.0,681,0
M,33,40000.0,706,0
M,33,13000.0,678,0
M,37,25000.0,689,16
M,30,24000.0,636,0
M,29,13500.0,683,0
M,43,22000.0,684,0
M,44,29000.0,676,5
M,40,28000.0,717,6
F,25,22000.0,658,2
M,31,18500.0,681,0
M,48,15000.0,706,0
M,33,20000.0,691,0
M,46,18000.0,686,0
M,33,35000.0,691,10
M,37,38000.0,696,0
M,35,25000.0,688,0
M,26,23000.0,660,0
M,23,30000.0,656,2
M,27,25000.0,697,0
M,21,30000.0,666,0
F,45,6000.0,697,0
M,34,36000.0,688,1
M,26,22000.0,670,0
M,30,22000.0,698,0
M,33,35000.0,679,0
M,34,28000.0,692,0
M,25,10000.0,665,0
M,42,20000.0,664,1
M,34,35000.0,661,0
F,25,25000.0,678,0
M,54,28000.0,685,0
M,39,30000.0,678,2
M,23,16540.0,677,0
M,36,34000.0,695,15
M,40,23000.0,676,1
M,31,45000.0,686,0
M,23,35000.0,685,0
M,45,32000.0,647,2
M,45,9000.0,719,0
M,49,30000.0,717,0
M,29,25000.0,684,0
M,27,30000.0,699,0
M,38,26500.0,648,0
M,50,80000.0,761,0
M,30,15000.0,691,0
M,24,18000.0,657,0
M,40,30000.0,670,2
M,28,11000.0,675,4
M,29,20000.0,693,0
M,36,25000.0,668,0
M,35,24000.0,688,0
M,39,45000.0,685,0
M,39,22000.0,672,0
F,38,19000.0,678,0
M,23,19000.0,692,0
M,54,24000.0,689,0
M,22,40000.0,672,0
M,27,25000.0,683,0
M,28,21000.0,693,0
M,32,25000.0,682,1
M,22,20000.0,707,0
M,26,12000.0,683,0
F,33,37500.0,703,13
F,40,42000.0,685,0
M,37,13000.0,671,0
M,28,17000.0,677,0
M,41,35000.0,675,0
M,25,15000.0,693,4
M,22,15000.0,674,0
M,32,15000.0,688,0
M,41,51000.0,696,0
M,34,20000.0,655,0
M,30,36000.0,662,11
M,22,20000.0,662,0
M,38,17000.0,693,0
M,50,30000.0,682,0
M,53,25000.0,674,0
F,34,18000.0,698,0
M,27,16000.0,685,0
F,40,55000.0,679,0
M,25,20000.0,685,13
M,37,12000.0,716,16
M,31,13000.0,664,2
M,24,45000.0,684,0
M,22,12499.0,670,2
M,41,19000.0,677,1
M,37,14300.0,683,0
M,39,18500.0,674,11
M,21,30000.0,659,0
M,36,35000.0,662,18
M,29,12000.0,653,5
M,50,25000.0,658,0
M,22,18500.0,685,0
M,44,50000.0,688,0
F,35,17000.0,676,0
M,27,27000.0,707,0
M,34,30000.0,692,0
M,27,40000.0,673,0
M,26,16000.0,677,0
M,35,18000.0,665,0
M,29,24000.0,694,0
M,26,48000.0,697,0
M,27,25000.0,692,0
M,27,17000.0,672,0
M,55,50000.0,668,0
M,33,15000.0,680,0
F,30,25000.0,676,1
F,36,20000.0,661,9
M,26,23000.0,701,0
M,35,18000.0,669,6
M,36,22000.0,700,0
M,32,16000.0,697,0
M,48,20000.0,680,0
M,22,19000.0,682,0
M,43,22000.0,721,0
M,35,22000.0,653,2
M,26,13000.0,668,0
M,29,20000.0,675,0
M,34,18500.0,720,1
M,49,25000.0,669,1
M,30,20000.0,655,0
M,28,35000.0,671,3
M,27,35000.0,672,0
M,22,20000.0,691,0
M,31,25000.0,692,0
M,34,22500.0,660,8
M,26,20000.0,683,0
M,31,20000.0,662,3
M,32,19000.0,686,2
M,24,30000.0,671,0
F,36,16000.0,679,0
M,34,38900.0,694,0
M,34,50000.0,647,0
M,26,25000.0,681,0
M,23,20500.0,690,6
M,33,25000.0,714,0
M,46,20000.0,665,0
M,25,30000.0,665,3
M,34,20000.0,685,2
M,32,11000.0,682,2
M,24,14000.0,677,0
M,24,10000.0,674,0
M,24,13000.0,680,1
M,55,12137.0,675,8
M,35,25000.0,705,10
M,42,20000.0,678,0
M,28,20000.0,680,0
M,55,54000.0,692,0
M,30,16000.0,733,0
M,22,18000.0,669,1
M,38,25000.0,711,0
M,27,38000.0,674,0
M,25,23500.0,680,0
M,28,25000.0,684,2
M,25,10000.0,687,0
M,27,60000.0,698,0
M,21,14000.0,669,0
M,38,15000.0,680,3
M,43,46000.0,687,0
F,37,12000.0,690,0
M,39,31000.0,673,0
M,45,15000.0,700,0
F,44,35000.0,659,1
M,47,40000.0,671,8
F,40,30000.0,675,0
M,30,32000.0,669,0
M,31,22000.0,686,0
F,45,15000.0,704,0
F,39,19200.0,655,0
M,34,44000.0,674,6
M,59,32000.0,764,8
M,35,28000.0,696,0
M,31,30000.0,694,4
M,36,40000.0,676,20
M,44,10000.0,672,0
M,29,12000.0,688,0
M,32,25000.0,679,19
M,34,20000.0,660,0
M,27,300000.0,687,2
M,40,15000.0,694,0
F,33,17000.0,691,0
M,39,14000.0,672,0
M,44,60000.0,661,4
M,34,37000.0,675,0
M,33,25000.0,687,0
F,40,13000.0,701,0
M,43,20000.0,664,3
M,26,42000.0,666,1
M,27,35000.0,658,0
M,49,22000.0,692,0
M,26,50000.0,674,0
M,29,47500.0,674,0
M,27,21400.0,697,0
M,26,37000.0,688,0
M,22,13000.0,678,0
M,47,13500.0,683,0
M,25,22000.0,660,3
M,34,35000.0,681,0
M,30,6800.0,677,0
M,25,27000.0,687,0
M,32,15000.0,670,8
M,46,23000.0,695,0
F,42,20000.0,706,0
F,36,10000.0,665,0
M,51,30000.0,692,7
M,26,12000.0,665,4
M,28,20000.0,665,0
M,26,20000.0,660,1
M,25,20000.0,671,2
F,25,30000.0,683,0
M,32,45278.0,688,1
M,41,18000.0,677,0
M,22,45000.0,674,0
M,23,16000.0,687,0
M,22,25000.0,685,0
F,27,23000.0,675,0
F,23,16000.0,674,0
M,24,30000.0,693,9
M,29,18000.0,675,0
M,44,12500.0,682,3
M,43,25000.0,708,2
M,38,20000.0,697,2
M,31,28000.0,649,1
M,28,11000.0,683,0
F,25,18000.0,681,0
M,29,15000.0,666,0
M,32,15000.0,683,0
M,40,35000.0,700,0
M,30,21500.0,702,0
M,46,19000.0,689,0
F,33,25000.0,566,0
M,47,12500.0,664,6
F,27,23500.0,670,0
M,32,22000.0,680,3
M,46,35000.0,723,0
M,39,21500.0,688,0
M,25,30000.0,667,1
M,35,28000.0,703,0
M,21,15000.0,650,0
M,39,70000.0,672,19
M,25,10000.0,687,0
M,29,25000.0,664,1
F,28,20000.0,664,0
M,25,15000.0,659,0
M,30,20000.0,699,8
M,36,18500.0,668,5
M,33,18000.0,659,4
M,26,40000.0,670,0
M,36,25000.0,703,0
M,33,30000.0,592,15
M,28,30000.0,686,2
M,23,15000.0,683,0
M,32,52000.0,717,0
M,49,10032.0,690,5
F,35,20000.0,692,0
M,47,50000.0,674,0
M,33,30000.0,688,1
M,24,14000.0,686,0
M,28,25000.0,704,0
M,35,60000.0,608,0
M,44,13000.0,668,4
F,44,35000.0,670,0
F,29,30000.0,680,0
M,23,47000.0,652,1
M,50,32000.0,672,0
M,31,25000.0,650,0
M,52,20000.0,708,0
M,23,10000.0,678,0
M,41,50000.0,668,0
M,23,17000.0,682,0
F,47,22000.0,690,0
M,28,18000.0,683,0
M,42,25000.0,652,3
M,57,21000.0,697,0
F,39,30000.0,699,0
M,24,18800.0,670,0
M,25,20000.0,683,0
M,42,18000.0,679,3
M,27,20000.0,681,0
M,30,29000.0,691,0
M,32,23000.0,669,0
M,26,24000.0,696,0
F,23,48000.0,688,0
M,28,26500.0,683,0
M,30,17000.0,683,0
M,44,18000.0,692,0
M,28,16000.0,682,0
M,25,20000.0,688,0
F,37,90000.0,680,0
M,45,15000.0,693,0
M,46,13000.0,677,0
M,33,25000.0,683,0
M,50,22000.0,696,0
M,34,15000.0,669,0
M,26,10500.0,648,2
M,29,45000.0,692,0
M,32,40000.0,674,1
F,31,18000.0,674,0
F,41,17000.0,663,0
M,40,40000.0,694,0
M,32,50000.0,691,16
M,23,12500.0,686,0
M,51,30000.0,697,0
M,32,35000.0,666,0
M,37,17000.0,723,3
M,27,19000.0,694,0
M,28,13000.0,687,0
F,55,18000.0,699,0
M,28,30000.0,683,0
M,41,18600.0,509,0
M,22,15000.0,680,0
M,32,15000.0,650,0
M,41,30000.0,685,13
M,30,20000.0,680,13
M,34,15000.0,696,0
M,51,45000.0,722,0
M,22,33000.0,674,0
M,26,13000.0,685,0
M,30,30000.0,641,0
M,46,35000.0,705,0
M,30,40000.0,703,0
M,42,28000.0,686,0
M,27,20000.0,635,0
M,25,18000.0,689,0
M,28,25000.0,690,0
M,27,27000.0,666,0
M,32,20000.0,688,0
M,30,20000.0,673,1
M,34,31000.0,692,0
F,35,13000.0,653,2
M,42,19000.0,683,4
M,40,13000.0,681,0
M,27,25000.0,653,1
M,35,19000.0,681,0
M,30,20000.0,679,2
M,24,20000.0,688,0
M,31,80000.0,665,6
M,52,35000.0,680,0
F,32,25000.0,669,0
M,33,23000.0,710,0
M,31,35000.0,705,0
M,28,30000.0,666,7
M,27,14000.0,664,0
M,56,30000.0,688,0
M,24,25000.0,676,0
M,38,23000.0,692,0
M,42,35000.0,659,3
M,35,30000.0,682,0
M,44,12000.0,665,1
M,30,20000.0,696,0
F,32,20000.0,672,0
M,49,18000.0,683,0
M,24,22000.0,682,0
M,23,30000.0,672,0
M,35,55000.0,678,0
M,27,20000.0,682,0
M,21,8000.0,680,0
M,29,18500.0,673,0
F,26,35000.0,655,4
M,39,26000.0,694,0
M,52,25000.0,682,0
M,27,20000.0,692,0
M,38,15000.0,729,0
M,26,18000.0,695,0
M,29,35000.0,663,0
F,34,18000.0,631,3
M,36,28000.0,671,2
M,41,40000.0,676,0
M,33,16000.0,666,1
F,41,22000.0,672,0
F,23,11000.0,676,1
M,36,18500.0,693,0
M,22,16000.0,664,1
F,24,21500.0,680,0
M,44,18000.0,682,0
M,24,19000.0,629,0
M,24,10000.0,681,0
M,48,10000.0,685,2
M,39,16000.0,740,0
M,45,37500.0,736,0
M,28,60000.0,686,0
M,29,45000.0,680,0
M,27,17500.0,705,0
M,32,31000.0,690,0
M,42,60000.0,683,4
F,48,30000.0,674,0
M,23,23500.0,674,0
M,32,23500.0,669,0
M,34,20000.0,700,0
M,56,28000.0,715,0
M,22,38000.0,696,0
M,25,12500.0,657,1
M,24,15000.0,677,0
M,32,45000.0,693,11
M,25,30000.0,613,0
F,25,30000.0,676,0
M,23,30000.0,690,0
M,26,30000.0,680,0
M,27,25000.0,695,0
M,27,18000.0,659,1
F,49,16000.0,691,0
M,26,20000.0,670,0
M,45,34000.0,688,0
M,45,19000.0,688,0
M,28,20000.0,630,0
M,40,32200.0,674,0
M,49,22850.0,665,3
M,33,16000.0,684,0
F,23,13000.0,685,0
M,48,18000.0,688,0
M,52,20000.0,666,0
M,51,25500.0,694,1
M,26,17500.0,697,0
F,30,10000.0,666,3
M,21,14000.0,675,0
M,43,18000.0,690,0
F,26,13000.0,693,1
M,32,52000.0,666,1
M,27,31500.0,657,0
F,35,13000.0,685,0
M,21,31000.0,686,0
F,47,25000.0,673,0
M,37,50000.0,704,0
M,33,40000.0,724,2
M,49,45000.0,687,1
M,45,14500.0,676,0
M,27,18500.0,683,0
M,33,45000.0,700,3
M,38,43500.0,659,8
M,42,15000.0,679,0
M,61,15000.0,712,0
M,26,21000.0,685,0
M,31,400000.0,694,0
M,33,22000.0,691,0
M,26,22000.0,690,0
M,23,22000.0,647,0
M,27,19000.0,678,6
M,34,25000.0,667,0
M,33,30000.0,686,0
M,55,28000.0,682,1
M,40,100000.0,684,0
M,44,18000.0,681,0
M,47,14000.0,712,0
M,50,28000.0,678,14
M,29,22000.0,677,0
M,45,16000.0,679,0
M,59,35000.0,748,21
M,46,15000.0,722,0
M,32,20500.0,678,0
F,46,50000.0,671,1
M,36,15000.0,696,0
M,25,25000.0,665,0
M,23,15000.0,633,0
M,56,20000.0,667,3
M,32,27000.0,713,0
M,31,35000.0,696,0
M,26,19000.0,676,0
F,38,60000.0,688,0
M,42,47000.0,710,0
M,36,30000.0,649,0
M,36,35000.0,677,0
M,30,58000.0,662,0
M,25,35000.0,664,4
M,26,22000.0,707,1
M,45,85000.0,679,10
M,24,35000.0,672,0
M,21,105000.0,669,0
M,29,25000.0,644,0
M,37,40000.0,717,0
M,33,30000.0,690,21
M,43,12000.0,683,5
M,32,24000.0,670,2
M,30,30000.0,707,0
M,43,20000.0,689,1
M,29,33000.0,665,4
M,36,25000.0,705,0
M,50,30000.0,690,0
M,41,50000.0,675,0
M,29,29000.0,713,0
M,29,22500.0,650,0
M,45,20000.0,684,1
M,35,30000.0,677,0
F,37,29000.0,673,0
M,28,14000.0,697,0
M,30,40000.0,673,0
M,30,45000.0,652,0
M,32,10000.0,683,0
M,55,35000.0,673,1
M,34,40000.0,676,12
M,40,25000.0,686,3
M,25,26500.0,690,0
M,33,40000.0,678,0
M,33,30000.0,692,0
F,46,15000.0,685,0
M,25,19000.0,653,0
M,30,13000.0,674,3
M,50,25000.0,706,6
M,32,45000.0,691,0
M,33,28000.0,733,0
M,27,30000.0,681,0
M,30,18000.0,687,0
M,25,15000.0,671,0
M,25,29000.0,662,4
M,33,45000.0,689,0
M,31,38000.0,660,1
F,37,17000.0,652,5
M,25,30000.0,691,3
M,31,35000.0,695,0
M,30,80000.0,652,13
M,31,20000.0,682,2
M,32,35000.0,709,0
M,48,32500.0,680,2
M,45,30000.0,684,2
M,36,26000.0,709,0
M,36,15000.0,686,0
M,32,20000.0,648,3
M,33,35000.0,686,3
M,34,15000.0,687,0
M,41,50000.0,671,1
M,36,30000.0,673,0
M,38,20000.0,674,0
M,37,19000.0,679,0
M,28,45000.0,676,0
M,36,15000.0,717,0
M,28,28000.0,679,3
F,33,30000.0,670,1
M,27,25000.0,693,0
M,21,80000.0,678,0
M,41,20500.0,681,0
M,27,23000.0,690,0
M,23,53000.0,723,0
M,43,30000.0,683,0
M,38,30000.0,669,10
M,35,40000.0,684,0
M,26,30000.0,674,2
F,28,12000.0,640,0
M,30,38000.0,695,3
F,63,35000.0,771,1
F,46,12000.0,663,2
M,27,35000.0,670,0
M,29,23600.0,676,1
M,36,35000.0,668,0
M,38,33000.0,690,0
F,42,35000.0,714,0
M,27,50000.0,663,0
M,29,15000.0,710,0
M,40,25000.0,665,0
M,33,25000.0,686,0
M,27,20000.0,682,0
M,55,10000.0,671,0
M,27,23000.0,675,0
M,27,15000.0,660,0
M,23,27000.0,664,0
M,27,18000.0,695,1
M,26,45000.0,640,0
M,29,40000.0,686,0
M,29,25000.0,696,0
M,30,23500.0,688,6
M,34,16000.0,698,0
F,31,26500.0,689,0
M,36,40000.0,669,0
M,30,33000.0,679,3
M,28,33000.0,675,0
M,24,15600.0,697,0
M,48,15000.0,688,0
M,25,16000.0,668,0
M,30,29000.0,688,0
M,35,45000.0,656,8
M,27,35000.0,682,2
M,39,20000.0,681,0
M,35,24000.0,670,0
M,25,15000.0,701,0
M,33,25000.0,673,0
M,27,15000.0,654,0
M,31,18000.0,710,0
M,28,9260.0,678,0
F,36,30000.0,730,0
M,22,23000.0,668,0
M,22,32500.0,669,0
M,31,17000.0,684,0
M,33,23000.0,687,0
M,44,30000.0,697,0
M,36,26000.0,681,0
M,30,38000.0,675,0
M,43,14000.0,680,0
M,33,25000.0,683,0
M,27,15000.0,680,0
M,58,21500.0,685,0
M,29,40000.0,689,0
M,25,15500.0,678,0
M,31,12800.0,696,0
M,46,28500.0,669,2
M,28,18000.0,666,0
M,36,38181.0,687,20
M,47,30000.0,673,0
F,43,30000.0,668,1
M,33,35000.0,686,0
M,27,39000.0,617,0
M,23,23000.0,674,0
M,23,15000.0,687,0
F,32,20000.0,665,0
F,41,45000.0,679,0
M,41,16000.0,667,1
F,43,22000.0,683,0
M,37,15000.0,671,7
M,35,50000.0,696,0
F,39,25000.0,688,6
M,29,25000.0,669,0
F,25,100000.0,681,0
M,33,35000.0,700,0
M,32,13500.0,698,0
M,45,30000.0,691,2
M,29,25000.0,703,0
M,35,25000.0,692,0
M,35,17000.0,666,0
M,31,15000.0,688,0
M,23,14000.0,669,3
M,28,11.0,686,11
F,35,18000.0,668,0
M,29,12000.0,678,0
M,37,15000.0,670,0
M,43,40000.0,704,0
M,25,23000.0,679,0
M,43,45000.0,697,0
M,44,19650.0,675,5
M,32,15500.0,650,3
M,35,18000.0,686,0
M,27,35000.0,671,0
M,42,21000.0,744,0
M,36,33500.0,683,0
M,30,30000.0,694,0
M,36,28000.0,695,2
M,27,14500.0,694,0
M,34,18000.0,688,0
M,28,50000.0,705,1
M,36,9500.0,697,0
M,23,24000.0,637,2
M,23,30000.0,674,0
M,29,18000.0,691,14
M,55,40000.0,681,1
M,50,60000.0,730,0
M,47,40000.0,726,0
M,31,19000.0,655,0
M,33,60000.0,683,0
M,21,17000.0,686,0
M,41,26000.0,691,0
M,33,20000.0,678,0
M,34,30000.0,700,0
M,33,43000.0,691,0
M,35,30000.0,694,0
M,34,30000.0,672,1
M,40,35000.0,685,0
M,52,21000.0,663,0
M,25,28300.0,674,13
M,26,20000.0,688,0
M,26,18000.0,680,0
M,32,15000.0,656,74
F,27,10000.0,668,9
M,28,35000.0,680,0
M,33,35000.0,667,0
M,35,30000.0,703,3
M,29,18000.0,693,0
M,36,55000.0,687,3
M,42,22000.0,703,2
M,27,17000.0,664,0
M,61,25000.0,673,0
M,27,26000.0,689,0
M,27,15000.0,673,7
M,46,35000.0,663,0
M,26,19000.0,694,0
M,52,19000.0,678,0
M,22,25000.0,676,0
M,21,19000.0,671,0
M,23,34000.0,679,0
M,34,75000.0,696,1
M,29,60000.0,678,0
M,40,35000.0,592,0
M,28,40000.0,666,0
M,32,11750.0,687,1
M,29,18000.0,668,0
M,25,16000.0,680,0
F,32,28000.0,700,0
M,32,35000.0,662,8
F,32,17000.0,677,0
M,23,15000.0,660,0
M,38,25000.0,664,1
M,28,14000.0,668,0
M,26,25000.0,653,1
M,29,10000.0,712,0
M,31,32000.0,651,5
M,48,17500.0,685,0
M,36,50000.0,697,1
M,23,29000.0,662,0
M,38,20000.0,687,0
M,21,30000.0,640,1
F,42,21000.0,663,0
M,49,53679.0,709,0
M,44,18000.0,713,7
F,47,30000.0,709,10
M,54,15000.0,698,0
M,23,22000.0,696,0
M,37,28000.0,727,28
M,28,30000.0,692,0
M,33,35000.0,656,3
M,41,25000.0,672,0
M,33,35000.0,684,0
M,40,38000.0,652,0
M,34,12000.0,681,0
M,28,27000.0,695,0
M,25,23000.0,649,0
M,28,20000.0,692,0
M,51,27000.0,748,1
M,29,8000.0,679,9
M,32,55000.0,677,0
M,25,55000.0,662,0
M,48,10000.0,659,0
M,54,35000.0,718,0
F,35,13000.0,664,6
M,33,16000.0,689,0
M,43,30000.0,680,15
M,31,27000.0,690,4
M,27,25000.0,642,0
M,32,45000.0,723,0
M,37,30000.0,700,0
F,43,20000.0,677,0
M,52,15000.0,718,3
M,30,14000.0,686,0
M,23,18000.0,676,2
M,28,35000.0,643,1
M,32,12000.0,703,0
M,27,32000.0,665,3
M,49,20000.0,708,14
M,23,25000.0,689,0
M,30,23000.0,663,2
M,32,42000.0,699,0
M,21,18000.0,620,0
M,27,18000.0,687,0
M,21,32500.0,660,0
F,37,13500.0,676,2
M,43,25000.0,684,0
M,40,40000.0,668,0
M,33,45000.0,728,0
M,45,29000.0,721,0
M,51,20000.0,674,0
M,26,12000.0,678,0
M,28,70000.0,661,10
M,28,16000.0,668,0
F,52,16500.0,696,0
M,37,15000.0,705,0
F,33,18000.0,665,1
M,26,40000.0,647,3
M,28,15000.0,672,15
M,27,80000.0,674,2
M,25,40000.0,677,0
M,50,54680.0,691,0
M,46,20000.0,708,0
M,54,35000.0,676,16
M,37,35000.0,681,0
M,49,31500.0,679,4
M,54,11000.0,684,0
M,29,13500.0,663,1
M,32,37500.0,672,5
M,24,16000.0,682,0
M,46,35000.0,690,0
M,47,30000.0,694,0
M,45,25000.0,699,0
M,38,25000.0,696,0
M,36,40000.0,674,22
M,29,24999.0,684,0
F,39,20000.0,698,3
M,36,33000.0,667,0
M,48,40000.0,708,0
M,31,28000.0,700,0
F,42,14000.0,677,0
M,37,18000.0,665,0
M,39,30000.0,669,2
M,36,11000.0,691,0
M,30,15000.0,673,0
M,41,16000.0,677,0
M,42,20000.0,680,1
M,27,18000.0,604,0
M,30,23000.0,672,0
M,35,24900.0,683,3
F,28,15000.0,638,8
M,24,35000.0,646,0
M,59,24000.0,683,0
M,38,40000.0,695,5
F,47,15000.0,685,0
M,27,38000.0,660,0
M,39,40000.0,685,3
M,36,38000.0,670,0
M,41,20000.0,690,4
M,31,25000.0,667,7
M,28,48000.0,664,0
M,23,25000.0,672,0
M,29,18000.0,673,1
M,23,30000.0,693,11
M,36,35000.0,702,0
M,24,19850.0,676,4
M,42,25000.0,686,1
M,31,15000.0,668,0
M,41,19000.0,688,2
M,59,40000.0,682,0
M,22,22500.0,636,0
M,24,40000.0,670,0
M,31,20000.0,690,0
F,30,16000.0,677,0
M,52,27000.0,664,0
M,28,32000.0,683,0
M,24,35000.0,686,0
M,27,22000.0,675,0
M,30,22500.0,661,0
M,23,15000.0,673,0
M,29,24000.0,698,0
M,48,15500.0,663,0
M,51,60000.0,746,0
M,23,25000.0,670,3
M,27,28000.0,688,0
M,35,25000.0,692,0
M,30,28000.0,676,0
F,40,21900.0,676,0
M,25,28000.0,654,5
M,52,15000.0,726,0
M,30,17000.0,648,0
M,43,21000.0,714,0
M,40,30000.0,712,0
M,30,10000.0,655,2
M,21,13000.0,660,3
M,41,47000.0,686,0
M,24,50000.0,678,0
M,41,25000.0,670,0
M,32,22000.0,685,0
M,33,18980.0,695,0
M,27,18000.0,679,0
M,23,15000.0,665,2
M,22,31000.0,667,0
M,31,30000.0,704,0
M,31,19000.0,686,0
M,41,25000.0,710,5
M,36,15000.0,698,3
M,32,20000.0,658,1
M,30,32300.0,686,15
M,25,38000.0,670,0
M,30,33800.0,669,0
M,27,35500.0,664,0
M,27,15000.0,675,0
M,30,18000.0,676,1
M,33,25000.0,703,9
M,29,16500.0,689,0
M,40,23000.0,670,0
M,25,12500.0,672,0
M,27,15000.0,696,0
M,27,19000.0,665,2
M,30,25000.0,689,2
M,28,13000.0,696,0
M,30,15000.0,691,0
M,31,25000.0,681,0
M,26,25000.0,684,0
M,38,35000.0,705,0
F,38,33500.0,664,0
M,31,60000.0,667,1
M,34,33000.0,704,0
F,49,35000.0,669,6
F,33,10000.0,677,0
M,29,45000.0,662,2
M,24,12000.0,674,0
M,30,48000.0,685,0
M,38,17000.0,689,0
M,59,50000.0,669,2
M,43,35000.0,680,0
M,42,22000.0,700,6
M,26,30000.0,681,0
M,27,22000.0,674,0
M,31,26000.0,538,0
M,34,18000.0,718,0
M,41,22000.0,704,0
M,34,20000.0,661,0
M,35,20000.0,649,4
M,23,20000.0,677,0
M,26,90000.0,671,0
F,24,14800.0,681,0
M,27,25000.0,652,3
F,21,9000.0,680,0
M,27,18000.0,666,0
M,21,10000.0,684,0
M,36,20000.0,682,0
M,38,23000.0,691,0
M,40,26500.0,677,0
M,37,13000.0,715,0
M,27,20000.0,680,0
M,37,45000.0,701,13
M,23,32000.0,686,0
M,26,12000.0,655,1
M,50,21000.0,712,0
M,32,12500.0,665,0
M,30,45000.0,679,8
M,41,10000.0,672,0
M,34,60000.0,699,9
M,29,19000.0,658,4
M,31,18000.0,663,0
M,44,16000.0,691,0
M,23,12000.0,666,0
M,24,18000.0,662,1
M,54,20000.0,725,2
M,22,15000.0,694,0
M,24,30000.0,684,0
M,40,45000.0,675,0
M,22,22000.0,685,0
M,34,40000.0,675,0
M,30,20000.0,680,1
M,32,15000.0,687,0
M,32,30000.0,656,1
M,32,12000.0,696,0
M,39,45000.0,652,1
F,32,13000.0,666,0
M,50,20000.0,655,3
M,24,15000.0,680,0
M,40,25000.0,666,0
F,28,12000.0,657,0
M,44,40000.0,664,34
F,24,25000.0,673,1
M,36,18000.0,692,17
M,26,20000.0,678,0
M,27,10500.0,704,0
M,27,15000.0,681,0
M,43,30000.0,712,0
M,34,35000.0,684,0
M,40,40000.0,667,2
M,28,35000.0,671,0
M,30,25000.0,654,3
M,21,48000.0,668,0
M,25,15000.0,688,0
M,41,15000.0,708,0
F,21,18000.0,660,0
M,29,22000.0,681,0
M,25,18000.0,690,1
M,41,35000.0,666,0
M,28,17000.0,680,0
M,42,30000.0,695,0
M,52,32000.0,682,0
M,42,20000.0,690,0
M,29,34000.0,700,0
M,27,36000.0,683,0
M,27,20000.0,684,1
F,32,12000.0,687,0
M,37,15000.0,684,0
M,30,65000.0,677,0
M,49,31000.0,694,0
M,52,38000.0,691,0
M,42,40000.0,701,0
M,39,25000.0,682,0
M,45,28000.0,667,0
M,36,35000.0,674,0
M,28,25000.0,676,3
M,41,20000.0,690,0
M,27,18500.0,670,2
M,25,26000.0,684,4
M,29,50000.0,672,2
F,47,18000.0,593,34
M,35,28000.0,688,0
M,35,33300.0,658,0
M,36,40000.0,688,0
M,29,21000.0,675,0
M,29,20000.0,673,0
M,32,80000.0,686,0
M,36,15000.0,685,0
M,32,38000.0,767,1
M,26,25000.0,692,5
M,23,11000.0,687,0
M,32,23500.0,684,0
M,23,19000.0,672,0
M,22,50000.0,664,2
M,38,380000.0,705,0
M,26,20000.0,683,0
F,43,12000.0,687,0
M,36,20000.0,681,0
M,46,12000.0,682,0
M,25,28000.0,649,0
M,39,24000.0,661,0
M,36,25000.0,693,0
M,30,20000.0,647,0
M,31,50000.0,698,6
M,27,11000.0,660,3
F,31,15400.0,671,0
M,47,15000.0,678,1
M,28,23390.0,682,0
M,34,35000.0,702,4
M,44,30000.0,675,0
M,36,30000.0,688,0
M,55,20000.0,701,3
M,26,22000.0,678,0
M,46,20000.0,693,0
M,33,20000.0,705,0
M,49,45000.0,702,0
M,27,20000.0,678,0
M,54,20000.0,705,0
M,23,30000.0,683,20
F,24,32000.0,685,0
M,54,30000.0,684,0
M,45,18900.0,660,13
M,21,70000.0,669,16
M,32,15000.0,693,0
M,24,12000.0,660,0
M,41,28000.0,669,0
M,32,28000.0,723,0
M,31,18500.0,682,0
F,30,20000.0,673,0
M,33,45000.0,693,9
M,21,12000.0,674,0
M,36,10000.0,681,0
M,23,22500.0,648,1
M,32,25000.0,687,0
M,23,33000.0,682,0
M,39,23500.0,655,9
M,45,42000.0,703,6
M,43,40000.0,671,0
M,23,70000.0,687,0
M,25,30000.0,675,0
M,27,34800.0,681,0
M,25,28000.0,661,6
M,35,23000.0,699,0
M,26,18000.0,682,4
M,26,40000.0,650,2
M,58,20000.0,732,0
M,28,20000.0,675,0
M,26,18000.0,690,1
M,36,16000.0,634,0
M,35,21000.0,663,0
M,22,9500.0,688,0
F,39,28000.0,669,4
M,22,35000.0,637,0
M,30,20000.0,684,7
F,26,18000.0,665,1
F,41,23000.0,681,1
M,55,18637.0,745,0
M,35,30000.0,731,0
M,36,25000.0,680,0
M,57,30000.0,721,3
M,25,18000.0,661,0
M,24,21600.0,664,0
M,40,20000.0,688,0
M,33,45000.0,696,0
M,25,20000.0,687,0
M,48,38000.0,685,0
F,31,28000.0,670,0
M,31,40000.0,692,0
M,21,24000.0,672,0
M,45,57000.0,809,7
F,27,30000.0,684,0
M,29,35000.0,680,2
M,42,40000.0,678,0
M,55,19500.0,702,0
M,53,55000.0,711,0
M,33,24000.0,688,0
M,54,23499.0,696,9
M,38,12000.0,663,0
M,55,37000.0,688,0
M,30,25000.0,650,1
M,27,14500.0,688,0
M,36,43500.0,713,3
M,36,50000.0,666,0
M,32,60000.0,687,5
M,44,30000.0,666,0
M,28,20000.0,645,2
F,46,30000.0,674,0
M,24,30000.0,664,0
M,34,10000.0,688,0
M,45,18500.0,649,9
M,41,30000.0,673,8
M,30,15000.0,684,0
M,43,19000.0,681,0
F,38,18000.0,664,0
M,30,20000.0,681,0
M,27,18000.0,642,0
M,33,15000.0,674,4
M,36,30000.0,704,0
M,21,18000.0,683,0
M,48,30000.0,687,0
M,33,50000.0,663,9
M,28,60000.0,686,0
M,25,50000.0,662,2
M,30,23000.0,687,1
M,21,14500.0,675,0
M,55,22000.0,759,11
M,22,50000.0,672,1
M,32,40000.0,700,0
M,39,8000.0,721,0
M,34,27300.0,707,0
M,36,34000.0,679,0
M,25,45000.0,670,5
M,22,24000.0,682,0
M,47,40000.0,679,0
M,26,40000.0,615,0
M,31,35000.0,668,0
M,31,60000.0,708,11
M,35,15000.0,660,0
M,31,30000.0,685,0
M,27,35000.0,696,0
M,63,15000.0,688,0
M,49,12000.0,692,0
F,38,10000.0,635,1
M,35,20000.0,668,12
M,48,30000.0,736,0
M,42,25000.0,698,0
M,22,16000.0,687,0
M,59,40500.0,665,0
M,33,39000.0,687,0
M,55,46000.0,714,8
M,37,37000.0,692,0
M,22,18300.0,656,1
M,30,18.0,664,2
F,29,25000.0,679,0
M,23,15000.0,665,6
M,28,15000.0,642,0
M,38,17000.0,700,0
M,22,18000.0,658,0
M,44,30000.0,681,0
M,43,70000.0,683,0
M,52,75000.0,683,2
M,38,25000.0,656,8
M,25,13000.0,668,0
M,38,16000.0,689,0
M,23,19000.0,679,0
M,31,40000.0,656,0
F,35,18000.0,665,0
M,23,40000.0,651,0
M,36,18000.0,692,0
F,48,28000.0,624,1
M,33,35000.0,692,0
M,30,18000.0,671,0
M,27,58000.0,672,0
M,30,14000.0,671,0
M,27,24000.0,677,1
M,25,25000.0,668,0
M,24,32000.0,646,0
M,26,15000.0,669,0
M,35,12500.0,683,0
M,34,30000.0,683,1
M,34,47000.0,680,0
M,39,24000.0,684,0
M,23,38000.0,683,0
M,27,34000.0,695,2
M,22,25000.0,612,0
M,22,18000.0,678,6
M,42,35000.0,671,0
M,35,25000.0,726,0
F,40,18000.0,665,2
M,35,45000.0,700,3
M,39,15000.0,660,3
F,39,20000.0,654,0
M,40,35000.0,666,1
M,24,20000.0,670,6
M,28,23000.0,689,0
M,50,23500.0,656,10
M,29,14000.0,662,1
M,36,30000.0,675,0
M,25,18000.0,669,0
F,35,20000.0,673,0
M,28,25000.0,722,0
M,55,20000.0,684,8
M,35,28000.0,659,0
M,32,40000.0,661,5
M,29,16700.0,683,0
M,24,22000.0,661,8
M,45,35000.0,679,0
M,34,29000.0,658,0
M,28,18000.0,672,1
M,46,18500.0,681,5
M,29,20000.0,675,0
M,21,42000.0,650,0
F,38,23000.0,686,1
M,37,40000.0,687,0
M,47,50000.0,702,0
M,34,20000.0,688,0
M,24,40000.0,692,0
M,39,25000.0,690,0
M,39,45000.0,713,2
M,29,30000.0,692,0
M,34,20000.0,656,0
M,31,35000.0,674,8
M,40,18000.0,745,21
M,30,25000.0,663,0
M,50,50000.0,667,5
M,40,14000.0,679,1
M,25,35000.0,674,0
M,31,36000.0,659,10
F,36,18000.0,645,5
M,34,20000.0,687,0
F,31,9000.0,679,0
M,56,47000.0,686,0
F,38,18000.0,661,1
M,25,15000.0,689,0
M,25,45000.0,662,0
M,37,39000.0,701,0
M,23,23000.0,642,0
M,25,14000.0,662,0
M,40,21000.0,689,0
M,30,24000.0,660,1
M,31,28000.0,666,1
M,35,30000.0,669,0
M,28,25000.0,709,0
M,24,14500.0,692,0
M,54,27883.0,698,0
M,31,47500.0,662,18
M,54,30000.0,677,0
M,23,10000.0,690,0
M,30,25000.0,681,0
M,24,25000.0,664,0
M,22,30000.0,646,2
M,31,25000.0,648,0
M,49,30000.0,697,21
M,21,23000.0,677,0
M,35,30000.0,720,0
M,38,28500.0,678,0
M,41,30000.0,693,6
M,27,11000.0,662,5
M,31,12000.0,673,2
M,32,25000.0,663,0
M,56,22000.0,697,0
M,23,16000.0,652,2
F,24,35000.0,684,0
M,23,25000.0,677,0
M,25,15000.0,677,12
M,32,35000.0,676,1
M,25,30000.0,659,0
M,34,28000.0,677,0
M,35,25000.0,687,0
M,31,18000.0,693,0
M,26,30000.0,689,0
M,47,30000.0,681,0
M,31,25000.0,651,2
M,21,20000.0,700,0
M,48,24000.0,664,0
M,25,14000.0,661,1
M,23,25000.0,688,0
M,44,35000.0,695,0
M,26,21500.0,684,0
F,24,20000.0,661,0
M,42,25000.0,762,2
M,32,18000.0,687,0
M,21,22000.0,664,0
M,33,30000.0,683,0
M,26,15500.0,682,3
F,40,23000.0,688,4
M,21,17000.0,673,0
M,23,31000.0,680,0
M,37,30000.0,675,14
M,38,12.0,693,0
M,28,20000.0,685,0
M,45,25000.0,677,1
F,48,14500.0,727,19
M,33,37000.0,684,0
M,27,25000.0,670,0
M,52,20000.0,685,5
M,33,10000.0,653,10
M,59,40000.0,701,0
F,36,30000.0,682,0
M,30,13000.0,703,0
F,36,50000.0,676,0
M,21,18000.0,677,0
F,46,25000.0,773,0
F,48,25000.0,671,0
M,38,25000.0,672,0
M,26,18000.0,689,0
M,34,20000.0,691,0
M,25,25000.0,665,0
M,31,20000.0,689,0
M,49,20000.0,684,0
M,23,13500.0,692,0
M,21,15000.0,691,0
M,27,18000.0,675,10
M,45,25000.0,680,7
M,36,100000.0,699,0
M,26,35000.0,672,0
M,39,40000.0,693,0
M,21,10000.0,671,0
M,45,25000.0,676,3
M,24,3000.0,699,0
M,46,30000.0,705,20
M,24,20000.0,679,1
M,35,25000.0,664,0
M,33,18000.0,671,0
M,29,30000.0,673,0
M,29,50000.0,641,0
M,36,37500.0,707,0
M,22,15000.0,644,2
M,24,30000.0,678,0
M,31,30000.0,673,0
M,48,27500.0,692,0
M,23,20000.0,676,0
M,27,40000.0,690,0
M,40,50000.0,663,13
M,51,40000.0,657,4
M,33,30000.0,692,0
M,45,18000.0,667,0
M,45,15000.0,689,0
M,38,20000.0,661,0
M,31,15000.0,676,5
M,35,30000.0,712,1
M,58,15000.0,699,0
F,45,35000.0,693,0
M,35,60000.0,659,0
M,43,20000.0,686,0
F,35,35000.0,669,0
M,44,20000.0,690,0
M,24,22000.0,691,0
M,32,24000.0,680,1
M,31,38000.0,676,0
M,29,25000.0,681,0
M,23,10000.0,680,0
M,37,15000.0,645,0
F,40,35000.0,695,1
M,52,15000.0,698,0
M,34,25000.0,672,3
M,33,20000.0,676,0
F,26,40000.0,686,1
M,29,25000.0,646,0
M,24,25000.0,677,9
F,30,15000.0,654,2
M,29,45000.0,699,0
M,34,20000.0,673,5
F,27,28000.0,684,3
F,49,8000.0,706,0
M,28,25000.0,645,6
M,25,25000.0,675,0
M,39,15000.0,669,6
M,30,14500.0,656,0
F,38,22000.0,690,0
M,25,10000.0,648,0
M,30,35000.0,685,0
M,36,17542.0,659,6
M,34,18000.0,679,0
M,43,30000.0,666,0
M,43,11.0,708,0
M,28,15000.0,679,4
M,36,32628.0,683,9
M,48,12000.0,675,0
M,49,30000.0,730,0
M,51,32000.0,664,18
F,40,18000.0,675,0
M,25,35000.0,634,2
M,28,12000.0,679,0
M,24,10000.0,686,0
M,29,26500.0,667,12
M,49,28500.0,689,1
F,40,16000.0,689,0
F,44,18500.0,647,1
F,29,30000.0,665,0
M,32,30000.0,667,0
M,25,10529.0,669,1
M,36,90000.0,671,10
M,37,22000.0,669,0
M,38,22000.0,711,1
F,25,35000.0,683,0
M,23,23000.0,680,0
M,35,30000.0,679,1
M,37,39000.0,689,12
F,36,16000.0,694,0
M,29,30000.0,655,1
M,36,25000.0,673,11
M,27,14500.0,675,0
M,30,22000.0,667,0
M,24,28000.0,684,0
M,29,13500.0,689,0
M,36,20000.0,685,2
M,32,40000.0,665,10
M,57,15000.0,705,0
M,42,2000.0,674,0
F,38,13500.0,684,0
M,35,50000.0,711,6
M,46,70000.0,725,2
M,22,30000.0,650,2
M,32,60000.0,667,4
M,24,15000.0,691,0
M,27,50000.0,686,0
M,37,28000.0,698,0
M,36,23000.0,687,1
M,33,43500.0,682,0
M,30,38000.0,692,0
M,34,24000.0,682,1
M,33,20000.0,667,0
M,35,20000.0,642,6
M,34,30000.0,702,0
M,27,15000.0,662,2
M,27,15000.0,669,0
F,35,21000.0,681,0
M,31,20000.0,663,0
M,35,28500.0,700,1
M,25,10000.0,662,0
M,38,14000.0,676,0
M,23,21000.0,656,0
M,22,20000.0,663,1
M,28,48000.0,697,0
M,51,28500.0,687,0
M,41,20000.0,684,0
M,31,18000.0,678,0
F,39,33500.0,668,0
M,25,19000.0,676,0
M,38,38000.0,673,0
F,23,15000.0,680,0
M,24,26000.0,621,0
M,42,20000.0,687,0
M,29,20000.0,684,0
M,26,55000.0,674,1
M,42,30000.0,699,1
M,27,19000.0,680,0
M,25,21500.0,674,2
M,37,30000.0,674,0
M,25,18000.0,697,0
M,54,8500.0,686,0
M,36,23000.0,730,0
M,40,23000.0,677,3
M,27,25000.0,679,0
M,31,22000.0,680,0
M,37,28000.0,678,0
M,51,28000.0,673,3
M,50,20000.0,667,0
M,32,25000.0,663,1
M,31,59000.0,681,0
M,26,14000.0,666,1
F,36,25000.0,687,0
F,23,12000.0,665,0
M,38,26000.0,652,0
M,49,28000.0,685,3
M,39,31500.0,728,0
M,35,18000.0,691,0
M,31,43000.0,671,0
M,41,22600.0,705,0
M,25,10000.0,682,0
M,29,35000.0,654,0
M,29,14800.0,681,0
M,28,18600.0,689,0
M,26,21500.0,685,0
M,32,30000.0,670,2
F,29,12000.0,669,0
F,42,6000.0,689,0
M,24,14300.0,659,0
M,50,48000.0,663,2
M,21,19000.0,646,1
M,39,50000.0,726,0
M,35,24000.0,710,0
M,31,11000.0,665,0
M,29,19000.0,695,0
M,38,38500.0,708,0
M,41,16500.0,688,0
M,34,45000.0,663,1
M,56,30000.0,756,6
M,29,22000.0,664,0
M,26,30000.0,679,0
M,23,25000.0,612,0
M,36,25000.0,699,0
M,31,12000.0,692,0
F,33,15000.0,698,0
M,42,18000.0,684,24
M,36,35000.0,695,0
M,52,33000.0,675,1
M,33,13500.0,682,1
M,32,20000.0,682,0
M,41,15000.0,680,0
M,50,15000.0,674,0
M,30,25000.0,682,0
M,34,30000.0,719,0
M,24,25000.0,676,0
F,25,15000.0,669,0
M,26,25000.0,684,7
M,31,14000.0,648,3
M,25,24000.0,673,1
M,35,75000.0,676,1
M,24,30000.0,678,0
M,24,20000.0,670,0
M,28,20000.0,668,4
F,26,25000.0,668,0
F,30,30000.0,665,2
F,38,29000.0,700,0
M,23,30000.0,695,0
M,35,15000.0,675,0
M,24,20000.0,673,0
M,28,26500.0,676,0
M,46,18000.0,683,0
M,24,18000.0,692,5
M,23,13000.0,684,0
M,50,18700.0,712,3
F,39,45000.0,673,7
M,40,40000.0,689,0
M,26,28000.0,653,1
M,27,46000.0,657,6
M,32,9000.0,679,4
M,48,33000.0,695,0
M,29,22500.0,686,11
F,27,15000.0,672,0
M,24,22000.0,695,0
M,28,20000.0,674,0
M,33,49000.0,709,1
M,26,18000.0,649,3
M,35,23000.0,649,9
M,39,26000.0,695,0
M,46,12500.0,708,0
M,26,7000.0,683,1
M,36,65000.0,620,2
M,25,25000.0,676,0
M,36,27000.0,677,0
M,37,28000.0,688,0
M,31,20000.0,680,0
M,27,25000.0,641,0
F,23,35000.0,668,0
M,22,13000.0,676,0
M,28,32000.0,671,14
M,32,25000.0,692,0
F,28,12.0,672,0
M,27,18000.0,678,0
M,29,25000.0,670,0
M,26,30000.0,654,0
M,38,20000.0,680,1
M,25,22000.0,684,0
M,28,27000.0,686,0
F,34,15000.0,624,0
M,31,20000.0,670,1
M,28,40000.0,665,0
M,28,22000.0,682,0
M,37,35000.0,672,0
M,57,45000.0,692,0
M,34,30000.0,710,3
M,34,32500.0,688,0
M,26,35000.0,643,0
M,47,50000.0,667,0
M,25,19000.0,680,0
M,49,50000.0,662,0
M,28,12000.0,684,0
M,23,24000.0,683,0
M,22,20000.0,672,0
M,33,22000.0,669,7
M,33,50000.0,664,0
M,23,22000.0,659,0
M,38,20000.0,679,0
M,31,25000.0,586,22
M,45,15000.0,746,0
M,31,20000.0,659,0
M,28,24000.0,728,1
F,47,35000.0,688,0
M,28,27958.0,646,0
M,23,28000.0,635,2
M,25,15000.0,682,0
M,29,25000.0,682,0
M,30,30000.0,686,13
M,32,30000.0,638,6
M,37,25000.0,685,12
M,27,25000.0,682,0
M,29,24000.0,677,0
M,31,35000.0,694,0
M,38,20000.0,698,4
M,47,25000.0,694,0
M,28,7590.0,697,0
M,29,25000.0,701,0
F,34,17000.0,694,1
F,51,25000.0,688,0
M,34,20000.0,657,6
F,38,21000.0,687,0
F,36,40000.0,697,0
F,26,21000.0,668,0
M,43,12800.0,675,0
M,30,23000.0,691,0
M,28,25000.0,684,0
M,43,40000.0,680,0
M,37,14000.0,679,0
F,55,19000.0,670,0
M,27,30000.0,642,12
F,42,10000.0,674,0
M,25,20000.0,667,1
M,24,22000.0,681,0
M,42,30000.0,675,1
M,28,13500.0,665,0
M,26,18000.0,680,1
M,26,27000.0,685,0
M,33,35000.0,684,0
M,25,17560.0,687,1
F,42,9500.0,702,0
M,45,35000.0,711,0
M,33,23000.0,693,0
F,28,20000.0,682,0
M,30,25000.0,688,0
M,29,35000.0,670,0
F,38,2000.0,689,0
F,45,10400.0,686,0
F,36,18000.0,678,0
M,48,30000.0,651,2
M,51,20000.0,678,0
M,41,20000.0,680,0
M,24,36000.0,682,0
M,47,20500.0,689,0
M,26,15000.0,681,0
M,28,8000.0,684,0
F,31,40000.0,668,3
M,25,35000.0,697,1
M,24,23000.0,653,0
M,38,38000.0,688,18
M,45,45000.0,724,0
M,46,30000.0,738,3
M,27,9000.0,672,2
F,53,10000.0,679,0
M,27,23000.0,653,4
M,24,25000.0,664,2
M,32,28000.0,667,18
M,25,40000.0,690,0
M,42,15500.0,679,0
M,29,32000.0,673,5
M,26,25000.0,653,1
M,24,14500.0,682,7
M,50,23000.0,670,0
M,38,20000.0,668,0
M,27,50000.0,709,0
M,34,29000.0,699,10
M,34,20000.0,708,0
M,26,23500.0,674,0
M,31,45000.0,690,0
M,43,28000.0,704,11
M,37,25000.0,667,0
M,49,30000.0,691,0
M,33,40000.0,675,0
M,26,28000.0,669,0
M,25,25000.0,674,0
M,59,50000.0,672,0
M,27,25000.0,692,0
M,28,25000.0,663,1
M,37,19800.0,679,0
M,38,15000.0,655,0
F,26,25000.0,671,0
M,50,20000.0,623,0
M,54,51000.0,682,12
M,43,280000.0,694,0
M,48,22000.0,673,0
M,38,23000.0,688,1
M,33,18000.0,673,0
M,27,20000.0,685,0
M,42,20000.0,705,0
M,26,30000.0,654,5
M,56,45000.0,694,0
M,27,48000.0,686,0
M,49,25000.0,666,41
M,49,19000.0,635,0
F,31,24000.0,667,0
M,42,45000.0,731,10
M,43,23000.0,678,0
M,24,35000.0,677,0
M,22,20000.0,666,0
M,42,20000.0,667,2
M,23,17000.0,686,0
M,28,27000.0,674,0
M,34,42500.0,695,0
M,30,60000.0,661,0
M,29,14000.0,681,0
M,28,16550.0,642,2
M,27,30000.0,669,0
M,38,25000.0,642,17
M,37,18500.0,694,8
M,36,13500.0,666,3
M,48,15000.0,692,0
M,45,15000.0,665,3
M,34,25000.0,667,0
F,37,13500.0,668,3
M,22,15000.0,699,0
M,22,18000.0,663,0
M,21,33000.0,678,0
M,47,31000.0,669,0
M,21,18000.0,691,0
M,33,30000.0,676,16
M,31,25000.0,670,4
F,21,27000.0,691,0
M,26,19000.0,685,2
M,36,22000.0,714,0
M,34,34000.0,684,3
M,22,22000.0,630,1
M,29,16000.0,644,1
M,34,25000.0,716,0
M,32,17000.0,656,0
M,46,45000.0,740,0
M,32,20000.0,679,0
M,27,18000.0,670,0
M,25,13000.0,674,0
M,35,12500.0,701,0
M,24,31500.0,662,0
F,31,25000.0,677,0
M,28,30000.0,678,0
F,41,15000.0,681,0
M,28,27000.0,659,0
M,30,30000.0,674,0
F,51,20000.0,681,1
M,41,30000.0,692,0
M,32,40000.0,670,0
M,33,32000.0,683,4
M,23,24500.0,655,0
M,24,60000.0,684,1
M,40,25000.0,682,0
M,32,14000.0,688,1
F,36,43000.0,653,3
M,33,43000.0,671,1
M,27,26500.0,660,0
M,22,15000.0,668,0
M,35,42000.0,719,0
M,28,24500.0,657,0
F,21,10000.0,632,1
F,34,30000.0,680,1
F,34,45000.0,625,0
M,26,37500.0,641,0
M,24,12.0,679,0
F,24,16000.0,650,0
M,34,43000.0,680,0
M,33,18000.0,688,0
M,37,70000.0,679,3
M,30,17000.0,701,9
M,29,23000.0,714,0
M,26,24000.0,680,0
M,35,20000.0,686,0
M,51,39000.0,722,0
M,22,65000.0,695,0
M,40,12000.0,681,0
M,22,40000.0,681,0
M,22,45000.0,618,0
M,23,18500.0,675,0
M,24,56000.0,667,0
M,27,22600.0,658,2
M,33,20000.0,674,0
M,33,13000.0,663,0
M,38,10000.0,672,3
M,27,18000.0,708,0
M,25,16000.0,685,0
M,39,28000.0,689,0
M,56,37000.0,681,0
M,49,45000.0,688,0
M,44,14500.0,686,0
M,31,35000.0,670,2
F,25,23000.0,673,1
M,26,45000.0,647,0
M,32,14000.0,678,0
M,26,13000.0,656,5
M,38,35000.0,696,0
F,45,16900.0,681,0
M,39,22500.0,681,0
M,36,55000.0,695,0
M,43,23000.0,697,0
M,32,23500.0,677,0
M,32,30000.0,677,0
M,31,8000.0,671,6
M,27,14000.0,685,15
M,23,22000.0,666,5
M,31,25000.0,713,0
M,33,22800.0,695,0
M,24,32000.0,682,0
M,35,32000.0,670,4
M,36,18000.0,664,0
M,38,40000.0,699,0
M,53,15000.0,678,6
M,42,12500.0,719,0
M,35,21000.0,644,1
M,32,45000.0,669,0
M,27,18500.0,681,0
M,29,35000.0,676,4
M,22,35000.0,697,0
F,32,30000.0,694,0
M,33,23000.0,664,0
M,25,45000.0,675,0
M,39,17000.0,691,0
M,62,30000.0,701,0
M,37,18000.0,702,6
M,34,25000.0,671,0
M,24,18000.0,655,1
M,28,65000.0,653,0
M,44,15000.0,663,1
M,34,22000.0,671,1
M,31,28000.0,734,0
M,39,40000.0,716,0
M,50,30000.0,675,3
F,39,13000.0,690,0
M,50,40000.0,675,2
M,21,45000.0,679,0
M,32,90000.0,703,0
M,53,35000.0,670,4
M,25,38000.0,662,12
M,23,30000.0,680,0
M,22,20000.0,704,0
M,33,22000.0,682,2
M,33,17000.0,690,0
M,22,16500.0,675,0
M,22,23000.0,684,0
M,22,20000.0,678,0
M,29,16090.0,672,0
F,38,16500.0,676,0
M,35,30000.0,684,8
M,26,25000.0,663,1
M,22,62000.0,675,0
M,24,15000.0,660,0
F,48,28542.0,614,0
M,39,3200.0,686,0
M,23,22000.0,661,0
M,44,29000.0,670,2
M,22,70000.0,647,0
M,48,17000.0,689,0
M,34,25000.0,674,0
M,23,28000.0,686,0
F,37,554640.0,664,0
F,41,15000.0,681,0
M,40,30000.0,684,0
M,40,14000.0,694,0
M,28,22000.0,682,10
M,34,12895.0,659,4
M,29,30000.0,650,13
M,27,18000.0,689,0
M,31,25000.0,677,0
F,50,20000.0,669,0
M,26,40000.0,703,0
M,24,45000.0,682,0
M,24,13000.0,692,0
M,46,10000.0,680,0
M,28,44000.0,686,0
M,28,24000.0,665,2
M,34,50000.0,683,0
M,23,25000.0,691,22
M,23,35000.0,625,0
M,41,20000.0,650,1
M,30,29500.0,662,1
M,60,25000.0,693,0
M,32,30000.0,673,0
M,38,22000.0,679,0
M,31,23000.0,670,0
M,24,50000.0,666,0
M,34,18000.0,646,1
M,51,20000.0,693,0
M,44,29000.0,681,2
M,28,32500.0,684,0
M,26,30000.0,694,0
M,24,35000.0,682,0
M,41,25000.0,673,0
M,30,30000.0,689,0
M,31,30000.0,702,10
M,32,24000.0,693,0
M,22,17000.0,686,0
F,35,10000.0,673,0
M,26,20000.0,631,4
M,24,18000.0,671,0
M,33,25000.0,677,0
M,43,21000.0,688,0
M,36,50000.0,648,5
M,32,12000.0,686,8
F,42,18000.0,664,3
M,45,25000.0,673,0
M,42,27000.0,672,0
M,28,60000.0,651,1
M,35,15000.0,708,6
F,34,20000.0,684,0
M,32,35000.0,672,0
M,41,22000.0,673,0
M,36,34000.0,694,0
M,41,15000.0,691,0
M,29,20426.0,661,0
M,24,20000.0,483,0
M,23,21000.0,670,0
F,31,17000.0,660,0
F,43,28000.0,680,0
F,43,10800.0,688,0
M,26,19800.0,656,9
M,40,25000.0,692,0
M,42,18000.0,684,11
M,38,25000.0,668,1
M,32,50000.0,687,0
M,29,20000.0,707,0
M,25,15000.0,664,4
M,34,17000.0,665,0
M,48,50000.0,696,0
M,28,20000.0,667,9
M,33,21500.0,669,0
M,22,13400.0,672,0
M,27,28000.0,668,0
M,52,24500.0,727,0
F,43,18000.0,678,0
M,33,24000.0,670,0
M,35,40000.0,695,0
M,22,18000.0,675,0
M,27,10500.0,674,0
M,29,14500.0,679,0
M,27,25000.0,681,0
M,49,23400.0,661,14
M,29,10500.0,650,4
M,42,34000.0,671,2
F,21,25000.0,660,1
M,41,23000.0,674,0
F,30,39000.0,643,2
M,42,20000.0,700,0
M,28,37000.0,690,0
M,21,24000.0,634,0
F,36,60000.0,678,0
M,33,2000.0,674,3
M,47,33000.0,700,0
M,44,18000.0,659,0
M,24,25000.0,661,0
M,40,20000.0,685,0
M,21,31000.0,665,0
F,40,25000.0,674,0
M,32,15000.0,685,0
F,33,20000.0,665,0
M,36,8000.0,681,0
M,29,20000.0,689,0
M,22,35000.0,661,0
M,29,50000.0,676,1
M,28,21000.0,697,0
F,33,15000.0,675,0
M,24,15000.0,676,0
M,24,22000.0,663,0
M,29,30000.0,668,0
M,47,30000.0,706,0
M,25,30000.0,641,1
M,25,30000.0,665,0
F,31,8500.0,654,1
F,40,13500.0,686,0
M,52,20000.0,722,0
M,29,16000.0,655,2
M,37,15000.0,670,0
M,30,35000.0,638,0
M,39,17000.0,669,4
M,57,13000.0,679,0
M,21,14000.0,637,0
M,36,50457.0,670,0
M,33,15000.0,682,0
M,21,16000.0,674,0
M,30,40000.0,662,11
M,23,20000.0,666,0
F,46,28000.0,661,0
M,35,17000.0,647,0
M,23,15000.0,667,0
M,39,17000.0,701,0
M,32,28000.0,668,0
M,35,15000.0,695,0
M,26,17000.0,673,0
M,27,45000.0,682,0
F,47,22500.0,675,3
M,33,20000.0,688,0
M,29,18000.0,645,3
M,24,18000.0,678,0
M,27,18000.0,662,2
M,39,16000.0,699,0
M,22,28000.0,680,0
M,28,32500.0,716,23
M,28,35000.0,623,0
M,31,25000.0,701,0
M,38,15000.0,682,0
M,32,14500.0,681,0
M,47,29000.0,742,45
M,22,10000.0,678,0
M,38,25000.0,694,0
M,25,11000.0,678,3
M,32,14000.0,696,0
M,24,15000.0,660,0
M,46,44000.0,729,1
M,25,25000.0,679,0
M,22,28000.0,683,0
M,36,18000.0,678,0
M,27,24000.0,685,0
M,26,22000.0,671,1
M,49,20000.0,677,0
M,32,30000.0,693,0
M,46,18000.0,678,0
F,32,20000.0,685,0
M,23,27000.0,678,0
F,33,12000.0,688,0
M,42,30000.0,682,0
M,23,15000.0,664,0
M,21,40000.0,663,1
F,38,13500.0,675,1
M,30,23000.0,653,7
M,26,16000.0,647,0
M,61,14000.0,720,0
F,44,10000.0,681,0
M,56,20000.0,695,0
M,22,16000.0,683,0
M,46,23500.0,648,0
M,31,22000.0,693,0
M,42,19000.0,671,2
M,28,12000.0,649,2
M,41,35000.0,724,0
M,34,20000.0,671,0
M,25,14000.0,684,4
M,35,18000.0,683,0
M,24,15000.0,679,0
M,29,25000.0,647,5
M,24,35000.0,696,0
M,34,20000.0,726,0
M,26,17800.0,685,0
M,52,35000.0,741,4
M,35,22000.0,678,0
M,32,40000.0,697,6
M,23,16500.0,664,0
M,38,50000.0,679,0
M,24,44000.0,680,0
M,26,35000.0,671,0
F,28,20000.0,682,0
M,47,23000.0,698,0
M,33,26000.0,709,0
M,36,18000.0,690,0
M,27,22000.0,672,2
M,39,40000.0,674,0
M,25,29500.0,673,4
M,42,18200.0,708,3
M,32,11000.0,686,0
M,47,28000.0,676,0
M,24,18000.0,673,10
M,23,15000.0,657,2
M,35,12500.0,709,0
M,30,14000.0,684,0
F,26,35000.0,658,2
M,28,20000.0,659,0
F,27,12000.0,645,1
M,48,34000.0,715,0
M,31,27000.0,675,2
M,27,20000.0,659,0
M,39,35000.0,732,0
F,28,10000.0,671,10
M,27,28000.0,659,0
F,28,48000.0,663,0
M,34,20000.0,680,0
M,36,23000.0,682,0
M,34,15000.0,723,15
M,28,32000.0,694,0
M,28,12000.0,688,0
M,31,23000.0,703,0
M,23,33000.0,687,0
M,35,15000.0,705,9
M,42,22500.0,676,0
M,30,20000.0,682,0
M,59,32000.0,688,0
M,36,15000.0,649,7
M,24,42000.0,627,8
M,37,15000.0,667,0
M,34,37000.0,731,0
M,29,35000.0,655,1
M,24,23000.0,695,0
M,37,16600.0,682,0
M,21,20000.0,680,0
M,37,45000.0,637,5
M,35,43000.0,702,0
F,49,25000.0,656,3
M,41,9000.0,711,0
M,23,30000.0,624,1
M,22,9000.0,643,0
M,27,36000.0,691,0
F,33,9000.0,658,0
M,30,25000.0,721,0
M,26,10000.0,680,0
M,28,13800.0,682,0
M,49,21000.0,674,0
M,48,19000.0,683,0
M,42,10500.0,676,0
M,27,15000.0,674,0
M,32,88906.0,669,1
F,34,40000.0,679,6
F,21,23000.0,654,0
F,38,24000.0,721,0
M,43,15000.0,689,4
M,32,25000.0,709,0
M,37,16000.0,690,4
M,22,22000.0,678,4
M,36,28000.0,678,8
M,42,20000.0,721,7
F,46,14000.0,682,0
M,28,25000.0,683,0
M,55,32500.0,677,0
M,25,15000.0,685,0
M,36,40000.0,690,13
M,25,50000.0,689,0
M,26,25000.0,674,1
M,53,32000.0,735,0
M,60,18000.0,681,0
M,24,22000.0,648,0
M,27,20000.0,686,0
M,22,19988.0,663,0
M,39,30000.0,672,1
M,35,30000.0,660,0
M,22,30000.0,649,0
M,51,15000.0,672,14
M,26,18000.0,691,5
M,37,19000.0,691,0
M,38,24000.0,691,0
F,29,22000.0,679,1
M,41,12000.0,698,0
M,36,35000.0,669,0
M,37,12000.0,658,0
M,35,18000.0,676,9
F,40,18000.0,669,0
M,39,24200.0,686,0
M,36,38000.0,720,3
M,34,25000.0,689,0
M,29,22000.0,681,0
M,40,20000.0,697,0
M,48,28500.0,658,2
F,24,19000.0,675,0
M,24,36000.0,700,0
M,42,11500.0,756,0
M,30,18000.0,670,6
M,26,30000.0,680,0
M,38,25000.0,666,0
F,28,40000.0,686,0
M,33,13000.0,682,0
M,45,32000.0,709,0
M,24,22500.0,687,0
M,38,25000.0,653,0
M,37,43000.0,683,0
M,27,20000.0,675,0
M,35,18000.0,632,0
M,29,35000.0,690,0
M,25,15000.0,673,1
M,36,20000.0,664,0
M,32,25000.0,687,0
M,28,32000.0,677,3
M,37,27000.0,669,9
M,35,25000.0,652,4
M,46,20000.0,663,15
M,24,19000.0,670,0
M,53,22600.0,677,0
M,37,30000.0,681,14
M,32,25000.0,668,0
M,45,34000.0,713,0
F,29,79000.0,675,0
M,22,15000.0,654,11
M,48,25000.0,670,1
M,30,60000.0,676,0
M,29,25000.0,624,8
M,37,45000.0,674,0
M,43,23700.0,700,0
M,35,32000.0,679,0
M,48,29000.0,661,0
F,33,18000.0,668,6
M,42,22000.0,689,8
F,54,20000.0,706,0
F,30,25000.0,687,0
M,41,29500.0,652,0
M,43,22000.0,695,6
M,22,15000.0,692,0
M,21,15000.0,690,0
M,32,10000.0,687,0
M,40,20000.0,695,0
M,30,19000.0,687,0
M,37,28000.0,677,20
M,25,14000.0,589,10
M,38,30000.0,672,0
M,25,50000.0,681,0
M,36,15000.0,660,3
M,39,35000.0,682,0
M,25,12000.0,683,3
M,34,35000.0,681,0
M,36,47000.0,678,0
M,51,23500.0,686,0
M,38,40000.0,725,0
M,38,15000.0,690,0
M,27,35000.0,672,0
M,36,32000.0,651,1
F,56,12000.0,677,0
M,35,45000.0,701,19
M,33,33500.0,699,12
F,43,29000.0,665,1
M,24,20000.0,688,0
M,38,30000.0,686,0
M,39,39500.0,685,0
M,28,14500.0,690,0
M,30,25000.0,693,0
M,24,23000.0,645,0
M,30,12000.0,653,1
F,39,9000.0,682,0
M,46,48000.0,678,6
F,51,16000.0,689,0
M,27,70000.0,645,12
M,48,25000.0,673,0
M,24,30000.0,686,1
M,32,22000.0,707,0
M,46,25000.0,661,0
M,36,37500.0,696,2
M,23,15000.0,669,0
M,34,38000.0,722,3
M,30,18000.0,672,0
M,34,60000.0,654,0
M,30,25000.0,697,0
M,25,19000.0,660,5
M,23,14000.0,669,0
M,31,20000.0,698,9
M,30,19600.0,672,0
M,24,26000.0,584,0
M,40,14500.0,668,1
M,23,15000.0,672,1
M,27,13586.0,679,0
M,31,51000.0,690,0
M,31,37000.0,690,0
M,43,30000.0,720,11
M,49,24000.0,695,0
M,25,18000.0,642,2
M,22,16330.0,660,0
M,30,18000.0,677,0
M,33,15000.0,690,0
M,35,1.0,671,0
M,26,15000.0,682,0
M,22,18000.0,667,0
M,29,35000.0,667,0
M,34,27000.0,661,0
M,28,65784.0,685,3
M,27,23000.0,666,0
M,29,22000.0,707,0
M,30,25000.0,688,0
M,35,25000.0,670,24
M,61,35000.0,677,8
M,33,32000.0,708,0
M,23,30000.0,677,1
M,39,40000.0,688,0
M,23,21000.0,678,0
M,47,35000.0,685,6
M,31,13500.0,669,4
M,36,39000.0,664,0
M,24,19000.0,664,0
M,25,20000.0,687,1
M,30,25000.0,666,4
M,25,13000.0,724,0
M,25,20000.0,673,0
M,37,48000.0,663,6
M,22,25900.0,683,0
M,26,18000.0,676,0
M,25,17000.0,686,0
M,33,12000.0,687,0
M,50,25000.0,697,0
F,31,18000.0,663,0
M,42,20000.0,702,0
F,34,12000.0,667,16
M,35,40000.0,685,1
M,21,16000.0,694,0
M,40,23000.0,661,3
M,24,29000.0,649,4
M,42,30000.0,691,0
M,23,28000.0,674,0
M,38,22500.0,696,2
M,41,40000.0,674,0
M,27,30000.0,678,0
F,46,20000.0,643,13
M,38,40000.0,663,0
M,27,30000.0,666,11
M,31,25000.0,662,1
M,24,75000.0,636,1
M,41,20000.0,667,6
M,42,95000.0,673,0
M,35,10000.0,700,0
M,23,19500.0,670,0
M,32,39000.0,714,3
M,35,12000.0,658,6
M,30,40000.0,657,1
M,32,60000.0,673,4
M,26,30000.0,671,6
M,24,20000.0,680,0
M,28,11000.0,707,0
M,27,33500.0,679,1
F,35,11000.0,684,0
M,52,50000.0,683,0
M,30,48000.0,708,0
M,29,35000.0,645,1
M,57,48000.0,740,0
M,49,30000.0,680,0
M,32,16000.0,712,2
F,34,12000.0,674,0
M,30,12990.0,673,1
M,30,15000.0,692,0
M,29,55000.0,691,0
M,25,50000.0,681,2
F,26,30000.0,687,0
M,49,23900.0,661,1
M,43,59000.0,694,0
M,26,22500.0,675,6
M,33,25000.0,703,0
M,34,25000.0,701,0
M,38,15000.0,680,0
M,46,25000.0,675,1
M,45,25000.0,690,0
F,28,20500.0,663,2
M,30,12000.0,664,1
M,25,16000.0,629,3
M,23,28500.0,667,0
M,27,20000.0,690,0
M,25,35000.0,690,0
M,50,38000.0,660,0
M,48,65000.0,724,0
M,47,15000.0,679,5
M,50,25000.0,674,0
M,44,30000.0,679,0
M,29,20000.0,687,0
M,25,40000.0,631,0
M,37,28000.0,680,0
F,49,18000.0,700,2
M,40,25000.0,671,1
M,32,22000.0,657,2
M,31,15000.0,684,0
M,47,53000.0,729,6
M,45,20000.0,665,9
M,35,18500.0,659,1
M,28,30000.0,664,2
M,31,23000.0,700,0
M,41,16000.0,681,2
M,40,28500.0,702,0
M,26,35000.0,683,0
M,31,18000.0,690,0
M,33,15000.0,723,1
M,31,40000.0,660,3
M,45,13500.0,703,0
M,30,18000.0,697,0
M,30,27764.0,691,0
F,33,10000.0,676,0
M,30,8500.0,670,0
M,38,28000.0,706,0
M,23,30000.0,677,0
M,23,39000.0,666,0
M,44,15000.0,698,0
M,32,78000.0,702,8
M,36,50000.0,696,0
M,57,45500.0,667,0
M,34,30000.0,648,0
M,29,22000.0,687,1
M,44,28000.0,667,1
F,28,18000.0,685,0
M,33,28000.0,661,0
M,30,18000.0,698,11
M,34,13500.0,696,0
M,34,17500.0,677,0
M,28,19000.0,686,0
M,31,45000.0,693,0
M,24,20000.0,678,0
M,25,16500.0,676,10
M,29,28000.0,672,0
M,30,10000.0,693,0
M,25,22000.0,681,0
F,44,40000.0,688,0
M,40,25000.0,679,0
M,30,14800.0,661,0
M,24,15000.0,651,2
M,23,13000.0,685,0
F,30,7000.0,664,0
M,41,30000.0,672,1
M,23,25000.0,660,0
F,35,16000.0,670,0
M,36,12000.0,668,0
M,24,12000.0,669,0
M,37,34500.0,682,0
M,23,20500.0,626,0
M,30,36400.0,694,0
M,45,25000.0,724,0
M,40,15000.0,691,1
M,24,25000.0,658,0
M,25,24000.0,665,0
M,25,14000.0,686,1
M,32,20000.0,702,9
M,26,35000.0,672,0
M,26,19000.0,668,0
M,31,15000.0,686,0
F,26,10000.0,662,1
M,27,28000.0,633,2
M,47,14000.0,681,5
M,24,17000.0,672,6
M,27,25000.0,686,0
M,25,15000.0,645,1
M,29,10000.0,685,4
M,22,15000.0,660,0
M,51,20000.0,671,0
M,44,11000.0,655,2
M,25,18000.0,653,1
M,42,35000.0,695,1
M,29,13900.0,684,12
M,38,12000.0,671,1
F,42,20000.0,679,0
M,29,32790.0,674,0
M,38,25000.0,702,0
M,43,35000.0,666,0
M,31,38000.0,673,6
M,58,30000.0,691,0
M,41,20000.0,686,0
M,33,28500.0,712,14
M,29,18500.0,679,0
M,40,20000.0,678,0
M,27,25000.0,690,0
M,44,20000.0,703,7
M,29,50000.0,682,0
M,38,25000.0,673,1
M,42,16000.0,698,9
M,34,20000.0,655,0
M,27,35000.0,657,0
M,34,22500.0,666,4
M,23,30000.0,678,0
M,41,45000.0,684,0
F,26,25000.0,682,0
M,45,35000.0,675,6
M,26,20000.0,649,1
M,27,25000.0,670,0
M,65,23000.0,701,0
M,58,25000.0,714,0
M,54,32500.0,727,15
M,35,10000.0,699,0
M,32,16085.0,695,0
M,37,22500.0,704,8
M,31,15000.0,684,0
M,26,26000.0,672,3
M,24,42500.0,615,0
M,27,20000.0,620,0
M,25,14000.0,670,0
M,26,40000.0,692,0
M,52,35000.0,688,0
M,28,17500.0,651,5
M,32,30000.0,679,0
M,40,45000.0,674,0
M,30,37000.0,689,0
M,53,15000.0,690,0
M,42,28000.0,702,0
F,36,58000.0,712,0
F,61,35000.0,704,0
M,46,23900.0,672,2
F,59,12000.0,674,1
M,24,15000.0,666,0
M,30,22000.0,664,2
M,30,35000.0,661,15
M,32,40000.0,671,0
M,44,20000.0,673,0
F,36,17000.0,679,0
M,25,25000.0,688,0
M,28,19000.0,665,0
F,37,25000.0,718,0
M,50,16400.0,710,0
M,48,25000.0,683,16
M,22,28000.0,705,0
M,49,35000.0,682,1
M,26,18000.0,687,0
M,32,26000.0,652,0
M,39,25000.0,693,0
M,34,20000.0,683,2
M,31,28000.0,683,0
M,31,25000.0,672,2
M,38,42000.0,652,4
M,50,25000.0,719,0
M,36,17000.0,676,0
F,49,20000.0,689,0
M,22,21000.0,627,2
M,28,12000.0,682,0
M,35,26000.0,672,0
M,22,15000.0,658,0
M,25,20000.0,702,0
M,27,17900.0,708,0
M,28,8000.0,667,1
M,33,23500.0,680,0
M,29,22000.0,685,0
F,58,25800.0,685,0
M,45,22000.0,733,0
M,22,18000.0,663,1
M,25,18000.0,689,0
M,47,45000.0,710,0
M,39,25500.0,684,0
M,38,45000.0,698,0
F,38,20000.0,675,0
M,32,20000.0,634,0
M,27,25000.0,683,0
M,33,30000.0,693,0
M,21,20000.0,682,0
M,23,31000.0,683,0
M,24,18000.0,680,0
M,40,18000.0,713,0
M,36,22000.0,686,0
M,25,20000.0,700,0
M,30,30000.0,676,9
M,44,20000.0,683,0
M,52,20000.0,664,0
M,28,35000.0,661,0
M,38,15000.0,687,5
M,30,30000.0,681,0
M,46,35000.0,770,11
M,25,21000.0,662,0
M,30,13000.0,673,0
M,34,28000.0,683,0
M,34,18000.0,679,0
M,28,19500.0,674,0
M,25,26.0,681,7
M,36,23000.0,669,0
M,29,35000.0,678,0
M,49,22000.0,688,0
M,29,18500.0,689,7
M,36,3000.0,696,35
M,43,16000.0,703,0
M,32,18000.0,683,0
F,38,32000.0,653,2
M,40,15000.0,713,0
M,35,40000.0,686,0
M,33,15000.0,683,0
M,53,25000.0,696,0
M,29,24000.0,681,0
M,31,32000.0,716,1
M,48,12000.0,731,1
M,54,15000.0,768,3
F,36,20000.0,671,5
M,35,20000.0,675,0
M,39,15000.0,737,6
M,27,18000.0,698,0
M,27,15000.0,655,0
M,50,28500.0,717,0
M,23,30000.0,663,0
M,28,25000.0,645,2
M,24,25000.0,640,1
F,34,25000.0,702,19
M,43,50000.0,680,0
M,29,10000.0,683,0
M,30,20000.0,658,6
M,37,28000.0,675,0
M,31,35000.0,679,5
M,28,14000.0,664,11
F,41,12000.0,687,0
M,31,28000.0,671,0
F,39,18000.0,683,0
M,43,21000.0,671,0
M,24,15000.0,686,0
F,58,40000.0,641,0
M,36,27000.0,695,0
M,38,16000.0,675,0
M,36,10000.0,674,1
M,26,30000.0,685,0
M,27,28000.0,657,0
M,30,15000.0,685,0
M,25,25000.0,698,0
M,28,15000.0,701,0
M,22,50000.0,669,0
M,26,20000.0,689,0
F,39,30000.0,688,0
M,34,23500.0,627,0
M,35,12500.0,709,0
F,25,69000.0,690,0
F,41,25000.0,667,0
M,23,15000.0,684,0
M,32,26000.0,640,1
F,24,2.0,689,0
M,36,19800.0,665,9
M,36,62000.0,642,1
M,21,12000.0,690,0
M,25,15000.0,666,0
M,32,21000.0,672,19
M,25,58000.0,681,0
F,28,14000.0,689,0
M,32,50000.0,698,19
M,28,15000.0,714,0
M,41,40000.0,731,0
M,27,15000.0,697,0
M,24,20000.0,677,0
M,33,26000.0,667,8
M,26,35000.0,688,3
M,36,40000.0,674,0
M,47,15000.0,706,0
M,30,30000.0,654,2
M,42,15000.0,682,0
M,34,17000.0,709,0
M,25,30000.0,664,1
M,29,12000.0,665,0
F,24,15000.0,637,0
M,41,26000.0,691,0
M,37,35000.0,676,0
M,39,24000.0,686,0
M,38,25000.0,663,14
M,43,30000.0,677,0
M,23,25000.0,661,8
M,42,22600.0,689,0
M,35,25000.0,670,2
M,31,30000.0,671,7
M,36,63000.0,749,9
M,43,30000.0,673,0
M,22,15250.0,652,0
M,26,45000.0,656,1
M,48,31500.0,687,0
M,24,16000.0,680,0
M,42,40000.0,668,1
F,28,12000.0,667,2
M,24,12000.0,665,1
F,34,25000.0,673,0
M,41,25000.0,662,0
M,46,18000.0,698,1
M,44,30000.0,688,0
M,37,20000.0,707,4
M,28,43000.0,679,0
M,31,39347.0,672,0
M,33,25000.0,739,17
M,46,40000.0,711,8
M,26,14000.0,680,0
M,27,33000.0,693,3
M,24,25000.0,662,9
M,32,12000.0,676,2
M,24,38000.0,651,1
F,38,45000.0,705,0
M,31,25000.0,692,0
M,38,15000.0,683,0
M,30,17500.0,710,0
M,35,21000.0,690,0
M,27,12000.0,680,0
M,58,38960.0,693,0
M,41,25000.0,678,2
M,21,16000.0,669,0
M,41,18000.0,690,1
M,26,40000.0,673,2
M,27,25000.0,676,1
M,29,16000.0,687,0
M,44,65000.0,700,0
M,34,32000.0,685,0
F,43,23000.0,717,0
M,30,30000.0,684,0
M,36,18000.0,693,0
M,22,18000.0,692,0
M,27,36000.0,684,2
M,35,20000.0,687,0
M,34,19000.0,691,1
F,32,18000.0,679,0
M,30,18000.0,708,0
M,49,30000.0,676,4
M,37,25000.0,656,1
M,33,43000.0,658,0
M,26,50000.0,683,0
M,32,30000.0,669,0
M,39,22000.0,695,0
M,35,12.0,689,0
M,30,22000.0,684,0
M,33,23000.0,703,0
M,35,20000.0,677,0
M,46,50000.0,682,10
M,46,12500.0,686,0
M,29,12000.0,683,0
M,40,26000.0,665,8
M,31,22000.0,701,0
M,33,19000.0,686,0
M,27,20000.0,667,0
F,43,24000.0,691,0
M,42,31600.0,690,0
M,26,14000.0,671,0
M,32,25000.0,661,0
M,24,31000.0,676,0
M,58,40000.0,725,0
M,36,31000.0,692,1
M,30,40000.0,673,2
M,43,60000.0,661,1
M,24,23000.0,654,0
M,27,35000.0,680,1
M,23,25000.0,674,0
M,44,35000.0,702,3
M,25,19000.0,678,0
F,29,15000.0,734,0
F,24,6500.0,680,0
M,43,14500.0,693,0
M,28,18000.0,662,0
M,47,25000.0,704,0
F,32,20000.0,662,0
M,43,15000.0,670,0
M,21,15000.0,687,0
M,42,15000.0,679,0
M,28,18000.0,672,0
F,44,40000.0,683,0
M,44,20000.0,669,0
M,34,20000.0,673,2
M,35,15000.0,644,2
M,24,83000.0,676,0
M,48,15000.0,680,0
M,41,25000.0,713,5
M,39,35000.0,690,0
M,29,20000.0,694,0
F,35,20000.0,686,0
F,36,15000.0,695,0
M,39,30000.0,681,6
M,23,25000.0,654,3
M,22,16000.0,678,0
F,25,35000.0,675,0
M,31,52000.0,661,0
M,24,24800.0,677,0
M,36,20000.0,675,11
M,32,30000.0,689,0
M,30,10.0,686,0
M,21,15000.0,668,2
M,45,15000.0,664,2
M,31,30000.0,682,0
M,39,30000.0,711,0
F,41,22000.0,672,0
M,25,20000.0,657,0
F,43,20000.0,670,0
M,22,22000.0,665,0
M,46,27800.0,673,0
M,21,19000.0,674,0
M,23,30000.0,680,0
M,51,25000.0,674,0
M,23,38600.0,680,0
F,36,36000.0,672,2
M,49,35000.0,682,0
M,22,70000.0,643,0
M,45,34000.0,726,0
M,31,18000.0,680,0
M,24,20000.0,671,1
M,30,20000.0,669,0
M,38,25000.0,713,0
M,33,15000.0,666,0
M,38,29000.0,743,0
M,28,32000.0,689,0
M,34,15000.0,685,0
M,28,22000.0,630,4
M,23,45000.0,651,7
M,34,36000.0,675,18
M,35,32000.0,698,10
M,24,16500.0,659,0
M,35,30000.0,674,2
F,21,68000.0,664,0
M,33,45000.0,669,0
M,34,34500.0,674,15
M,40,22000.0,660,5
M,27,15600.0,678,0
M,25,25000.0,684,0
M,29,30000.0,679,0
M,49,25000.0,713,0
M,21,38000.0,672,0
F,43,30000.0,682,0
M,25,13000.0,679,0
F,37,15000.0,693,0
M,33,51000.0,685,0
F,32,19000.0,696,0
M,27,1.0,687,0
F,28,35000.0,680,0
M,23,15000.0,682,0
M,26,17000.0,668,4
M,33,44000.0,671,0
M,46,32000.0,696,0
M,42,25000.0,667,1
M,23,20000.0,689,0
M,30,40000.0,672,0
M,43,16000.0,677,0
F,36,20000.0,664,4
M,40,40000.0,675,0
M,28,15000.0,655,0
M,32,150000.0,678,24
M,40,43000.0,684,1
M,28,30000.0,701,0
M,46,15000.0,672,2
M,21,15000.0,664,2
M,27,20000.0,691,0
F,31,20000.0,673,0
M,42,50000.0,719,0
M,34,37000.0,652,0
M,44,40000.0,644,0
M,30,40000.0,682,7
M,46,40000.0,678,0
M,36,19000.0,709,0
M,33,20000.0,695,0
M,23,16000.0,680,0
M,30,22000.0,693,0
M,47,20000.0,663,0
M,37,25000.0,675,0
M,33,22000.0,679,3
M,41,20000.0,664,2
M,43,40000.0,694,0
M,27,17000.0,672,0
M,39,25000.0,703,0
M,21,16000.0,637,3
M,36,40000.0,665,11
M,22,9950.0,690,0
M,29,40000.0,669,0
M,40,23000.0,701,0
M,26,14500.0,680,0
M,21,10000.0,673,0
M,25,36400.0,680,1
F,55,20000.0,660,8
M,23,30000.0,661,2
M,26,8000.0,648,6
M,25,24000.0,643,5
F,45,20000.0,666,0
M,36,25000.0,669,0
M,50,45000.0,758,9
M,30,15000.0,609,26
M,36,40000.0,636,0
F,43,20000.0,685,0
M,23,18000.0,666,0
M,41,40000.0,643,0
M,31,30000.0,690,7
M,40,21000.0,716,0
M,25,20000.0,666,0
M,21,10000.0,682,0
M,24,10.0,669,0
M,21,13000.0,689,0
M,40,20000.0,670,0
M,29,31500.0,657,2
F,51,10000.0,671,0
M,35,38000.0,687,0
M,26,27000.0,676,0
M,34,15000.0,662,4
M,22,15000.0,656,2
M,43,15000.0,692,0
M,30,20000.0,678,0
M,25,25000.0,669,2
M,31,10000.0,702,0
M,41,18700.0,712,0
M,35,23000.0,688,0
F,35,17000.0,669,1
M,43,40000.0,676,0
M,54,35000.0,683,0
M,34,30000.0,684,0
M,25,40000.0,659,0
M,29,16000.0,681,0
M,51,28000.0,689,0
M,39,30000.0,641,0
M,27,22000.0,698,0
M,40,30000.0,658,9
M,44,23100.0,690,1
M,33,15990.0,674,1
M,34,23000.0,680,0
M,24,25000.0,662,0
F,50,15000.0,682,0
M,34,25000.0,682,2
M,27,12000.0,666,2
M,22,18000.0,690,0
M,27,20000.0,678,1
F,29,40000.0,672,8
M,35,18000.0,649,3
M,29,12000.0,671,0
M,24,28000.0,644,27
M,42,50000.0,684,0
M,31,29000.0,692,0
M,35,25000.0,677,0
M,27,39000.0,663,0
M,29,32000.0,685,0
M,27,14000.0,655,1
M,28,48000.0,679,0
M,47,22000.0,687,0
M,35,30000.0,681,3
M,21,35000.0,663,7
M,42,15000.0,694,0
F,29,11200.0,651,1
M,42,30000.0,688,0
F,27,22000.0,692,6
M,26,17500.0,666,2
M,23,14000.0,664,7
M,33,20000.0,713,0
M,42,40000.0,683,10
M,27,12500.0,663,0
M,38,3000.0,674,0
M,26,40000.0,664,1
M,29,18000.0,694,3
M,26,35000.0,668,1
M,29,20000.0,677,0
M,59,15000.0,692,0
M,29,12000.0,709,0
M,26,23000.0,674,0
M,34,45000.0,671,7
M,23,20000.0,681,0
M,39,18000.0,698,0
M,42,15500.0,674,0
M,24,18200.0,667,0
M,45,26000.0,677,0
M,36,47000.0,713,0
M,61,50000.0,672,7
M,25,29000.0,681,0
F,36,40000.0,680,0
M,38,25000.0,683,0
M,24,85000.0,675,0
M,31,25000.0,674,0
F,45,20000.0,681,0
M,25,20000.0,671,0
M,37,20000.0,683,4
M,32,22000.0,683,0
M,25,20000.0,657,0
M,41,21000.0,687,0
M,27,30000.0,667,0
M,23,28000.0,663,3
M,39,30000.0,691,0
M,31,20000.0,668,2
M,28,20000.0,658,11
M,53,24000.0,672,0
M,28,15000.0,738,11
M,49,45000.0,643,0
M,38,15000.0,723,0
M,23,20000.0,686,12
M,24,35000.0,664,0
M,22,15000.0,667,0
M,30,70000.0,678,0
F,35,25000.0,686,1
F,24,37000.0,667,0
M,23,10000.0,660,0
M,49,30000.0,686,0
F,40,12000.0,687,0
M,29,32000.0,678,0
M,36,33000.0,672,0
M,37,64000.0,659,1
M,47,50000.0,694,0
M,26,25000.0,682,13
M,33,30000.0,702,1
M,26,30000.0,687,0
M,33,20000.0,667,9
M,44,16000.0,643,2
M,22,20000.0,678,0
M,51,40000.0,707,0
M,46,25000.0,679,2
M,31,50000.0,679,0
M,29,33200.0,689,0
M,36,20000.0,702,4
M,41,45000.0,660,8
M,28,20000.0,653,8
F,23,28000.0,680,0
M,36,25000.0,680,0
M,58,59000.0,673,1
M,21,40000.0,657,6
M,23,30000.0,681,0
M,38,45000.0,682,0
M,49,40000.0,688,0
M,32,50000.0,696,0
M,53,20000.0,699,6
M,34,19000.0,682,0
F,28,30000.0,653,1
M,39,30000.0,681,0
M,26,16000.0,668,0
M,24,18000.0,672,0
M,28,30000.0,675,0
M,48,40000.0,714,0
M,27,40000.0,654,0
M,27,30000.0,685,0
M,23,20000.0,674,0
F,47,27000.0,711,1
M,32,15000.0,660,0
M,51,15000.0,684,0
F,35,12000.0,669,0
M,26,25000.0,714,0
M,48,45000.0,698,0
F,33,25000.0,681,0
M,26,39500.0,661,0
M,33,45000.0,676,3
M,32,30000.0,683,0
M,31,12000.0,669,0
M,22,25000.0,661,0
M,41,28500.0,657,0
M,24,11500.0,674,0
F,35,19000.0,697,0
M,62,15000.0,727,8
M,51,65000.0,711,0
M,26,48000.0,699,0
M,35,15000.0,684,0
M,32,15000.0,665,7
M,33,27000.0,714,0
M,33,55000.0,661,0
M,39,18000.0,673,0
M,23,18700.0,634,3
M,25,30000.0,662,5
M,32,12000.0,695,0
F,41,20000.0,692,0
M,37,20000.0,709,0
M,30,16000.0,662,0
F,43,35000.0,718,0
M,34,35000.0,682,0
M,24,11000.0,689,0
M,35,30000.0,683,6
M,44,25000.0,696,10
M,43,25000.0,687,1
M,35,30000.0,681,0
F,51,10000.0,680,1
M,36,34000.0,686,0
M,32,40000.0,700,3
M,27,19000.0,559,0
F,41,40000.0,673,3
M,25,18000.0,689,0
M,55,2000.0,722,0
M,25,12000.0,657,7
M,29,35000.0,671,0
M,29,20000.0,692,0
M,29,20000.0,683,0
M,32,20000.0,666,12
M,24,42500.0,624,0
M,39,40000.0,685,0
F,35,18000.0,660,0
M,23,32000.0,690,0
M,34,26000.0,684,4
M,27,30000.0,681,0
M,46,30000.0,689,0
M,41,50000.0,704,0
M,34,30000.0,678,0
M,37,15000.0,667,6
M,35,25000.0,658,0
M,38,20000.0,664,0
M,36,15000.0,671,0
M,39,25000.0,672,0
M,32,15000.0,672,0
M,32,20000.0,689,0
F,26,18000.0,628,0
M,26,50000.0,687,0
M,22,27000.0,677,1
M,54,45000.0,706,18
M,41,30000.0,715,0
M,30,15000.0,678,0
M,32,30000.0,685,0
M,37,35000.0,688,0
M,34,35000.0,687,0
M,24,25000.0,697,0
M,26,18500.0,663,0
M,25,16000.0,666,2
M,44,20000.0,686,0
M,27,16500.0,671,0
M,36,11000.0,661,0
F,35,15000.0,682,2
F,26,16500.0,685,0
M,36,35000.0,703,0
M,32,35000.0,665,17
M,37,40000.0,690,0
M,44,23000.0,664,0
M,34,18000.0,683,0
F,51,30000.0,686,0
M,38,20000.0,719,0
M,27,13000.0,672,10
M,27,20000.0,673,0
M,39,39000.0,624,0
M,26,19000.0,678,0
M,37,24000.0,691,0
M,37,15000.0,670,0
M,32,20000.0,669,0
F,40,27000.0,686,0
M,32,20000.0,673,0
M,59,38500.0,675,3
F,40,30000.0,672,5
F,23,16000.0,651,0
M,42,22000.0,688,0
F,44,40000.0,696,0
M,50,30000.0,711,3
M,33,51000.0,672,0
M,29,13000.0,689,0
M,24,15000.0,664,0
M,26,12000.0,661,0
M,27,45000.0,672,0
M,32,15000.0,656,0
M,31,13000.0,683,1
M,23,60000.0,657,0
M,44,15000.0,665,0
M,35,25000.0,683,3
F,25,19000.0,687,0
M,26,20000.0,676,0
M,24,15000.0,657,4
M,25,18000.0,688,19
M,22,12300.0,677,0
M,45,30000.0,708,0
F,26,13000.0,668,9
M,42,15000.0,694,0
M,32,15000.0,696,0
F,42,23000.0,659,0
M,31,30000.0,670,0
M,34,48000.0,661,9
M,24,30000.0,684,0
M,22,25000.0,690,0
M,27,38500.0,679,0
M,31,20000.0,709,0
M,52,30000.0,689,0
M,25,35000.0,589,1
F,29,18700.0,670,0
M,36,48000.0,693,0
M,39,30000.0,662,0
M,26,15000.0,679,2
M,50,25000.0,676,0
M,29,35000.0,690,0
M,55,50000.0,690,0
M,42,23000.0,718,0
M,35,25000.0,655,0
M,60,20000.0,669,0
M,25,23500.0,667,7
M,28,22000.0,743,0
M,30,32000.0,672,1
M,31,25000.0,704,0
F,21,17500.0,654,0
F,34,12500.0,670,0
M,48,17000.0,675,1
M,32,38000.0,712,0
M,36,24000.0,673,0
M,28,15000.0,697,1
M,30,49000.0,678,5
M,53,32800.0,676,0
M,38,19000.0,671,1
M,27,18000.0,702,0
F,28,30000.0,655,0
M,39,40000.0,712,0
M,40,52000.0,689,0
M,22,25000.0,668,0
M,31,30000.0,657,0
F,36,50000.0,697,0
M,28,28000.0,689,0
M,48,20000.0,688,0
M,34,11000.0,672,1
M,23,14000.0,682,0
M,34,35000.0,688,0
M,21,15600.0,682,0
M,30,10000.0,688,0
F,35,43000.0,657,1
M,29,21000.0,687,0
M,31,18000.0,672,3
F,49,15000.0,689,0
M,44,24000.0,679,0
M,39,35000.0,684,6
M,48,32000.0,682,0
M,54,9000.0,640,0
M,24,20000.0,667,0
M,23,10000.0,671,0
M,40,30000.0,669,0
M,62,50000.0,717,0
M,34,23000.0,671,0
M,24,28500.0,670,0
M,24,10000.0,673,0
M,36,40000.0,685,0
M,32,19.0,695,0
M,26,8000.0,684,0
M,39,17000.0,675,0
M,31,10000.0,682,10
M,28,15500.0,658,0
M,28,20000.0,673,2
F,25,16000.0,680,0
M,23,20000.0,679,0
M,34,20000.0,666,6
M,42,18000.0,696,0
M,25,20000.0,708,0
M,22,23000.0,667,2
M,52,18000.0,645,3
M,30,30000.0,680,0
F,55,43000.0,680,1
M,29,22000.0,686,0
M,33,40000.0,723,0
M,28,30000.0,689,0
M,44,10000.0,672,0
M,38,23000.0,679,0
M,22,23000.0,689,0
M,46,25000.0,705,0
M,60,33000.0,728,2
F,40,18000.0,663,0
M,44,12500.0,675,0
M,32,13000.0,681,0
M,26,23000.0,695,31
F,39,30000.0,659,1
M,26,60000.0,664,0
M,25,70000.0,655,0
M,34,32000.0,717,0
M,26,8500.0,678,0
F,55,25000.0,678,0
F,41,22000.0,662,0
M,58,60000.0,679,0
M,29,15000.0,681,10
M,34,13000.0,651,6
M,36,17000.0,698,0
F,40,16000.0,650,1
M,26,20000.0,665,0
M,21,15000.0,665,1
M,34,24000.0,739,0
M,26,25000.0,671,0
M,35,24000.0,699,0
F,43,19000.0,685,0
M,41,6000.0,687,0
M,27,18000.0,686,0
F,29,22000.0,701,0
M,23,25000.0,674,0
M,40,22000.0,664,10
F,48,23000.0,672,0
M,34,42000.0,654,1
M,46,18000.0,706,0
F,40,36500.0,706,0
F,35,15000.0,673,0
M,36,20000.0,669,1
M,38,35000.0,659,1
M,28,12000.0,715,0
M,40,17845.0,688,13
M,32,50000.0,674,0
M,47,13500.0,674,3
M,33,18000.0,649,1
F,30,16000.0,675,0
M,38,35000.0,741,0
M,41,45000.0,690,0
M,30,20600.0,659,0
F,34,10000.0,665,0
F,23,13000.0,687,2
M,37,25000.0,675,3
M,25,25000.0,689,0
F,39,30000.0,688,0
M,33,25000.0,689,4
F,31,55000.0,644,0
M,44,23000.0,678,0
M,28,15000.0,680,1
M,50,20000.0,712,0
M,40,20000.0,684,8
M,42,45000.0,694,0
M,25,13000.0,680,0
M,34,20000.0,657,0
M,55,140000.0,697,0
M,27,20000.0,688,0
M,32,15000.0,681,0
M,42,18550.0,709,0
M,34,22900.0,713,7
M,35,17500.0,650,4
M,28,13800.0,667,0
M,30,11000.0,662,0
M,32,22000.0,670,0
M,57,50000.0,726,0
M,39,25000.0,665,0
M,37,23000.0,682,1
M,28,14000.0,654,0
M,22,30000.0,657,0
M,22,30000.0,659,0
M,23,18000.0,665,0
M,27,45000.0,704,28
M,31,35000.0,704,0
M,28,18500.0,543,2
M,32,23000.0,684,3
M,37,32500.0,650,5
M,30,16000.0,717,0
M,32,30000.0,716,0
M,25,18000.0,688,0
F,29,25000.0,710,0
M,30,18493.0,667,0
M,39,150000.0,641,0
M,32,14000.0,663,0
M,27,16000.0,666,0
M,31,15000.0,694,0
M,32,21000.0,651,1
M,28,12000.0,672,2
M,26,20000.0,698,0
M,35,36200.0,715,0
F,29,30000.0,658,0
F,27,18000.0,684,0
M,22,20000.0,668,0
F,33,30000.0,683,1
M,26,23000.0,679,0
M,41,16500.0,731,0
M,22,25000.0,691,0
M,35,27000.0,723,10
M,29,30000.0,671,0
M,40,38000.0,703,0
M,35,33000.0,679,0
M,34,15000.0,709,2
M,24,19325.0,657,1
M,45,16000.0,691,1
M,27,15000.0,666,14
M,28,18000.0,680,0
M,46,23000.0,690,0
M,32,30000.0,663,1
M,24,20000.0,668,0
M,39,18000.0,691,0
M,31,30000.0,679,6
M,42,27000.0,734,0
M,47,15000.0,692,0
M,27,55000.0,682,0
M,55,14000.0,692,0
M,29,34000.0,666,0
M,21,20000.0,648,0
F,39,45000.0,686,0
M,31,16000.0,680,0
M,23,12500.0,706,0
M,23,40000.0,691,0
M,33,36000.0,707,0
M,28,25000.0,673,14
M,49,19000.0,664,23
M,35,40000.0,656,1
M,37,20000.0,686,0
M,28,19000.0,695,0
M,26,18000.0,686,0
M,36,20000.0,679,0
M,59,25000.0,709,0
M,29,20000.0,690,0
M,24,17000.0,678,1
M,28,22000.0,663,0
M,33,10000.0,691,0
M,38,25000.0,676,0
F,29,18000.0,676,0
M,29,20000.0,676,0
M,43,20000.0,685,11
M,28,22000.0,655,0
F,50,35000.0,689,0
M,37,20000.0,661,8
M,29,24000.0,641,1
M,29,25000.0,671,0
M,24,20000.0,677,0
M,37,25000.0,706,0
M,34,11500.0,663,0
M,27,18000.0,709,8
M,26,25000.0,669,1
M,25,20000.0,683,0
M,29,7000.0,678,0
M,35,20000.0,672,0
M,33,52000.0,674,3
M,30,22000.0,672,0
M,38,30000.0,668,0
M,33,18000.0,682,1
M,28,200000.0,671,0
F,29,16000.0,683,0
M,26,42500.0,641,4
M,39,20000.0,724,0
M,33,25000.0,662,1
M,29,35000.0,685,6
M,48,30000.0,671,0
M,25,11000.0,666,3
M,32,55000.0,696,0
F,36,25000.0,691,0
M,23,25400.0,669,0
M,32,15000.0,681,12
M,40,14000.0,689,0
M,31,35000.0,660,22
M,30,13500.0,647,3
M,42,35000.0,662,2
M,24,20000.0,658,0
M,26,27000.0,685,2
M,49,12.0,703,0
M,39,15000.0,676,0
F,53,35000.0,690,15
M,28,35000.0,677,0
M,33,25000.0,692,0
M,32,11500.0,665,1
M,28,26000.0,678,0
F,28,23000.0,680,3
M,60,40000.0,678,0
M,25,11000.0,705,0
M,23,35000.0,690,3
F,29,15000.0,675,0
M,44,43000.0,680,0
M,49,50000.0,688,5
F,43,15000.0,671,0
M,47,18500.0,705,2
F,45,45000.0,673,3
M,27,24000.0,687,0
M,27,22000.0,671,0
M,32,11000.0,678,27
M,40,24000.0,702,0
M,48,20000.0,684,0
M,55,30000.0,722,0
M,41,32000.0,691,12
M,31,25000.0,684,0
M,26,25000.0,690,0
F,34,15000.0,672,4
F,41,28000.0,659,0
M,33,16300.0,686,0
F,58,33000.0,685,0
M,25,16000.0,700,4
M,32,40000.0,659,4
M,49,20000.0,729,0
M,38,29500.0,672,0
M,25,28000.0,656,1
M,36,50000.0,712,0
M,45,38000.0,666,0
M,32,20000.0,671,0
M,41,30000.0,676,0
M,33,35000.0,694,0
M,36,15000.0,682,0
M,54,25500.0,688,0
M,42,2100.0,670,0
M,30,18000.0,681,0
F,31,25000.0,650,0
M,32,20000.0,679,0
M,35,34000.0,678,3
F,38,20000.0,691,0
M,21,32000.0,643,1
M,40,24000.0,677,0
M,47,49000.0,687,0
M,32,25000.0,659,0
M,38,18000.0,686,0
M,30,28000.0,673,0
M,31,30000.0,711,0
F,25,15000.0,682,0
M,42,25000.0,633,1
M,21,35000.0,685,0
M,29,15000.0,702,18
M,31,20000.0,683,0
F,44,20000.0,698,0
M,30,25000.0,682,5
M,32,15000.0,665,2
M,24,11000.0,680,0
M,41,25000.0,683,0
M,51,32000.0,692,0
M,35,17120.0,686,0
M,33,150000.0,673,13
M,41,45000.0,638,0
M,24,32000.0,684,0
M,41,12000.0,686,0
M,24,17000.0,640,0
M,33,50000.0,714,8
M,26,17000.0,644,0
F,23,15000.0,663,1
F,32,31000.0,685,0
M,41,40000.0,717,0
M,21,13000.0,661,2
M,37,35000.0,697,0
M,35,49000.0,620,8
M,26,32000.0,676,0
M,28,30000.0,705,0
M,41,28000.0,697,15
M,25,25000.0,653,5
M,32,32000.0,668,0
M,40,38500.0,671,0
M,28,20000.0,616,0
M,37,25000.0,665,0
M,27,16000.0,652,4
M,40,15000.0,694,0
F,32,35000.0,710,0
M,30,25000.0,657,2
F,30,28000.0,668,0
M,26,55000.0,679,0
F,28,25000.0,647,9
M,31,19000.0,685,0
F,50,22500.0,672,0
M,34,25000.0,692,0
M,24,15000.0,684,1
M,30,22000.0,688,0
M,25,32000.0,658,0
M,59,52004.0,725,0
M,40,23000.0,694,0
M,47,16000.0,696,2
M,39,11000.0,686,0
M,58,20000.0,661,1
M,26,35000.0,683,0
M,23,35000.0,689,0
M,33,22000.0,694,0
M,24,15000.0,684,0
M,47,38000.0,692,0
M,35,24000.0,679,0
M,55,20000.0,686,0
F,41,26000.0,695,1
M,39,25000.0,679,0
M,33,150000.0,690,0
M,30,18000.0,671,0
M,28,15000.0,704,0
M,34,15000.0,684,0
M,29,22000.0,672,0
M,38,24000.0,681,0
M,47,50000.0,709,4
M,34,25000.0,676,7
M,52,25000.0,701,0
M,34,24000.0,677,1
M,50,30000.0,715,8
M,31,17000.0,693,0
M,22,35000.0,678,0
M,36,20000.0,681,0
M,40,40000.0,686,14
M,37,26550.0,685,0
M,23,18690.0,665,0
M,21,20000.0,680,0
M,33,28000.0,684,9
M,36,13000.0,678,1
M,31,35000.0,499,0
M,26,15000.0,681,0
M,32,25000.0,687,0
M,24,15500.0,679,1
M,35,23000.0,671,4
M,48,45000.0,682,2
M,30,25000.0,643,0
M,33,16000.0,669,13
M,27,40000.0,627,9
M,31,11500.0,722,0
F,31,25000.0,682,0
M,33,18000.0,662,5
M,32,45000.0,680,0
F,33,13000.0,692,0
M,38,18000.0,700,0
M,31,25000.0,700,2
F,33,29500.0,689,0
M,37,30000.0,678,0
F,45,50000.0,713,0
M,39,30000.0,694,13
M,30,28000.0,647,2
M,22,23000.0,669,0
F,55,20000.0,670,0
M,22,18000.0,676,0
M,24,14000.0,661,29
M,30,40000.0,670,0
M,52,15000.0,680,0
M,38,28000.0,677,1
M,43,18000.0,690,0
F,30,16000.0,669,1
M,43,18000.0,688,0
M,24,15000.0,685,0
M,35,50000.0,690,2
M,36,20000.0,687,0
M,23,22500.0,646,0
M,28,15000.0,687,0
M,46,30000.0,685,0
M,41,30000.0,676,0
M,21,13500.0,644,4
M,33,28900.0,683,0
M,25,11000.0,683,0
M,31,40000.0,633,0
M,42,75000.0,699,0
M,23,18000.0,688,0
M,30,35000.0,677,1
M,51,34000.0,736,0
M,23,18000.0,667,0
F,25,10200.0,701,0
F,33,20000.0,670,0
M,23,20000.0,677,0
M,35,24000.0,668,3
M,41,12500.0,679,15
M,41,25000.0,709,4
M,30,16000.0,670,2
M,30,18000.0,667,0
M,31,45000.0,672,12
M,28,25000.0,673,0
F,30,50000.0,676,0
M,28,28000.0,670,0
M,42,20000.0,681,0
M,23,28000.0,665,1
M,34,16000.0,704,28
M,26,9500.0,680,0
M,41,25000.0,706,7
F,25,45000.0,674,9
M,34,28000.0,682,0
M,28,15000.0,676,3
F,33,16000.0,684,0
M,30,15000.0,715,0
M,42,30000.0,668,0
M,31,40000.0,656,1
F,36,18500.0,670,0
M,23,22000.0,669,0
M,58,75000.0,702,0
M,27,35650.0,489,0
F,56,20000.0,702,0
M,46,18000.0,684,0
M,21,15000.0,683,0
M,30,40000.0,676,0
M,33,30000.0,658,3
M,26,23500.0,664,1
M,37,54500.0,678,0
M,37,30000.0,689,0
M,47,24000.0,688,0
M,32,12000.0,695,0
M,30,40000.0,680,9
M,50,15000.0,683,5
M,33,30000.0,689,0
M,35,21000.0,661,5
M,57,10.0,664,6
M,28,25000.0,667,4
M,31,14000.0,692,0
M,26,22000.0,632,0
M,23,14000.0,692,0
M,21,10000.0,670,0
M,43,33000.0,663,1
M,46,40000.0,681,5
M,25,15000.0,668,4
M,52,30000.0,674,0
M,42,31258.0,683,0
M,35,15000.0,688,0
M,24,14000.0,685,0
M,35,18000.0,699,0
M,25,10000.0,700,0
M,25,20000.0,645,1
M,29,21000.0,668,9
M,23,13000.0,690,0
M,21,15000.0,646,0
M,23,14000.0,667,0
M,29,32000.0,682,0
M,29,25000.0,601,23
M,33,30000.0,712,0
M,43,48000.0,697,0
M,27,19000.0,690,0
M,34,22400.0,694,7
M,30,28000.0,688,0
M,21,70000.0,668,0
M,49,32500.0,684,5
M,43,25000.0,669,2
M,29,23000.0,668,0
M,24,18562.0,664,6
M,34,13500.0,693,0
M,24,17000.0,689,0
M,35,12000.0,697,0
M,25,55000.0,673,0
M,27,27000.0,673,0
M,30,30000.0,641,2
M,41,13750.0,703,0
M,34,20000.0,689,0
M,37,30500.0,657,0
F,33,12000.0,662,1
M,42,11000.0,689,0
M,40,20000.0,709,0
M,39,15000.0,677,1
M,27,13000.0,672,0
M,54,33000.0,706,1
M,26,50000.0,705,0
M,30,12000.0,655,2
M,55,20000.0,689,12
M,27,13000.0,677,0
M,27,13000.0,644,1
F,35,25000.0,702,0
M,24,17000.0,649,0
M,34,21000.0,681,0
M,34,25000.0,734,0
F,43,14500.0,656,5
M,42,32000.0,670,0
F,29,13500.0,694,0
F,37,19500.0,680,0
M,31,15000.0,684,0
M,25,50000.0,658,0
M,37,13000.0,671,0
M,27,25000.0,679,0
M,42,30000.0,680,0
M,27,23000.0,643,0
M,25,15500.0,688,0
M,47,50000.0,729,0
M,41,40000.0,687,3
M,29,26000.0,661,12
M,31,23000.0,664,0
M,26,25000.0,703,0
M,48,39000.0,694,2
M,27,20000.0,676,3
M,35,29500.0,676,27
M,28,45000.0,684,0
M,41,17000.0,692,3
M,37,18000.0,669,0
M,38,60000.0,671,1
M,27,13000.0,650,2
M,30,13500.0,719,0
M,24,40000.0,657,2
M,30,38000.0,693,0
F,51,25000.0,684,0
M,37,20000.0,673,1
M,21,22000.0,627,0
M,36,30000.0,687,0
M,25,16700.0,709,0
M,30,40000.0,660,2
M,32,60000.0,698,1
F,44,18000.0,694,1
M,22,32000.0,676,0
M,45,13500.0,682,9
M,28,25000.0,672,3
M,43,38000.0,702,0
M,37,20000.0,720,0
M,44,280000.0,697,0
M,24,18500.0,647,4
M,24,35000.0,670,0
M,34,45000.0,652,28
M,60,58000.0,669,49
M,41,19000.0,687,0
M,36,20000.0,655,7
M,38,30000.0,671,2
M,21,25000.0,680,0
M,48,25000.0,696,0
M,54,25000.0,685,0
M,23,18000.0,694,0
M,33,14000.0,686,0
M,31,120000.0,684,0
F,29,28750.0,667,0
F,31,20000.0,682,0
F,31,10000.0,660,0
M,31,28000.0,678,0
F,28,15000.0,676,0
M,26,25000.0,618,1
F,39,28000.0,673,9
M,36,20000.0,710,3
M,52,45000.0,708,0
M,25,30000.0,681,0
M,34,35000.0,697,0
F,22,9000.0,680,0
M,47,21500.0,698,0
M,21,30000.0,681,0
M,50,40000.0,734,0
M,22,38000.0,680,0
M,34,20000.0,687,0
M,22,18000.0,641,0
M,61,80000.0,730,0
M,36,75000.0,670,0
M,27,15000.0,677,0
M,24,16000.0,661,2
M,33,27000.0,681,0
M,46,19500.0,662,1
M,32,25000.0,583,27
M,34,14000.0,666,5
M,34,25000.0,718,0
M,24,30000.0,646,10
M,22,12000.0,677,0
M,28,45000.0,675,0
F,33,10000.0,709,0
M,37,12000.0,674,0
M,25,24000.0,624,0
M,26,30000.0,687,0
M,26,41000.0,673,0
M,43,30000.0,705,0
M,29,20000.0,700,0
M,40,16000.0,673,6
F,51,30000.0,686,0
M,28,30000.0,680,1
M,22,20000.0,678,0
F,26,20000.0,717,0
M,37,16000.0,676,0
M,26,25000.0,672,1
M,40,33000.0,669,2
M,25,28000.0,659,2
M,40,50000.0,801,0
M,41,70000.0,675,0
M,36,14500.0,670,3
M,38,25000.0,664,8
F,50,20000.0,676,0
M,37,25000.0,694,0
M,53,35000.0,671,27
M,40,16000.0,690,0
M,40,29000.0,664,0
M,28,20000.0,686,0
M,39,28000.0,681,0
M,50,29385.0,687,0
M,31,28000.0,682,3
M,32,20000.0,706,0
M,32,20000.0,713,0
M,57,25000.0,731,0
M,27,45000.0,655,0
M,36,19500.0,668,3
M,32,30000.0,685,0
M,22,15000.0,678,0
M,24,25000.0,671,0
M,32,20000.0,661,0
M,49,20000.0,712,2
M,35,20000.0,666,2
F,46,19000.0,674,0
M,23,15000.0,697,0
M,39,40000.0,670,0
F,23,18000.0,662,1
M,30,25000.0,673,0
M,26,45000.0,645,11
M,36,28000.0,681,0
M,37,15000.0,676,0
M,24,18000.0,683,0
M,29,25000.0,676,0
M,60,30000.0,691,0
F,46,42000.0,686,0
M,43,20000.0,723,0
M,31,35000.0,698,0
M,25,30000.0,690,2
M,32,30000.0,701,3
M,35,20000.0,671,0
M,32,9000.0,678,0
M,38,20000.0,631,0
M,51,25000.0,702,0
F,39,12000.0,674,0
M,25,20000.0,676,0
M,35,25000.0,586,0
M,28,42000.0,686,0
F,34,50000.0,609,5
M,28,32500.0,653,3
M,27,34000.0,670,2
F,28,25000.0,666,0
M,26,35120.0,632,0
M,35,51000.0,706,0
M,27,18000.0,676,0
M,29,27000.0,680,0
M,22,60000.0,658,0
M,35,75000.0,727,0
M,27,25000.0,670,0
M,31,20000.0,671,2
M,29,30000.0,680,0
M,24,20000.0,675,0
M,43,45000.0,682,0
M,27,13000.0,672,0
M,23,18000.0,696,0
M,28,16500.0,670,0
M,26,20000.0,681,0
M,30,31000.0,697,0
F,39,18500.0,695,0
M,27,50000.0,678,3
F,42,25000.0,692,0
M,38,17000.0,684,0
M,39,34000.0,690,0
M,23,20000.0,695,0
M,28,30000.0,625,1
M,23,18000.0,678,0
M,36,38000.0,656,14
M,28,35000.0,686,0
M,44,26000.0,694,0
M,22,25000.0,651,0
M,37,15000.0,654,0
M,36,25000.0,673,0
M,49,25000.0,697,0
M,38,50000.0,683,13
M,26,40000.0,685,0
M,52,20000.0,671,0
M,23,20000.0,706,0
M,28,55000.0,680,0
F,25,15000.0,688,0
M,31,12000.0,658,14
F,24,22000.0,694,0
M,37,25000.0,712,0
M,41,50750.0,718,0
F,32,15000.0,687,0
M,34,23000.0,687,0
M,48,45000.0,698,0
F,42,37500.0,656,1
M,39,30000.0,690,0
M,24,15200.0,668,2
F,27,39000.0,654,0
M,31,28000.0,686,0
F,32,15000.0,690,0
M,48,50000.0,649,1
M,28,15000.0,663,3
M,36,65000.0,677,0
M,35,14000.0,666,0
M,34,25000.0,670,16
M,28,18000.0,683,10
F,36,16000.0,681,0
M,27,35000.0,693,0
M,34,36500.0,683,7
M,27,30000.0,677,0
M,22,26000.0,661,0
M,45,20000.0,665,3
M,25,25000.0,639,0
M,25,7000.0,650,0
M,40,18500.0,676,0
M,33,28000.0,700,3
F,40,10000.0,662,0
M,30,45000.0,690,3
M,27,30000.0,653,3
M,21,23000.0,649,0
M,22,22500.0,655,3
M,30,20000.0,680,0
M,33,14000.0,666,3
M,25,23000.0,661,2
M,29,35000.0,677,0
M,25,20000.0,673,1
M,26,14000.0,701,0
M,39,20000.0,694,0
M,43,25000.0,656,3
M,23,15000.0,681,0
M,57,49000.0,688,0
M,39,24000.0,680,0
M,48,20000.0,676,2
F,40,30000.0,667,0
M,32,23000.0,697,12
M,26,39000.0,689,15
F,24,15500.0,688,0
M,31,20000.0,684,1
M,34,60000.0,665,2
M,23,11857.0,682,0
M,32,12000.0,704,0
M,26,31000.0,667,0
M,31,18000.0,676,0
M,25,55000.0,711,0
F,26,12000.0,701,0
M,46,28000.0,718,0
M,49,55000.0,692,0
M,38,30000.0,681,0
F,31,20000.0,682,0
M,24,15000.0,677,0
M,33,78000.0,705,0
M,23,20000.0,684,0
M,49,20000.0,739,14
F,36,25000.0,690,6
M,29,24000.0,692,8
M,28,30000.0,682,0
M,47,25000.0,684,0
M,33,13700.0,699,0
M,27,50000.0,672,1
F,32,20000.0,648,0
M,31,16000.0,681,0
M,38,21500.0,682,0
M,33,33000.0,682,0
M,33,10000.0,667,0
F,31,28000.0,657,4
M,32,30000.0,662,3
M,36,22000.0,703,0
F,44,18000.0,682,0
M,30,16000.0,685,2
M,22,20000.0,665,0
M,27,30000.0,662,1
M,27,18000.0,674,0
M,42,13500.0,655,1
F,30,25000.0,685,0
M,29,25000.0,707,5
M,21,12000.0,688,0
M,38,24000.0,707,0
M,43,35000.0,682,3
M,24,18000.0,657,0
M,40,50000.0,469,0
M,31,29500.0,668,15
F,33,44000.0,681,0
M,34,22500.0,679,0
M,22,10500.0,662,1
M,38,25000.0,721,0
M,59,20000.0,687,1
M,31,15000.0,666,1
M,45,19300.0,673,0
M,29,34500.0,692,0
M,23,30000.0,661,7
M,21,30000.0,679,0
F,29,18500.0,679,3
M,30,25000.0,641,1
F,25,37500.0,666,0
F,26,15800.0,654,3
M,47,15000.0,678,0
M,31,22000.0,701,0
F,50,35000.0,678,0
M,45,45000.0,680,1
F,45,50000.0,683,0
M,30,28000.0,701,4
M,23,18000.0,653,8
F,36,15000.0,682,0
M,42,36000.0,688,15
M,34,19000.0,648,4
M,56,40000.0,691,4
M,29,24000.0,650,3
F,36,13500.0,650,1
M,40,25000.0,667,1
M,35,16000.0,683,0
F,32,22500.0,634,2
M,32,25000.0,674,0
M,28,25000.0,702,0
M,23,25000.0,681,0
M,44,35000.0,707,0
M,33,18000.0,718,0
M,31,26200.0,686,3
M,26,20000.0,688,0
F,43,50000.0,687,0
M,33,16000.0,758,0
M,29,23000.0,691,1
M,38,18000.0,703,0
M,47,24000.0,712,0
M,38,25000.0,666,5
M,54,40000.0,689,0
M,47,20000.0,676,1
M,32,28000.0,658,10
M,31,30000.0,668,13
F,39,79000.0,668,0
M,21,27000.0,648,0
M,25,24000.0,720,1
M,51,25000.0,756,0
M,30,35000.0,671,3
M,22,20000.0,686,0
M,34,28000.0,712,0
M,28,17000.0,685,0
M,21,21000.0,675,0
M,22,25000.0,673,7
M,28,30000.0,664,0
M,30,24000.0,688,0
M,29,20000.0,683,0
M,24,18000.0,676,1
M,34,10000.0,669,0
M,28,25000.0,685,0
M,32,30000.0,677,0
M,24,15500.0,671,0
M,33,25000.0,683,0
M,43,15000.0,702,0
M,31,30000.0,694,0
M,35,15000.0,665,0
F,33,54790.0,683,0
F,37,35000.0,634,0
M,35,18000.0,697,0
M,32,13500.0,683,0
M,44,13000.0,675,0
M,27,20000.0,658,0
F,31,19000.0,650,0
M,50,22000.0,669,1
M,27,25000.0,720,0
M,62,16000.0,717,2
M,38,15000.0,687,0
M,47,15000.0,650,1
M,25,18000.0,681,0
M,46,18000.0,714,0
M,30,26000.0,673,0
M,40,32000.0,658,1
M,41,25000.0,704,0
M,27,19000.0,660,0
M,30,33000.0,686,8
M,21,11000.0,682,0
M,24,18000.0,653,0
M,30,20000.0,664,0
M,44,37500.0,670,0
M,39,15000.0,662,1
M,32,30000.0,689,0
M,29,30000.0,682,0
M,29,13000.0,679,0
M,24,60000.0,677,0
M,23,13500.0,647,3
M,29,28000.0,644,3
M,32,40000.0,688,14
M,47,30000.0,664,0
M,29,15000.0,684,0
M,37,20000.0,660,3
M,47,30000.0,690,0
M,49,27000.0,667,0
M,40,45000.0,651,0
M,30,23500.0,694,0
M,27,15000.0,682,0
M,30,25000.0,698,0
M,31,20000.0,667,0
M,45,50000.0,721,0
M,27,10000.0,678,0
M,36,25000.0,685,2
M,24,18000.0,654,2
M,37,22000.0,672,0
M,35,27000.0,710,0
M,29,25000.0,623,0
M,32,25000.0,663,0
M,23,20000.0,659,0
F,38,20000.0,680,0
M,26,20000.0,667,3
M,43,40000.0,656,0
M,29,240000.0,683,0
M,24,22000.0,668,19
M,26,38000.0,632,4
F,29,8.0,655,0
F,31,30000.0,689,0
F,28,15000.0,674,1
M,36,14000.0,694,0
M,24,21000.0,689,0
M,33,25000.0,698,0
M,21,17000.0,673,0
M,32,11000.0,660,0
M,33,30000.0,689,0
M,31,22000.0,688,0
M,35,20000.0,681,0
M,44,37000.0,694,0
M,40,55000.0,682,0
M,55,135000.0,720,14
M,21,24000.0,668,2
F,43,30000.0,657,1
F,47,32733.0,713,0
M,52,17000.0,677,2
M,44,30000.0,698,0
M,31,18000.0,709,0
M,53,22000.0,701,0
F,33,12000.0,673,0
M,39,30000.0,677,0
M,34,50000.0,632,0
M,27,24000.0,669,0
M,51,48567.0,695,3
M,29,27000.0,620,1
M,38,45000.0,685,0
M,32,35000.0,630,0
M,28,14000.0,673,0
M,36,13500.0,664,0
M,21,15000.0,656,0
M,38,20000.0,678,0
M,39,80000.0,696,0
M,23,14500.0,690,1
M,41,25000.0,691,1
M,37,40000.0,683,0
M,47,25000.0,687,0
F,39,25000.0,698,0
F,62,17000.0,658,13
F,44,30000.0,681,0
M,44,60000.0,688,0
M,32,12000.0,671,0
F,43,35000.0,688,0
F,41,10500.0,663,0
M,29,40000.0,672,1
F,53,21900.0,660,0
M,49,33000.0,690,1
M,31,35000.0,693,0
M,23,16000.0,673,1
M,37,65000.0,650,6
M,25,11500.0,651,0
M,28,19000.0,630,0
M,22,25000.0,628,0
M,29,28000.0,655,0
M,26,16000.0,689,0
F,42,9000.0,684,0
M,26,21000.0,682,0
M,28,47000.0,705,0
M,48,42000.0,702,0
F,32,23000.0,687,0
M,22,14000.0,670,0
M,31,25000.0,669,0
M,31,80000.0,663,0
M,24,20500.0,672,0
M,38,12000.0,693,0
M,32,20000.0,673,0
M,36,34000.0,723,0
M,37,19000.0,689,0
M,55,20000.0,691,0
M,52,22500.0,698,0
M,21,30000.0,655,0
F,43,22000.0,701,0
M,52,25000.0,682,21
M,30,17000.0,684,0
F,39,20000.0,669,0
M,50,21500.0,686,0
M,29,36000.0,653,1
M,35,13000.0,670,6
M,42,23000.0,668,0
F,39,28000.0,684,0
F,53,45000.0,694,0
M,29,20000.0,694,0
M,25,13000.0,667,2
F,26,12000.0,685,0
M,48,35000.0,700,0
M,24,33000.0,679,2
M,29,16500.0,695,0
F,36,10000.0,654,15
M,23,13500.0,657,0
M,33,18000.0,670,0
M,32,35000.0,687,0
F,25,12000.0,681,3
M,43,28000.0,689,7
F,39,23000.0,670,5
M,24,12000.0,663,0
M,35,25000.0,676,0
M,39,18500.0,680,0
F,24,20000.0,679,0
M,42,45000.0,686,0
M,23,18000.0,664,0
M,48,25000.0,673,0
M,31,25800.0,702,3
M,36,25000.0,679,11
F,47,42000.0,672,0
M,36,25000.0,652,6
M,35,16000.0,684,0
M,24,12500.0,670,0
M,48,22000.0,666,5
M,45,30000.0,713,2
M,44,16000.0,678,0
M,49,20000.0,679,1
M,39,29000.0,702,0
M,26,40000.0,665,4
M,34,21500.0,669,3
M,24,12.0,685,0
M,22,25000.0,655,0
M,31,40000.0,677,6
M,34,26000.0,686,0
F,28,42000.0,681,0
M,31,30000.0,646,0
F,32,45000.0,677,3
M,31,15000.0,689,28
M,46,30000.0,682,0
M,21,15000.0,691,0
F,23,15000.0,684,0
M,31,40000.0,665,0
M,31,25000.0,655,7
M,28,25000.0,678,0
F,28,18000.0,686,0
M,37,18000.0,672,0
M,24,10000.0,694,0
M,34,29000.0,689,0
M,31,20000.0,689,0
M,36,15000.0,671,0
M,31,15000.0,684,0
M,25,30000.0,691,0
M,30,21000.0,679,1
M,34,40000.0,673,0
M,22,26000.0,665,0
M,22,18000.0,665,0
M,26,25000.0,659,0
M,38,25000.0,675,1
M,35,55000.0,690,7
M,37,22000.0,663,0
M,28,8000.0,670,0
M,27,35000.0,662,0
M,30,45000.0,691,0
M,43,20000.0,687,0
M,55,29000.0,676,7
M,36,20000.0,693,1
M,26,34000.0,679,0
M,24,18000.0,666,0
M,33,30000.0,708,0
M,27,14568.0,640,0
M,52,80000.0,741,0
M,28,22000.0,668,0
M,28,24000.0,692,0
M,32,35000.0,659,0
M,46,35000.0,711,0
M,49,50000.0,691,0
M,38,46500.0,692,0
M,29,28000.0,682,1
M,32,16000.0,677,0
M,34,47500.0,649,0
M,44,20000.0,701,0
M,41,15000.0,692,1
M,28,25000.0,675,7
M,31,25000.0,681,0
M,28,18000.0,671,0
F,25,26000.0,684,1
M,45,17000.0,682,0
M,36,20000.0,670,18
M,39,45000.0,708,13
M,44,30000.0,684,0
M,34,20000.0,677,0
M,33,20000.0,692,0
M,26,15000.0,663,3
M,41,15000.0,661,2
F,54,13000.0,703,0
M,40,35000.0,674,0
M,28,26000.0,727,0
F,40,34500.0,695,0
M,23,25000.0,701,0
F,34,20000.0,660,2
M,24,23000.0,680,0
M,37,35000.0,710,0
M,25,37000.0,651,2
F,41,30000.0,683,0
M,25,35000.0,670,0
M,26,35000.0,707,0
M,34,35000.0,653,6
M,45,18570.0,669,9
M,21,25000.0,655,1
M,41,50000.0,695,0
M,24,19000.0,643,1
M,37,50000.0,644,0
M,29,16000.0,675,0
M,26,20000.0,655,3
F,49,35000.0,673,0
M,31,15000.0,677,0
M,33,25000.0,667,0
M,22,30000.0,681,0
M,38,10000.0,657,0
M,24,23000.0,653,0
M,26,20000.0,685,0
F,22,29000.0,677,0
M,25,20000.0,667,0
M,27,20000.0,649,0
M,42,26000.0,695,0
M,29,35000.0,656,1
M,27,20000.0,650,0
M,30,23000.0,688,0
M,58,48000.0,714,0
M,28,25000.0,653,3
M,54,40000.0,692,0
F,53,15000.0,664,0
M,28,16000.0,687,0
M,23,17000.0,690,0
M,36,40000.0,684,0
M,21,38000.0,686,0
M,45,13000.0,671,0
M,32,15000.0,663,2
M,33,11400.0,692,0
M,28,25000.0,662,0
M,32,44500.0,691,4
M,30,50000.0,680,0
M,22,35000.0,657,0
M,51,48500.0,713,0
M,22,10000.0,659,2
M,38,30000.0,681,1
M,28,18500.0,708,0
M,23,25000.0,698,0
F,45,30000.0,703,0
M,31,15500.0,654,8
M,47,50000.0,716,12
M,25,31000.0,690,0
F,34,13000.0,672,0
M,29,32000.0,669,0
M,41,30000.0,700,0
M,37,10000.0,679,0
M,37,51000.0,670,0
M,31,23000.0,654,2
M,38,2000.0,685,0
M,31,35000.0,676,1
F,40,9000.0,691,0
M,29,46000.0,677,0
M,25,25000.0,666,0
M,44,20000.0,681,12
M,43,42000.0,705,4
F,29,23000.0,675,0
M,36,20000.0,708,0
F,36,18000.0,688,1
M,31,33000.0,665,0
M,23,18000.0,666,0
M,37,33000.0,745,7
M,32,35000.0,679,0
M,29,22000.0,670,5
M,24,50000.0,676,0
F,51,15000.0,683,0
M,39,18900.0,696,0
M,38,14000.0,671,1
M,21,16500.0,697,0
M,29,22300.0,687,0
M,32,20000.0,734,0
M,25,20000.0,685,0
M,28,30000.0,662,2
M,56,25000.0,673,1
M,22,11700.0,684,0
F,35,47000.0,649,0
M,57,30000.0,676,0
M,32,28000.0,689,0
M,25,25000.0,687,0
M,52,30000.0,677,0
M,40,28000.0,669,0
M,21,25000.0,681,0
M,35,52600.0,702,3
M,43,16000.0,686,0
M,53,13000.0,691,0
M,25,20000.0,668,0
M,28,22000.0,683,0
M,51,22000.0,675,3
M,52,43500.0,685,0
M,35,18000.0,658,0
M,56,35000.0,705,0
M,37,25000.0,725,1
M,32,18000.0,679,2
M,39,12000.0,686,0
M,27,20000.0,686,0
F,35,21000.0,705,2
M,42,35000.0,685,0
M,48,23000.0,690,0
M,39,20000.0,679,0
M,33,24000.0,675,1
M,28,12000.0,685,0
M,32,22000.0,682,13
M,26,25000.0,695,0
M,22,20000.0,678,0
M,28,27000.0,650,0
M,25,20000.0,677,0
M,31,17000.0,669,1
M,22,12000.0,721,0
M,22,18500.0,678,3
M,28,8000.0,697,0
M,37,15000.0,690,0
M,29,10000.0,689,0
F,36,60000.0,669,0
F,37,25000.0,694,0
M,32,20000.0,697,0
M,24,16500.0,697,0
M,34,60000.0,659,0
F,36,15000.0,691,0
F,33,13000.0,678,0
M,31,25000.0,640,3
M,22,25000.0,626,0
M,52,50000.0,719,0
F,27,16000.0,676,0
M,41,21500.0,688,0
M,28,17000.0,696,4
M,35,25000.0,690,0
F,35,19000.0,694,0
F,33,22000.0,694,0
M,34,11800.0,725,0
F,31,17000.0,675,0
M,30,18000.0,667,0
M,34,25000.0,683,0
M,23,18000.0,683,0
F,33,10000.0,684,0
M,27,68000.0,701,0
M,37,52000.0,720,0
M,42,40000.0,714,0
M,22,35000.0,687,1
M,21,26000.0,675,0
M,32,30000.0,709,0
M,32,25000.0,664,0
M,32,30000.0,654,0
M,30,23000.0,681,0
M,32,28500.0,634,0
M,29,30000.0,676,0
M,28,20000.0,664,3
M,57,20000.0,693,0
M,22,18000.0,673,13
F,24,20000.0,647,0
M,37,15000.0,667,1
M,32,15000.0,655,11
F,46,17000.0,672,0
M,36,20700.0,687,0
M,35,25000.0,675,0
M,36,33000.0,676,1
M,25,18000.0,655,0
M,32,40000.0,675,0
F,49,16000.0,669,3
M,26,17500.0,691,0
F,28,18000.0,644,0
M,37,38000.0,662,0
M,35,21000.0,686,0
M,29,14000.0,675,0
M,55,18000.0,696,0
M,35,25500.0,645,10
M,51,25000.0,651,14
M,24,20000.0,648,2
M,41,20000.0,712,0
M,44,25000.0,673,0
M,41,25000.0,691,0
M,38,40000.0,682,4
M,30,30000.0,727,0
M,22,35000.0,677,0
M,33,18000.0,677,0
M,33,18100.0,708,1
M,27,38000.0,676,0
M,33,18000.0,697,1
F,25,35000.0,685,0
M,35,30000.0,677,7
M,31,14213.0,681,0
F,24,67450.0,688,1
M,51,35000.0,668,0
M,30,13000.0,662,1
M,38,18000.0,699,0
M,31,20000.0,695,0
M,38,13000.0,679,0
M,31,15000.0,693,2
M,24,30000.0,678,0
F,38,45000.0,685,0
M,44,15000.0,691,0
M,30,22000.0,689,0
M,31,38500.0,664,5
F,40,10000.0,671,0
M,27,19000.0,662,0
M,29,24000.0,678,7
M,28,17000.0,674,0
M,35,21000.0,666,0
M,56,18000.0,680,1
M,25,14000.0,685,0
M,45,20000.0,678,1
M,22,15000.0,678,0
M,32,34000.0,685,9
M,27,20000.0,702,9
M,28,36000.0,672,3
F,42,20000.0,671,0
M,35,25000.0,667,1
M,42,27000.0,697,0
M,34,20000.0,680,0
M,27,30000.0,686,26
M,21,22000.0,671,0
M,30,35000.0,651,0
M,38,20000.0,666,20
M,43,40000.0,701,0
M,30,45000.0,661,0
M,27,40000.0,659,0
M,50,24000.0,698,0
F,43,15000.0,692,0
M,32,25000.0,673,0
M,31,25000.0,724,0
M,33,43500.0,676,0
M,42,40000.0,729,0
M,26,45000.0,687,0
M,33,18000.0,676,0
M,24,15000.0,635,0
M,28,21000.0,643,0
M,23,43000.0,653,0
M,31,40000.0,694,0
M,26,32000.0,667,4
M,31,28000.0,671,0
M,24,23000.0,687,0
F,31,25000.0,709,0
M,42,30000.0,709,0
M,38,20000.0,679,0
M,24,25000.0,683,0
M,24,19000.0,697,0
M,33,23000.0,695,0
F,40,15000.0,668,2
M,31,18000.0,682,0
M,30,20000.0,681,0
M,39,35000.0,691,0
M,32,14500.0,689,0
F,41,21000.0,639,1
M,39,20000.0,705,0
M,45,31000.0,687,0
M,21,25000.0,662,0
M,40,21000.0,669,3
M,24,18000.0,672,2
M,32,45000.0,683,0
M,46,18000.0,672,0
F,28,9000.0,673,0
M,35,33450.0,677,0
M,24,35000.0,661,9
M,42,13000.0,662,0
M,36,17500.0,696,0
F,40,10000.0,684,0
M,25,23500.0,679,0
M,45,52000.0,678,0
F,33,23500.0,699,0
M,33,22000.0,655,1
M,39,23000.0,626,6
M,44,14500.0,675,22
M,57,15000.0,684,0
M,34,14500.0,695,0
M,37,18000.0,662,5
F,37,16000.0,689,0
M,33,50000.0,711,0
M,44,30000.0,700,0
M,27,28000.0,679,9
F,43,15500.0,672,0
M,23,13500.0,688,0
M,26,20000.0,643,5
M,45,30000.0,724,4
M,22,16200.0,690,0
M,29,30000.0,737,0
M,49,75000.0,594,0
M,44,15000.0,690,0
M,37,47000.0,664,10
M,23,18000.0,686,0
M,41,45000.0,667,1
M,53,38327.0,688,7
M,27,11500.0,672,1
M,24,15000.0,695,0
M,28,17500.0,690,0
F,22,28000.0,665,5
F,33,25000.0,689,0
M,48,25000.0,689,4
M,24,35000.0,686,0
M,26,20000.0,704,0
F,32,15000.0,690,0
M,52,30000.0,687,0
M,30,35000.0,630,0
M,32,21000.0,679,0
M,47,23000.0,700,0
M,35,12000.0,664,0
M,36,19000.0,650,0
M,51,8000.0,689,0
M,29,25000.0,671,0
M,31,17500.0,664,7
M,36,45000.0,724,0
M,33,55000.0,694,0
M,25,19500.0,656,3
M,42,19000.0,693,5
M,34,55000.0,678,3
F,28,13300.0,666,0
M,49,38000.0,710,0
M,53,22500.0,689,3
M,32,32000.0,693,0
M,25,22000.0,671,0
M,23,10.0,690,0
M,21,20000.0,686,0
M,27,22000.0,672,4
M,30,39545.0,683,0
M,37,24500.0,665,6
M,34,30000.0,665,0
M,33,20000.0,650,2
M,27,22000.0,664,0
M,47,37000.0,682,0
M,33,25000.0,695,4
M,45,20000.0,697,0
M,21,13000.0,692,0
M,26,35000.0,672,0
M,27,250000.0,615,0
M,44,20000.0,669,0
M,21,14000.0,688,0
M,28,29000.0,674,2
M,34,23000.0,684,1
M,36,14800.0,685,0
M,24,28000.0,682,0
M,35,20000.0,664,2
M,36,25000.0,682,0
M,49,47000.0,718,0
M,44,24000.0,680,0
M,22,12000.0,668,0
M,29,30000.0,680,11
M,29,35000.0,696,0
M,23,25000.0,659,1
M,31,15000.0,672,0
M,23,12000.0,673,2
M,37,15000.0,672,0
M,32,18000.0,678,0
M,36,20000.0,671,0
F,48,32000.0,696,0
M,34,35000.0,651,0
M,29,17000.0,657,0
F,38,18000.0,678,0
F,26,18000.0,685,0
M,38,40000.0,657,0
M,29,18000.0,678,0
M,44,25000.0,670,0
M,30,30000.0,703,0
M,30,28000.0,661,0
M,22,23500.0,678,0
M,43,30000.0,685,0
F,32,15000.0,681,0
M,24,23000.0,672,1
M,23,30000.0,679,0
M,24,20000.0,684,0
M,23,8000.0,691,0
M,37,48000.0,652,7
M,21,18000.0,649,0
F,28,40000.0,700,0
M,32,18000.0,685,0
M,28,23000.0,663,0
F,27,8000.0,684,0
M,28,40000.0,692,1
M,46,30000.0,692,4
F,40,30000.0,670,2
M,42,20000.0,673,0
M,42,24000.0,693,0
M,43,20000.0,688,8
M,24,45000.0,690,0
M,34,23000.0,666,0
M,27,10000.0,682,1
M,56,25000.0,666,3
F,48,29000.0,711,0
M,44,19000.0,687,0
M,29,50000.0,665,2
M,40,45000.0,683,15
M,47,32000.0,656,0
M,29,15000.0,673,0
M,26,42500.0,665,0
M,31,14000.0,656,0
M,35,26500.0,697,2
M,24,47000.0,680,0
M,25,40000.0,606,0
M,28,14000.0,688,0
M,29,18000.0,698,5
M,30,30000.0,689,0
M,43,9000.0,677,0
M,35,24000.0,677,0
M,31,16000.0,664,1
M,48,48000.0,719,0
M,32,45000.0,666,4
M,25,15000.0,673,0
F,39,30000.0,674,0
M,25,25000.0,696,0
M,25,20000.0,650,2
M,31,30000.0,674,1
M,48,35000.0,707,0
M,26,19500.0,682,4
M,39,30000.0,691,0
M,31,55000.0,681,0
M,42,22000.0,668,0
M,40,30000.0,698,0
M,33,20000.0,691,0
M,39,30000.0,697,2
M,41,33500.0,667,11
F,45,20000.0,668,0
M,28,19000.0,667,0
M,23,18000.0,698,0
M,28,11000.0,685,0
F,28,13000.0,684,0
M,43,20000.0,687,3
M,36,18000.0,683,0
M,42,26000.0,678,0
M,34,65000.0,668,6
F,28,32000.0,673,0
M,42,20500.0,687,0
M,43,40000.0,689,1
M,41,14000.0,669,1
M,38,21000.0,699,0
F,31,18000.0,689,0
M,27,25000.0,656,0
M,33,35000.0,653,0
M,31,20000.0,652,0
M,29,23000.0,665,1
M,31,20000.0,683,0
M,43,28000.0,676,0
M,29,32000.0,688,0
M,32,20000.0,697,0
F,28,15000.0,662,2
M,42,35000.0,690,2
M,39,27412.0,682,0
M,30,28000.0,676,2
F,34,18000.0,678,0
M,49,30000.0,698,11
M,36,30000.0,717,0
M,26,29500.0,690,0
F,49,20000.0,679,0
M,26,28000.0,611,0
M,45,25000.0,732,0
M,31,10000.0,681,0
M,36,17000.0,706,0
M,27,40000.0,693,0
M,30,18000.0,672,7
F,28,70000.0,676,0
M,23,37800.0,677,0
M,33,18000.0,670,0
F,29,20000.0,690,0
M,39,25000.0,678,0
M,28,17000.0,657,4
M,27,15000.0,691,0
F,35,18000.0,686,0
M,40,25040.0,678,0
M,23,19000.0,661,1
M,44,31000.0,679,0
M,27,15000.0,681,0
M,36,30000.0,683,0
F,38,16500.0,694,0
M,25,15000.0,683,0
F,36,25000.0,670,0
F,46,35000.0,690,2
M,24,18500.0,699,0
M,23,18000.0,679,0
M,29,45000.0,675,1
M,32,25000.0,695,0
M,21,20000.0,673,1
F,40,15000.0,686,0
M,28,35000.0,674,0
M,25,36000.0,660,2
M,39,18000.0,692,0
M,33,65000.0,665,4
M,24,40000.0,691,0
M,24,38000.0,674,0
M,23,16500.0,652,0
F,27,30000.0,688,0
M,29,30000.0,670,0
M,25,50000.0,627,4
M,28,40000.0,660,3
M,36,17900.0,709,0
M,28,28000.0,685,0
M,50,25000.0,696,0
M,31,13000.0,678,0
M,34,35000.0,688,0
M,33,15000.0,661,1
M,41,25900.0,697,0
M,44,20000.0,716,27
F,37,20000.0,682,4
F,23,22000.0,667,2
M,28,15500.0,644,0
M,33,50000.0,684,0
M,30,20000.0,708,0
M,32,16500.0,649,3
M,34,43000.0,690,1
M,29,30000.0,643,4
M,21,19000.0,681,0
M,32,18000.0,672,0
M,38,45000.0,698,0
M,33,30000.0,686,0
M,55,25000.0,672,0
M,37,45000.0,657,5
M,39,32000.0,677,8
M,27,40000.0,660,0
M,22,25000.0,650,0
M,23,18000.0,651,0
M,41,24500.0,669,0
F,29,16750.0,726,2
M,33,19000.0,670,0
M,31,25000.0,690,0
F,34,3500.0,676,1
M,47,36000.0,712,0
M,49,25000.0,683,0
M,31,11500.0,665,0
F,36,50000.0,681,0
M,29,30000.0,684,0
M,24,10000.0,664,0
M,27,20000.0,672,3
M,43,26000.0,662,10
M,33,15000.0,689,0
M,33,43000.0,676,0
M,46,32000.0,672,0
M,25,35000.0,681,0
M,27,40000.0,657,16
M,26,20000.0,687,0
M,34,30000.0,650,2
M,35,50000.0,681,0
M,34,32000.0,667,1
M,25,30000.0,663,0
M,25,21750.0,693,0
M,30,15000.0,683,1
M,51,12000.0,700,0
F,27,13000.0,694,0
M,49,28000.0,686,0
M,40,25000.0,713,0
F,46,25000.0,670,1
F,44,14500.0,682,0
M,36,25000.0,673,0
M,33,18000.0,675,0
M,29,33000.0,673,0
F,27,2300.0,691,1
M,34,35000.0,671,1
M,27,20000.0,669,1
M,23,14000.0,668,0
M,46,89000.0,710,0
M,29,15000.0,676,0
M,45,35000.0,659,2
M,55,19500.0,735,0
F,34,22000.0,669,0
M,36,23000.0,683,0
M,25,25000.0,731,0
M,40,28000.0,667,2
M,27,15000.0,666,0
M,51,30000.0,701,22
M,27,15000.0,671,7
M,26,25000.0,702,0
F,51,15000.0,683,0
M,27,12000.0,687,0
M,41,38000.0,671,11
M,43,25000.0,670,0
M,31,20000.0,670,0
F,54,25000.0,705,0
F,30,30000.0,683,0
M,30,16000.0,686,0
M,31,14500.0,715,0
M,36,15000.0,672,0
M,32,42000.0,691,0
M,28,32000.0,735,0
M,36,22500.0,712,0
M,43,16500.0,658,3
F,46,22500.0,719,0
M,31,20000.0,656,0
M,22,25000.0,676,0
M,34,25000.0,679,0
M,32,25000.0,651,12
M,34,30000.0,677,0
M,23,18000.0,667,0
M,28,19000.0,615,0
M,30,40000.0,675,4
M,31,20000.0,688,0
M,27,25000.0,696,0
M,25,14500.0,680,2
F,49,18500.0,690,0
F,35,15000.0,659,0
M,23,20000.0,684,0
M,41,25000.0,696,0
M,26,15700.0,681,0
F,46,30000.0,689,0
M,28,17726.0,671,0
M,38,40000.0,658,10
M,38,20000.0,695,0
M,27,16480.0,699,0
M,35,37000.0,656,0
M,27,24000.0,680,0
M,31,15000.0,678,0
M,25,60000.0,700,15
M,24,25000.0,629,2
F,30,40000.0,649,2
M,41,24000.0,672,2
M,23,15000.0,678,0
F,31,27000.0,672,0
M,32,17000.0,687,0
M,25,10000.0,690,0
M,42,41000.0,677,0
M,28,16000.0,693,0
M,34,19000.0,696,0
M,28,20000.0,731,0
M,26,40000.0,695,0
M,40,25000.0,696,0
M,34,19500.0,687,14
F,23,18000.0,650,1
M,52,21000.0,695,0
M,26,20000.0,682,0
M,22,28500.0,681,0
F,41,15000.0,669,2
M,42,20000.0,671,0
M,22,12000.0,691,0
M,35,15000.0,687,0
M,25,40000.0,684,0
M,23,18100.0,682,0
M,21,30000.0,690,0
M,50,24000.0,654,0
F,34,25000.0,691,1
M,52,20000.0,710,0
M,33,32000.0,693,0
M,26,17500.0,687,2
M,28,20000.0,666,5
M,25,50000.0,699,0
M,40,22000.0,693,0
F,45,32000.0,683,0
M,46,30000.0,720,0
M,38,18000.0,677,6
M,21,25000.0,692,0
M,41,20000.0,713,0
M,27,30000.0,671,0
F,44,150000.0,674,0
M,40,30000.0,712,0
F,42,20000.0,675,0
M,36,18000.0,693,0
M,33,16000.0,679,0
M,31,39000.0,673,0
M,31,20000.0,703,0
F,38,23000.0,678,0
M,36,20000.0,691,7
F,40,20000.0,624,33
M,53,19000.0,689,0
M,42,520000.0,652,26
M,28,45000.0,705,0
M,34,45000.0,712,0
M,21,25800.0,672,1
M,22,12000.0,694,0
M,28,26000.0,674,0
M,41,40000.0,662,15
M,21,13500.0,675,0
F,45,12000.0,698,0
M,31,45000.0,680,0
F,24,10000.0,672,2
M,32,20000.0,700,0
M,24,24000.0,672,0
M,32,15000.0,677,0
M,30,20000.0,659,1
M,38,30000.0,686,0
M,32,26000.0,711,0
M,25,20000.0,686,0
M,21,13500.0,692,0
M,25,20000.0,692,0
M,23,10000.0,685,0
F,40,30000.0,669,15
F,48,35000.0,661,0
M,53,45000.0,692,2
M,22,28000.0,688,0
M,25,23000.0,676,0
M,51,36000.0,706,0
M,21,20000.0,657,0
M,33,16500.0,700,0
M,25,15000.0,697,0
M,29,13000.0,685,0
M,39,18000.0,673,0
M,27,12000.0,665,0
M,44,15000.0,713,0
M,31,15000.0,680,0
F,38,25000.0,688,0
M,34,20000.0,689,0
M,40,45000.0,673,1
M,37,60000.0,670,9
M,39,21000.0,678,0
M,30,30000.0,701,7
M,37,25000.0,638,13
M,25,45000.0,672,0
M,41,31500.0,735,1
M,43,25000.0,683,0
M,27,30000.0,634,3
M,43,16000.0,682,0
M,30,38000.0,694,5
M,26,14200.0,662,0
M,38,30000.0,676,2
F,31,13000.0,691,0
M,38,20000.0,687,0
M,25,30800.0,649,2
M,30,37000.0,701,0
M,23,38000.0,643,0
M,36,15000.0,673,0
M,38,35000.0,683,0
M,50,25000.0,682,0
M,27,25000.0,677,0
M,27,12000.0,667,0
M,23,26000.0,688,0
M,30,45000.0,632,0
M,36,20000.0,706,0
M,31,20500.0,691,0
M,37,35000.0,667,10
M,33,40000.0,669,7
M,35,55000.0,679,3
M,31,13000.0,679,4
M,41,25000.0,671,0
M,32,20000.0,649,0
M,26,20000.0,716,2
F,31,25000.0,682,0
M,27,25000.0,678,0
M,32,38000.0,651,19
F,34,30000.0,703,2
M,30,23000.0,652,0
M,32,29000.0,681,0
M,34,21000.0,666,0
M,22,18000.0,664,4
M,25,6700.0,676,4
M,36,19000.0,659,0
F,32,45000.0,688,0
M,41,18000.0,677,0
F,23,65000.0,643,1
M,39,20000.0,689,0
M,25,25000.0,662,0
M,23,35000.0,666,0
M,38,12000.0,681,0
M,26,14000.0,699,0
M,28,45000.0,688,0
M,31,25000.0,667,1
M,22,20000.0,668,0
M,30,20000.0,648,0
M,33,25000.0,692,0
F,37,11500.0,681,0
M,50,40000.0,706,4
M,24,13890.0,660,2
F,33,40000.0,701,0
M,31,20000.0,662,8
M,31,30000.0,698,0
M,22,20000.0,675,0
M,35,18000.0,705,0
M,38,47900.0,680,2
M,56,55000.0,736,17
M,29,20000.0,663,21
M,34,17000.0,682,0
M,36,41000.0,658,1
M,46,20000.0,711,0
M,28,35000.0,663,0
M,43,35000.0,671,0
M,22,17000.0,683,0
M,52,28000.0,616,39
M,21,12000.0,695,0
M,29,25000.0,636,1
F,31,15000.0,660,0
F,37,22000.0,690,0
M,29,30000.0,692,0
M,43,32000.0,730,9
M,26,36000.0,686,0
M,23,30000.0,682,0
M,27,25000.0,656,18
M,27,19000.0,684,3
M,21,9500.0,683,0
M,26,15000.0,652,0
M,30,17746.0,652,6
M,44,50000.0,673,24
M,28,30000.0,627,0
M,37,24000.0,697,0
M,31,25000.0,665,1
M,38,30000.0,683,1
M,36,30000.0,707,0
M,51,48500.0,693,0
M,26,19500.0,695,0
M,24,32000.0,693,0
M,33,22000.0,671,0
M,31,27000.0,690,0
M,34,20000.0,690,0
M,25,20000.0,693,0
M,46,20000.0,706,0
M,24,10500.0,672,0
M,32,25000.0,692,9
F,38,20000.0,716,0
M,45,19000.0,693,0
M,27,16800.0,649,0
M,32,45000.0,667,3
M,37,35000.0,705,3
M,34,24000.0,673,0
M,43,15000.0,687,0
M,42,31000.0,691,23
M,27,25000.0,687,4
M,42,30000.0,662,13
M,28,24000.0,668,10
M,37,30000.0,686,0
M,27,21600.0,660,0
M,32,30000.0,682,4
M,33,25000.0,662,0
M,45,10000.0,680,0
M,43,20000.0,667,0
M,45,25000.0,705,6
M,55,20000.0,659,3
M,24,32000.0,690,0
M,34,22500.0,700,0
M,49,25000.0,701,0
M,47,26000.0,678,0
M,24,41500.0,693,0
M,55,65000.0,688,4
M,42,22000.0,696,0
M,25,20500.0,657,0
M,24,12000.0,672,0
M,23,10000.0,693,0
M,32,18000.0,686,0
M,28,28000.0,671,0
M,28,15000.0,687,0
M,37,35000.0,694,0
F,39,22000.0,704,0
M,31,30000.0,684,6
M,63,16000.0,721,1
M,33,24200.0,679,0
M,49,28000.0,683,0
M,42,22000.0,673,0
M,33,30000.0,635,0
M,57,48000.0,651,1
M,29,20000.0,670,0
M,32,35000.0,669,0
M,42,48000.0,654,0
M,36,13000.0,694,0
M,30,30000.0,682,0
M,25,15000.0,670,0
M,24,30000.0,684,0
M,31,30000.0,709,0
M,26,18000.0,689,0
F,39,10000.0,701,0
M,56,18000.0,679,0
M,36,16000.0,695,0
M,31,15000.0,655,0
M,28,23000.0,685,0
M,27,12900.0,660,1
M,32,40000.0,687,3
M,31,18000.0,688,0
M,45,5000.0,697,0
F,42,32000.0,681,0
M,33,10000.0,697,0
F,36,15000.0,691,0
F,31,15000.0,685,13
M,26,14000.0,669,1
M,28,27000.0,655,1
M,27,23000.0,682,0
M,25,12600.0,676,0
M,38,50000.0,667,0
M,26,21000.0,688,0
M,26,17500.0,671,0
M,40,20000.0,679,0
M,32,28000.0,685,0
M,33,22000.0,672,0
M,25,15000.0,690,0
M,46,25000.0,679,0
M,26,35000.0,655,0
M,42,60000.0,696,0
M,44,40000.0,688,17
M,30,30000.0,674,0
M,35,14000.0,683,0
M,32,22000.0,688,0
M,45,35000.0,678,3
F,32,20000.0,671,0
M,30,70000.0,689,0
M,46,35000.0,670,0
M,24,10000.0,685,0
M,24,11000.0,674,0
M,43,60000.0,649,0
M,48,15000.0,668,1
M,26,32000.0,691,0
M,34,16000.0,700,0
M,30,20000.0,665,14
M,28,32500.0,692,3
M,35,15000.0,683,0
M,50,22000.0,684,5
M,35,20000.0,688,1
M,31,23000.0,676,2
M,52,15000.0,703,1
M,23,28900.0,698,0
M,21,20000.0,654,8
M,24,35000.0,686,0
M,50,25000.0,652,18
M,34,26000.0,675,0
M,38,22000.0,659,0
M,24,25000.0,664,0
M,37,35000.0,722,2
F,27,40000.0,677,0
M,52,45000.0,622,0
M,54,18000.0,683,0
M,45,20000.0,733,0
M,41,22000.0,689,0
M,27,15000.0,673,12
M,57,30000.0,673,5
M,34,30000.0,681,0
M,27,35000.0,680,3
M,23,27000.0,659,3
F,54,20000.0,696,0
M,23,26000.0,653,2
M,51,26000.0,711,0
M,23,20000.0,635,7
M,41,12000.0,693,0
F,21,17500.0,666,0
M,23,20000.0,679,0
F,40,28000.0,671,0
M,31,16000.0,679,0
M,35,30000.0,701,0
M,30,16000.0,680,0
M,27,16000.0,678,0
M,22,16000.0,682,0
F,25,26000.0,680,0
M,32,140000.0,672,0
M,32,20000.0,689,0
M,28,17000.0,672,0
F,46,35000.0,696,20
M,45,17000.0,674,0
M,26,15000.0,638,6
M,41,35000.0,679,14
M,29,18000.0,677,0
F,62,38000.0,754,0
M,21,20000.0,699,0
M,27,18000.0,666,0
M,29,35000.0,683,0
M,34,17000.0,690,0
M,29,22000.0,665,0
M,28,25000.0,657,10
M,29,23000.0,666,4
M,24,15000.0,658,0
F,38,11500.0,654,2
M,33,23000.0,673,14
M,25,55000.0,680,0
M,31,50000.0,680,1
M,26,15000.0,660,0
M,34,20000.0,650,0
M,28,18400.0,678,1
F,40,18000.0,696,0
M,33,35000.0,673,0
M,26,24000.0,641,1
M,30,28000.0,706,19
M,32,21000.0,684,0
M,38,10000.0,715,0
M,38,25000.0,666,3
M,28,15000.0,659,3
M,38,16000.0,687,0
M,23,28000.0,676,0
F,33,25000.0,661,3
M,28,22000.0,706,0
M,27,20000.0,615,0
M,32,21000.0,678,0
M,24,20000.0,698,0
M,47,45000.0,688,0
M,36,35000.0,661,9
M,32,55000.0,663,0
M,26,19000.0,686,0
F,34,33000.0,691,0
M,38,10.0,680,0
M,29,17000.0,691,0
M,40,22000.0,674,0
M,30,20000.0,665,9
M,33,30000.0,683,0
M,32,50000.0,730,0
M,25,30000.0,683,0
F,27,12000.0,689,0
M,24,55000.0,682,0
M,41,35000.0,677,0
F,64,21000.0,680,0
M,28,12000.0,671,0
M,24,18000.0,672,1
M,24,45000.0,682,0
M,33,33000.0,679,0
M,42,24000.0,683,9
M,48,18000.0,688,0
M,48,43200.0,693,0
M,30,25000.0,675,0
M,51,42000.0,663,0
M,34,24000.0,702,0
M,40,18000.0,664,0
F,48,40000.0,716,0
M,32,23000.0,705,0
M,24,15000.0,690,0
M,37,35000.0,656,1
M,30,21000.0,653,0
M,36,20000.0,682,10
M,26,13000.0,674,1
M,26,25000.0,675,0
M,34,32000.0,664,10
M,32,18000.0,657,16
F,43,18000.0,664,0
M,32,19000.0,661,3
M,57,50000.0,694,0
M,30,30000.0,653,36
M,34,25000.0,682,5
M,23,38000.0,674,0
M,24,19000.0,674,0
M,23,28000.0,684,0
M,57,17500.0,698,0
M,26,30000.0,695,0
M,43,17000.0,653,2
M,23,35000.0,682,0
M,34,28000.0,689,0
M,33,22000.0,630,0
M,22,33000.0,692,0
M,34,21000.0,673,0
M,30,15000.0,720,0
M,43,37000.0,676,0
M,28,25000.0,695,0
M,29,20000.0,680,1
M,45,38000.0,684,0
M,23,20000.0,674,0
F,43,42500.0,687,0
M,32,18500.0,652,0
M,32,35000.0,690,0
M,22,15000.0,681,0
M,23,12000.0,680,1
M,45,20000.0,667,10
M,38,25500.0,671,0
M,37,27000.0,677,0
F,48,18000.0,697,0
M,60,13000.0,714,9
M,23,12000.0,674,0
M,34,35000.0,683,0
M,35,28000.0,683,0
M,30,45000.0,677,4
M,32,18500.0,678,0
M,23,23000.0,672,0
M,34,32500.0,693,0
M,44,25000.0,687,0
F,30,12000.0,679,0
F,24,22000.0,691,0
M,22,16500.0,662,0
M,47,19500.0,724,1
M,27,24000.0,695,0
M,33,35000.0,698,0
F,28,16000.0,695,7
M,29,18000.0,712,0
M,27,24630.0,654,1
M,25,20000.0,680,0
M,46,17000.0,714,0
F,42,25000.0,680,0
M,27,25000.0,665,0
M,43,19000.0,687,3
M,58,25000.0,713,0
M,35,15000.0,682,0
M,40,30000.0,683,0
M,34,40000.0,673,0
M,31,28000.0,690,0
M,28,35000.0,686,0
M,27,19000.0,673,0
F,29,8000.0,671,2
M,33,13000.0,699,0
F,22,15000.0,660,2
M,28,13000.0,691,0
M,40,20000.0,711,0
M,24,15000.0,674,0
F,23,18000.0,652,0
M,27,17200.0,684,0
F,32,25000.0,679,0
M,26,20000.0,676,0
M,32,18000.0,702,0
F,34,19000.0,685,0
M,28,25000.0,669,0
M,28,28000.0,655,0
M,54,18000.0,687,0
M,21,35000.0,672,0
M,44,15000.0,752,8
F,32,18000.0,692,0
M,36,30000.0,669,14
M,28,18000.0,679,13
M,49,47000.0,776,6
F,40,16000.0,692,0
M,21,18000.0,688,0
M,31,40000.0,683,0
M,32,30000.0,687,0
M,30,11500.0,683,1
M,43,30000.0,682,0
M,37,10000.0,679,0
M,29,16500.0,678,15
F,38,35000.0,666,1
M,30,36000.0,670,31
M,43,35000.0,658,0
M,35,25000.0,652,0
M,40,43000.0,687,0
M,24,20000.0,681,0
M,28,20000.0,680,0
M,22,14000.0,694,0
M,25,14500.0,645,3
M,26,24000.0,681,0
F,35,20000.0,666,0
M,31,25000.0,697,0
M,28,55000.0,682,4
M,22,26000.0,674,0
M,24,50000.0,670,1
M,36,15000.0,677,0
F,37,18500.0,682,0
M,30,12000.0,680,0
M,29,15000.0,676,0
M,36,28000.0,691,7
M,39,15000.0,687,0
M,39,32000.0,712,1
M,32,36000.0,683,0
M,60,35000.0,691,0
M,37,70000.0,685,0
M,24,25000.0,670,0
M,29,44000.0,666,1
M,39,29000.0,671,0
F,41,35000.0,682,0
M,37,35000.0,686,24
F,55,35000.0,672,0
M,30,12000.0,668,0
M,36,40000.0,679,0
M,35,40000.0,677,0
M,29,25000.0,660,0
M,21,22000.0,676,0
M,37,13000.0,693,0
M,25,20000.0,691,0
M,43,22000.0,660,1
M,35,38000.0,667,0
F,23,8000.0,685,0
M,46,5000.0,687,3
M,46,15000.0,657,8
M,35,10500.0,697,0
M,59,50000.0,665,0
M,24,17300.0,670,0
M,35,15000.0,698,13
M,34,30000.0,675,1
F,38,22000.0,677,0
M,40,35000.0,651,2
M,28,60000.0,656,4
M,34,20000.0,692,3
M,48,30000.0,687,18
M,29,15000.0,656,20
M,25,30000.0,693,0
M,29,18000.0,705,2
M,30,32000.0,679,15
M,29,14000.0,670,1
M,34,25000.0,671,0
M,25,23000.0,673,0
M,24,15000.0,657,0
M,26,26000.0,681,0
M,23,15000.0,675,6
M,26,11500.0,659,0
M,41,18200.0,729,1
M,35,30000.0,699,0
M,24,12500.0,668,1
M,45,31000.0,684,0
M,42,48000.0,678,0
M,53,28000.0,665,2
M,45,25000.0,697,0
M,47,16000.0,705,0
M,27,30000.0,692,0
M,59,34000.0,742,10
M,29,35000.0,684,3
M,41,18000.0,679,0
M,28,14500.0,703,0
M,24,24000.0,677,0
M,37,15000.0,680,0
M,44,15000.0,695,0
M,42,20000.0,700,0
M,55,18000.0,738,0
M,42,38000.0,696,0
M,35,24600.0,690,0
M,44,35000.0,682,0
M,28,15000.0,674,0
M,48,22500.0,721,0
M,34,22000.0,697,24
M,31,23790.0,672,0
F,46,20000.0,676,33
M,55,20000.0,707,0
M,29,23500.0,693,0
M,27,23000.0,676,0
M,31,11000.0,662,0
F,25,16100.0,674,1
M,28,3200.0,684,0
M,43,29000.0,668,3
M,30,16500.0,688,0
M,29,32000.0,672,1
M,30,50000.0,697,4
M,43,19000.0,701,0
M,36,22000.0,685,0
M,30,44400.0,697,1
M,34,30000.0,663,2
M,53,23000.0,664,0
M,27,20000.0,680,0
M,37,25000.0,675,7
M,24,13000.0,669,0
M,39,20000.0,706,0
M,33,18000.0,683,0
M,27,300000.0,683,0
M,23,12000.0,670,0
M,21,12000.0,666,0
M,25,50000.0,680,0
M,21,16000.0,659,0
M,42,28000.0,664,0
M,40,22000.0,678,0
M,27,60000.0,674,0
F,53,26000.0,693,0
M,26,25000.0,685,1
M,28,24000.0,684,2
M,23,22900.0,680,1
M,39,25000.0,671,0
M,42,15000.0,695,0
M,30,24000.0,654,1
M,42,57000.0,692,0
M,26,25000.0,676,11
F,36,40000.0,673,2
M,23,12500.0,677,0
M,24,25000.0,671,0
M,32,20000.0,692,0
M,43,20000.0,669,0
M,42,25000.0,694,0
M,40,15000.0,688,7
M,36,28000.0,677,0
F,30,17000.0,671,0
M,36,30000.0,678,0
M,48,11000.0,667,0
M,33,10500.0,640,1
M,34,12000.0,680,0
M,36,67000.0,696,0
M,32,27000.0,689,21
F,25,20000.0,673,0
M,36,23000.0,676,0
M,38,43000.0,695,0
F,32,28500.0,673,1
M,35,10000.0,685,0
F,41,16000.0,696,5
M,29,15000.0,701,0
M,35,19000.0,683,0
M,50,18000.0,674,0
M,27,35000.0,647,3
M,35,18000.0,695,0
M,31,40000.0,656,0
M,27,30000.0,708,0
M,49,14000.0,704,0
M,23,23000.0,633,0
M,26,18000.0,647,4
M,29,28000.0,672,0
M,38,17000.0,672,0
M,27,50000.0,687,0
F,39,25000.0,674,3
M,34,30000.0,693,0
M,22,25000.0,654,2
M,38,45000.0,726,0
M,28,48000.0,700,0
M,36,25000.0,686,0
M,28,10000.0,691,0
M,22,15000.0,668,0
M,32,13500.0,670,7
M,43,40000.0,722,6
M,26,45000.0,670,3
M,24,20000.0,643,0
M,24,18065.0,690,0
M,29,19000.0,691,0
M,27,30000.0,713,0
M,24,25000.0,656,1
M,38,60000.0,693,0
M,27,26000.0,660,0
M,38,24000.0,663,1
M,33,35000.0,680,2
M,26,25000.0,684,0
M,31,8500.0,681,0
M,50,11000.0,673,0
M,40,30000.0,707,0
M,38,21500.0,678,0
M,27,15000.0,663,1
M,40,26000.0,655,1
M,39,31000.0,673,0
M,52,20000.0,665,4
M,39,15000.0,699,0
M,26,8000.0,678,0
M,38,35000.0,678,0
M,23,23000.0,675,0
F,41,66000.0,690,2
F,31,40000.0,683,0
M,57,15000.0,682,0
M,38,20000.0,693,0
F,33,23000.0,676,0
M,33,18000.0,669,0
M,36,35000.0,661,4
M,50,20000.0,671,0
M,37,17000.0,664,2
M,30,10000.0,681,0
M,26,45000.0,596,0
M,37,33000.0,706,2
M,30,55000.0,683,7
M,24,19000.0,676,0
M,35,15000.0,657,6
M,25,22000.0,655,0
F,25,20000.0,704,0
M,27,15000.0,674,12
M,40,50000.0,670,15
M,49,35000.0,693,12
M,29,10000.0,688,0
M,25,100000.0,665,0
M,30,28000.0,692,0
M,36,21000.0,719,0
M,38,25000.0,673,5
M,28,22000.0,698,0
M,33,15500.0,679,1
M,24,15000.0,674,7
M,23,17500.0,663,1
M,26,23700.0,672,0
F,28,15000.0,684,0
M,29,18000.0,671,4
M,50,45000.0,695,0
F,29,45000.0,671,0
M,34,18000.0,666,1
M,41,20000.0,670,0
M,35,24000.0,662,0
M,31,22000.0,694,0
M,44,35000.0,676,0
M,29,24000.0,625,3
M,28,15000.0,672,0
M,28,22000.0,681,0
M,37,28000.0,657,1
M,32,13000.0,657,0
M,22,25000.0,654,1
M,28,80000.0,706,8
M,34,25000.0,713,0
M,29,16500.0,634,2
M,39,17000.0,671,1
F,36,40000.0,696,0
M,28,34000.0,679,0
M,34,30000.0,645,0
M,23,20000.0,661,0
M,23,18000.0,684,0
M,35,20000.0,679,0
M,42,46800.0,728,0
M,41,25000.0,699,0
M,24,15500.0,681,0
M,27,18000.0,678,3
M,34,17500.0,661,0
M,36,22000.0,686,0
M,24,34000.0,667,0
M,44,50000.0,641,0
F,32,12000.0,716,1
M,36,20000.0,671,1
M,31,20000.0,667,0
M,36,18200.0,668,2
F,31,22000.0,696,0
M,31,32000.0,715,47
F,58,48000.0,679,2
M,21,45000.0,513,0
M,38,15000.0,677,18
M,24,30000.0,672,1
M,25,15000.0,660,0
F,36,14890.0,679,0
M,47,20000.0,692,1
M,35,22000.0,773,2
M,28,11000.0,700,0
M,32,15000.0,679,0
M,34,12800.0,688,0
M,24,15000.0,644,0
M,28,35000.0,684,0
M,42,50000.0,684,0
F,23,17500.0,653,0
M,29,35200.0,697,0
M,48,25000.0,670,0
M,23,22000.0,658,0
M,23,16700.0,687,0
M,43,20000.0,714,0
M,34,30000.0,702,0
M,24,13272.0,684,0
M,29,16500.0,674,0
M,30,25000.0,682,0
F,25,12000.0,688,0
M,27,20000.0,683,0
M,35,24000.0,658,5
F,46,10500.0,684,0
M,31,27000.0,683,0
M,32,30000.0,670,6
M,31,32850.0,695,7
F,34,20000.0,672,0
M,25,16000.0,631,0
M,23,12000.0,698,0
M,25,20000.0,677,0
M,29,30000.0,667,2
M,22,13000.0,690,0
M,41,19000.0,713,0
M,22,22000.0,683,0
M,21,25000.0,683,0
M,24,16500.0,676,0
F,44,15000.0,664,0
M,33,19000.0,667,11
M,49,60000.0,694,0
M,33,67900.0,664,0
M,22,10000.0,672,0
M,32,23400.0,687,0
F,38,25000.0,697,0
M,40,23000.0,716,0
F,35,22000.0,667,3
M,34,29530.0,710,0
M,31,20000.0,721,0
M,53,50000.0,700,2
M,33,25000.0,693,0
M,27,18500.0,680,0
F,30,10000.0,680,3
M,26,19000.0,670,0
M,37,20000.0,733,0
M,30,18000.0,674,0
M,31,19000.0,675,3
F,42,26700.0,674,0
M,52,26000.0,707,0
M,25,15000.0,667,0
M,32,12500.0,685,0
M,26,11000.0,668,0
M,27,25000.0,682,0
M,53,20000.0,687,7
M,41,45000.0,666,15
M,26,31900.0,655,1
M,30,23000.0,674,2
M,42,11685.0,696,0
F,45,27000.0,652,0
M,27,28470.0,669,1
M,50,40000.0,736,1
M,35,35000.0,681,0
F,29,22000.0,665,0
M,23,25000.0,662,0
M,23,40000.0,680,0
M,35,34000.0,681,2
M,37,29500.0,691,0
M,32,50000.0,683,0
M,36,20000.0,677,0
F,49,23000.0,703,2
M,29,19000.0,677,0
M,41,20000.0,681,0
M,22,16000.0,681,2
M,38,22000.0,678,0
M,33,13000.0,644,0
F,23,25000.0,680,3
M,56,14000.0,718,0
M,41,20000.0,690,0
M,43,21000.0,678,0
F,48,40000.0,737,0
F,29,15000.0,688,0
M,35,40000.0,689,0
M,25,18000.0,696,0
M,48,20000.0,688,0
M,35,20000.0,698,0
M,50,11200.0,673,0
M,28,30000.0,682,0
M,25,22000.0,686,0
M,51,30000.0,677,11
M,27,30000.0,676,6
M,34,20000.0,674,28
M,48,18000.0,691,4
F,31,16000.0,679,0
M,30,15000.0,676,0
M,29,28000.0,672,0
M,42,80000.0,674,1
M,41,12.0,686,0
M,42,25000.0,677,0
M,34,32000.0,688,0
M,39,28000.0,678,0
M,24,22000.0,676,0
M,49,20000.0,731,0
M,30,30000.0,718,0
M,55,14000.0,713,0
M,29,26000.0,680,1
M,26,15000.0,669,1
M,27,18000.0,672,0
M,35,42000.0,661,0
M,32,40000.0,670,1
M,43,18500.0,650,2
M,31,25000.0,702,0
M,28,18000.0,661,0
F,25,12802.0,686,0
M,25,16000.0,681,0
